rho_sg,rho_gfm,rho_gfl,grid_forming_fraction,S_total,P_load,Sr_sg,Pset_sg,Sr_gfm,Pset_gfm,Sr_gfl,Pset_gfl,status,message,equilibrium_valid,capacity_feasible,locally_stable,nfev,max_differential_residual,max_kcl_residual,active_power_balance,reactive_balance_residual,min_bus_voltage_pu,max_bus_voltage_pu,rotational_eigenvalue_abs,critical_eigenvalue_real,critical_eigenvalue_imag,critical_mode_frequency_hz,critical_damping_ratio,max_nontrivial_real_part,loading_sg,current_sg,loading_gfm,current_gfm,loading_gfl,current_gfl,gfm_current_margin,gfl_current_margin,Hsys_sg,Xsys_sg,Hsys_gfm,Xsys_gfm
0.0,0.0,1.0,0.0,2.0,1.5,0.0,0.0,0.0,0.0,2.0,1.5,no_voltage_forming_reference,no_voltage_forming_reference,False,False,False,,,,,,,,,,,,,,,,,,,,,,,,,
0.0,0.025,0.975,0.025,2.0,1.5,0.0,0.0,0.05,0.037500000000000006,1.95,1.4625,ok,`xtol` termination condition is satisfied.,True,True,True,4,7.449248135539113e-13,2.9893669801409083e-16,0.0,9.020562075079397e-16,1.0030562204054334,1.0232378655605623,1.1614149642014127e-08,-7.883185299239408,0.0,0.0,1.0,-7.883185299239408,nan,nan,0.7565299003700384,0.03771124115377355,0.7730823048033112,1.4732747341602674,0.11228875884622647,2.4267252658397327,0.0,nan,0.125,2.9999999999999996
0.0,0.05,0.95,0.05,2.0,1.5,0.0,0.0,0.1,0.07500000000000001,1.9,1.4249999999999998,ok,`gtol` termination condition is satisfied.,True,True,True,4,3.1390816482077685e-13,1.1295700899707568e-15,4.440892098500626e-16,1.4988010832439613e-15,1.003082967150702,1.0219047271332844,4.424437705097262e-09,-7.883185292049687,0.0,0.0,1.0,-7.883185292049687,nan,nan,0.756513657281463,0.07541885188524045,0.7730823048033113,1.437371156161324,0.2245811481147596,2.3626288438386758,0.0,nan,0.25,1.4999999999999998
0.0,0.075,0.925,0.075,2.0,1.5,0.0,0.0,0.15,0.11249999999999999,1.85,1.3875000000000002,ok,`gtol` termination condition is satisfied.,True,True,True,4,1.162622832669544e-14,8.920730087951354e-16,2.220446049250313e-16,5.100087019371813e-16,1.002294159865452,1.0197154992982111,4.424439481454101e-09,-7.8831852914683775,0.0,0.0,1.0,-7.8831852914683775,nan,nan,0.757000794037122,0.11329021324519269,0.7730823048033114,1.4025502847317908,0.3367097867548073,2.2974497152682094,0.0,nan,0.375,1.0
0.0,0.1,0.9,0.1,2.0,1.5,0.0,0.0,0.2,0.15000000000000002,1.8,1.35,ok,`gtol` termination condition is satisfied.,True,True,True,4,7.847704120519421e-14,4.47545209131181e-16,-2.220446049250313e-16,8.534839501805891e-16,1.0013255374445758,1.0172945455862392,6.636658334002732e-09,-7.883185280988586,0.0,0.0,1.0,-7.883185280988586,nan,nan,0.7576218209030356,0.15132377884549275,0.7730823048033113,1.367891093767783,0.44867622115450734,2.232108906232217,0.0,nan,0.5,0.7499999999999999
0.0,0.125,0.875,0.125,2.0,1.5,0.0,0.0,0.25,0.1875,1.75,1.3125,ok,`gtol` termination condition is satisfied.,True,True,True,4,5.684341886080802e-14,4.47545209131181e-16,0.0,4.336808689942018e-18,1.000282209927331,1.014744155051867,1.3273318000273093e-09,-7.883185285949125,0.0,0.0,1.0,-7.883185285949125,nan,nan,0.7583187207557031,0.18952619401548534,0.7730823048033113,1.3332365864542908,0.5604738059845147,2.1667634135457092,0.0,nan,0.625,0.6
0.0,0.15,0.85,0.15,2.0,1.5,0.0,0.0,0.3,0.22499999999999998,1.7,1.275,ok,`gtol` termination condition is satisfied.,True,True,True,4,2.90655708167386e-14,8.95090418262362e-16,-2.220446049250313e-16,1.803245053277891e-15,0.9991963512977903,1.0120947898102834,0.0,-7.883185287043932,0.0,0.0,1.0,-7.883185287043932,nan,nan,0.759074606316528,0.22790553788470583,0.7730823048033113,1.2985344173266444,0.6720944621152941,2.1014655826733555,0.0,nan,0.75,0.5
0.0,0.175,0.825,0.175,2.0,1.5,0.0,0.0,0.35,0.26249999999999996,1.65,1.2374999999999998,ok,`gtol` termination condition is satisfied.,True,True,True,4,9.965338565738948e-15,3.7470027081099033e-16,-2.220446049250313e-16,6.678685382510707e-16,0.9980808263211668,1.0093578354856028,3.1603164529769856e-09,-7.883185290038155,0.0,0.0,1.0,-7.883185290038155,nan,nan,0.7598833542697297,0.2664705773125672,0.7730823048033113,1.2637597471186006,0.7835294226874326,2.036240252881399,0.0,nan,0.875,0.4285714285714286
0.0,0.2,0.8,0.2,2.0,1.5,0.0,0.0,0.4,0.30000000000000004,1.6,1.2000000000000002,ok,`gtol` termination condition is satisfied.,True,True,True,4,5.2318027470129476e-14,6.753223014464259e-16,0.0,1.6536251534748914e-15,0.9969415484000899,1.0065377523527623,1.6591670259913371e-09,-7.883185289284409,0.0,0.0,1.0,-7.883185289284409,nan,nan,0.7607427286539292,0.3052306245535792,0.7730823048033115,1.2288974604221201,0.894769375446421,1.97110253957788,0.0,nan,1.0,0.37499999999999994
0.0,0.225,0.775,0.225,2.0,1.5,0.0,0.0,0.45,0.3375,1.55,1.1625,ok,`gtol` termination condition is satisfied.,True,True,True,4,3.875409442231813e-14,7.850462293418876e-16,-2.220446049250313e-16,1.2104033053628172e-15,0.9957814068410236,1.003635932086829,3.932839831577439e-09,-7.883185283498643,0.0,0.0,1.0,-7.883185283498643,nan,nan,0.761652220848017,0.34419552024867905,0.7730823048033114,1.1939365004136422,1.005804479751321,1.906063499586358,0.0,nan,1.125,0.3333333333333333
0.0,0.25,0.75,0.25,2.0,1.5,0.0,0.0,0.5,0.375,1.5,1.125,ok,`gtol` termination condition is satisfied.,True,True,True,4,5.684341886080802e-14,3.3766115072321297e-16,-2.220446049250313e-16,1.4854653965223896e-15,0.9946017867388205,1.0006521854427897,3.539553983245014e-09,-7.8831852837369025,0.0,0.0,1.0,-7.8831852837369025,nan,nan,0.762612223308614,0.3833756552002222,0.7730823048033112,1.1588676605866124,1.116624344799778,1.8411323394133876,0.0,nan,1.25,0.3
0.0,0.275,0.725,0.275,2.0,1.5,0.0,0.0,0.55,0.41250000000000003,1.45,1.0875,ok,`gtol` termination condition is satisfied.,True,True,True,4,5.684341886080802e-14,4.041272810440265e-16,0.0,1.026414196692027e-15,0.9934032418889777,0.9975853958416356,0.0,-7.883185287149626,0.0,0.0,1.0,-7.883185287149626,nan,nan,0.7636236698891927,0.422782009086693,0.7730823048033114,1.123682590620796,1.2272179909133072,1.776317409379204,0.0,nan,1.375,0.2727272727272727
0.0,0.3,0.7,0.3,2.0,1.5,0.0,0.0,0.6,0.44999999999999996,1.4,1.0499999999999998,ok,`gtol` termination condition is satisfied.,True,True,True,4,4.069179914343404e-14,4.041272810440265e-16,2.220446049250313e-16,2.3930510351100054e-15,0.9921858229613015,0.9944338328231964,1.1061089821851056e-09,-7.883185288150044,0.0,0.0,1.0,-7.883185288150044,nan,nan,0.7646878656996364,0.4624261996108737,0.7730823048033112,1.088373294432214,1.337573800389126,1.7116267055677858,0.0,nan,1.5,0.25
0.0,0.325,0.675,0.325,2.0,1.5,0.0,0.0,0.65,0.48750000000000004,1.35,1.0125000000000002,ok,`gtol` termination condition is satisfied.,True,True,True,4,5.365951535397895e-15,4.577566798522237e-16,-2.220446049250313e-16,7.472321372770097e-16,0.990949249164952,0.9911953103979306,1.0210152723288957e-09,-7.883185288512117,0.0,0.0,1.0,-7.883185288512117,nan,nan,0.7658064033084743,0.5023205401991777,0.7730823048033114,1.0529318495922633,1.4476794598008225,1.647068150407737,0.0,nan,1.625,0.23076923076923075
0.0,0.35,0.65,0.35,2.0,1.5,0.0,0.0,0.7,0.5249999999999999,1.3,0.9750000000000001,ok,`gtol` termination condition is satisfied.,True,True,True,4,9.965338565738948e-15,3.1031676915590914e-16,0.0,1.141448047192739e-15,0.9878672678850812,0.9896930024433784,6.320650669522365e-10,-7.883185287509904,0.0,0.0,1.0,-7.883185287509904,nan,nan,0.7669811222305685,0.542478106075236,0.7730823048033114,1.0173502341017109,1.5575218939247635,1.5826497658982892,0.0,nan,1.75,0.2142857142857143
0.0,0.375,0.625,0.375,2.0,1.5,0.0,0.0,0.75,0.5625,1.25,0.9375,ok,`gtol` termination condition is satisfied.,True,True,True,4,5.684341886080802e-14,4.577566798522237e-16,-2.220446049250313e-16,4.909267437014364e-16,0.984446808697025,0.9884163804464371,5.899245536511444e-10,-7.883185287866389,0.0,0.0,1.0,-7.883185287866389,nan,nan,0.7682140921317197,0.5829128093147908,0.7730823048033113,0.9816202078842287,1.6670871906852092,1.5183797921157713,0.0,nan,1.875,0.19999999999999998
0.0,0.4,0.6,0.4,2.0,1.5,0.0,0.0,0.8,0.6000000000000001,1.2,0.8999999999999999,ok,`gtol` termination condition is satisfied.,True,True,True,4,5.684341886080802e-14,1.2262814116578437e-15,-2.220446049250313e-16,1.5439038936193583e-15,0.9809307143658506,0.987118526101624,5.530669255904286e-10,-7.883185287072188,0.0,0.0,1.0,-7.883185287072188,nan,nan,0.7695076102843629,0.6236394839621453,0.7730823048033113,0.9457332227217595,1.776360516037855,1.4542667772782405,0.0,nan,2.0,0.18749999999999997
0.0,0.425,0.575,0.425,2.0,1.5,0.0,0.0,0.85,0.6375,1.15,0.8624999999999999,ok,`gtol` termination condition is satisfied.,True,True,True,4,8.206749407079134e-15,6.497413668604471e-16,0.0,2.7755575615628914e-17,0.977315442633672,0.9857984430385441,0.0,-7.883185287112321,0.0,0.0,1.0,-7.883185287112321,nan,nan,0.7708642085201051,0.664673982667743,0.7730823048033114,0.9096803465296818,1.8853260173322568,1.3903196534703182,0.0,nan,2.125,0.17647058823529413
0.0,0.45,0.55,0.45,2.0,1.5,0.0,0.0,0.9,0.675,1.1,0.8250000000000001,ok,`gtol` termination condition is satisfied.,True,True,True,4,8.106824496603584e-17,4.440892098500626e-16,0.0,1.1102230246251565e-15,0.973597114188318,0.9844550018681373,4.916067553040193e-10,-7.88318528792308,0.0,0.0,1.0,-7.88318528792308,nan,nan,0.7722866672901213,0.7060332866836393,0.7730823048033115,0.8734521938190091,1.993966713316361,1.326547806180991,0.0,nan,2.25,0.16666666666666666
0.0,0.475,0.525,0.475,2.0,1.5,0.0,0.0,0.95,0.7124999999999999,1.05,0.7875000000000001,ok,`gtol` termination condition is satisfied.,True,True,True,4,7.342881048439225e-15,2.7755575615628914e-16,0.0,6.245004513516506e-16,0.9697714903554835,0.9830869400809186,0.0,-7.883185286982742,0.0,0.0,1.0,-7.883185286982742,nan,nan,0.7737780357245927,0.7477356314771686,0.7730823048033114,0.8370388572115308,2.102264368522831,1.2629611427884693,0.0,nan,2.375,0.15789473684210525
0.0,0.5,0.5,0.5,2.0,1.5,0.0,0.0,1.0,0.75,1.0,0.75,ok,`gtol` termination condition is satisfied.,True,True,True,4,1.3951473992034527e-14,4.577566798522237e-16,0.0,9.43689570931383e-16,0.9658339427465152,0.9816928570830348,0.0,-7.883185287276456,0.0,0.0,1.0,-7.883185287276456,nan,nan,0.7753416573399239,0.7898006507287266,0.7730823048033112,0.8004298364218994,2.2101993492712735,1.1995701635781006,0.0,nan,2.5,0.15
0.0,0.525,0.475,0.525,2.0,1.5,0.0,0.0,1.05,0.7875000000000001,0.95,0.7124999999999999,ok,`gtol` termination condition is satisfied.,True,True,True,4,2.7755575615628914e-15,1.1157603309187458e-15,0.0,8.743006318923108e-16,0.9617794150270919,0.9802712051516504,1.6855032924922853e-09,-7.8831852858566975,0.0,0.0,1.0,-7.8831852858566975,nan,nan,0.7769812015455256,0.8322495421015564,0.7730823048033113,0.7636139618796665,2.317750457898444,1.1363860381203335,0.0,nan,2.625,0.14285714285714285
0.0,0.55,0.45,0.55,2.0,1.5,0.0,0.0,1.1,0.8250000000000001,0.9,0.675,ok,`gtol` termination condition is satisfied.,True,True,True,4,1.2683158174576843e-14,7.301351988545593e-16,0.0,1.0061396160665481e-15,0.957602376371539,0.9788202766201108,1.2066614374361961e-09,-7.88318528835629,0.0,0.0,1.0,-7.88318528835629,nan,nan,0.7787007014885104,0.8751052589502132,0.7730823048033113,0.726579310464271,2.424894741049787,1.073420689535729,0.0,nan,2.75,0.13636363636363635
0.0,0.575,0.425,0.575,2.0,1.5,0.0,0.0,1.15,0.8624999999999999,0.85,0.6375,ok,`gtol` termination condition is satisfied.,True,True,True,4,5.684341886080802e-14,4.440892098500626e-16,-2.220446049250313e-16,5.065392549852277e-16,0.9532967656657991,0.9773381872705723,7.694715975503641e-10,-7.88318528816724,0.0,0.0,1.0,-7.88318528816724,nan,nan,0.780504599122682,0.9183927331211429,0.7730823048033113,0.6893131108274249,2.531607266878857,1.010686889172575,0.0,nan,2.875,0.13043478260869565
0.0,0.6,0.4,0.6,2.0,1.5,0.0,0.0,1.2,0.8999999999999999,0.8,0.6000000000000001,ok,`gtol` termination condition is satisfied.,True,True,True,4,5.684341886080802e-14,8.455206652451151e-16,0.0,9.159339953157541e-16,0.9488559250356887,0.9758228556446084,3.68700625585916e-10,-7.883185286675228,0.0,0.0,1.0,-7.883185286675228,nan,nan,0.7823977987489413,0.9621391352619288,0.7730823048033114,0.6518016355532451,2.637860864738071,0.948198364446755,0.0,nan,3.0,0.125
0.0,0.625,0.375,0.625,2.0,1.5,0.0,0.0,1.25,0.9375,0.75,0.5625,ok,`gtol` termination condition is satisfied.,True,True,True,4,5.684341886080802e-14,8.95090418262362e-16,0.0,4.440892098500626e-16,0.9442725207447301,0.9742719777350886,1.4158239025618968e-09,-7.883185285860638,0.0,0.0,1.0,-7.883185285860638,nan,nan,0.7843857306884354,1.0063741806881201,0.7730823048033115,0.6140300769794688,2.74362581931188,0.8859699230205312,0.0,nan,3.125,0.12
0.0,0.65,0.35,0.65,2.0,1.5,0.0,0.0,1.3,0.9750000000000001,0.7,0.5249999999999999,ok,`gtol` termination condition is satisfied.,True,True,True,4,5.684341886080802e-14,3.885780586188048e-16,0.0,9.020562075079397e-16,0.9395384488721457,0.9726829962620894,1.7017072195812943e-09,-7.883185289192804,0.0,0.0,1.0,-7.883185289192804,nan,nan,0.7864744272579363,1.0511304909866306,0.7730823048033114,0.575982402861684,2.8488695090133698,0.8240175971383159,0.0,nan,3.25,0.11538461538461538
0.0,0.675,0.325,0.675,2.0,1.5,0.0,0.0,1.35,1.0125000000000002,0.65,0.48750000000000004,ok,`gtol` termination condition is satisfied.,True,True,True,4,1.0334425179284835e-14,8.400361489980555e-16,-4.440892098500626e-16,1.3877787807814457e-15,0.9346447223855728,0.9710530634322015,0.0,-7.883185287689834,0.0,0.0,1.0,-7.883185287689834,nan,nan,0.7886706138665558,1.0964440243426385,0.7730823048033114,0.5376411871663601,2.953555975657362,0.7623588128336399,0.0,nan,3.375,0.1111111111111111
0.0,0.7,0.3,0.7,2.0,1.5,0.0,0.0,1.4,1.0499999999999998,0.6,0.44999999999999996,ok,`gtol` termination condition is satisfied.,True,True,True,4,5.684341886080802e-14,6.206335383118183e-16,-4.440892098500626e-16,9.992007221626409e-16,0.9295813351880087,0.9693789957024691,1.264130133904473e-09,-7.88318528814197,0.0,0.0,1.0,-7.88318528814197,nan,nan,0.7909818189062552,1.1423545913188353,0.7730823048033114,0.49898741005613334,3.057645408681164,0.7010125899438666,0.0,nan,3.5,0.10714285714285715
0.0,0.725,0.275,0.725,2.0,1.5,0.0,0.0,1.45,1.0875,0.55,0.41250000000000003,ok,`gtol` termination condition is satisfied.,True,True,True,4,5.684341886080802e-14,4.577566798522237e-16,-4.440892098500626e-16,8.326672684688674e-16,0.9243370973400087,0.9676572185775876,6.10267392175956e-10,-7.883185286473754,0.0,0.0,1.0,-7.883185286473754,nan,nan,0.7934165072520842,1.1889064778606595,0.7730823048033113,0.460000219471249,3.16109352213934,0.6399997805287512,0.0,nan,3.625,0.10344827586206896
0.0,0.75,0.25,0.75,2.0,1.5,0.0,0.0,1.5,1.125,0.5,0.375,ok,`gtol` termination condition is satisfied.,True,True,True,4,5.684341886080802e-14,4.577566798522237e-16,2.220446049250313e-16,1.3877787807814457e-15,0.9188994337869292,0.9658836988073766,1.1798526600159676e-09,-7.8831852860966025,0.0,0.0,1.0,-7.8831852860966025,nan,nan,0.7959842437466089,1.236149204189049,0.7730823048033113,0.42065664444765055,3.263850795810951,0.5793433555523495,0.0,nan,3.75,0.09999999999999999
0.0,0.775,0.225,0.775,2.0,1.5,0.0,0.0,1.55,1.1625,0.45,0.3375,ok,`gtol` termination condition is satisfied.,True,True,True,4,9.000950962602921e-15,7.771561172376096e-16,0.0,1.0269562977782698e-15,0.9132541363374773,0.9640538604422801,1.7126868812056273e-09,-7.883185289169162,0.0,0.0,1.0,-7.883185289169162,nan,nan,0.7986958952009859,1.2841384577761863,0.7730823048033114,0.38093124719550625,3.365861542223814,0.5190687528044937,0.0,nan,3.875,0.0967741935483871
0.0,0.8,0.2,0.8,2.0,1.5,0.0,0.0,1.6,1.2000000000000002,0.4,0.30000000000000004,ok,`gtol` termination condition is satisfied.,True,True,True,4,8.71967124502158e-15,7.301351988545593e-16,0.0,4.996003610813204e-16,0.9073850550127724,0.962162479929901,1.106110758541945e-09,-7.883185286519132,0.0,0.0,1.0,-7.883185286519132,nan,nan,0.8015638824819533,1.3329372519956955,0.7730823048033115,0.3407956966152278,3.467062748004305,0.45920430338477225,0.0,nan,4.0,0.09374999999999999
0.0,0.825,0.175,0.825,2.0,1.5,0.0,0.0,1.65,1.2374999999999998,0.35,0.26249999999999996,ok,`gtol` termination condition is satisfied.,True,True,True,4,5.684341886080802e-14,1.1322097734007351e-15,-4.440892098500626e-16,-2.498001805406602e-16,0.9012737097042041,0.9602035536142403,1.0725909049824622e-09,-7.883185285865657,0.0,0.0,1.0,-7.883185285865657,nan,nan,0.8046024986006712,1.3826173811729774,0.7730823048033111,0.3002182397730898,3.567382618827022,0.39978176022691014,0.0,nan,4.125,0.09090909090909091
0.0,0.85,0.15,0.85,2.0,1.5,0.0,0.0,1.7,1.275,0.3,0.22499999999999998,ok,`gtol` termination condition is satisfied.,True,True,True,5,1.6413498814158268e-14,1.4475537224895361e-15,0.0,8.326672684688674e-16,0.8948987955389508,0.9581701283458899,1.0410428075147138e-09,-7.88318528607128,0.0,0.0,1.0,-7.88318528607128,nan,nan,0.807828315056835,1.4332612705923022,0.7730823048033113,0.25916303899070203,3.6667387294076974,0.34083696100929795,0.0,nan,4.25,0.08823529411764706
0.0,0.875,0.125,0.875,2.0,1.5,0.0,0.0,1.75,1.3125,0.25,0.1875,ok,`gtol` termination condition is satisfied.,True,True,True,5,0.0,3.1401849173675503e-16,0.0,8.326672684688674e-16,0.888235544155057,0.9560540819645267,0.0,-7.883185287276456,0.0,0.0,1.0,-7.883185287276456,nan,nan,0.8112607081206221,1.4849643613192223,0.7730823048033113,0.21758932917357904,3.7650356386807777,0.28241067082642096,0.0,nan,4.375,0.08571428571428572
0.0,0.9,0.1,0.9,2.0,1.5,0.0,0.0,1.8,1.35,0.2,0.15000000000000002,ok,`gtol` termination condition is satisfied.,True,True,True,5,7.750818884463627e-15,9.155133597044475e-16,-2.220446049250313e-16,3.3306690738754696e-16,0.8812548860798507,0.9538458344088551,4.916062873335171e-10,-7.8831852869398675,0.0,0.0,1.0,-7.8831852869398675,nan,nan,0.8149225510836717,1.5378382323802824,0.7730823048033112,0.17545033043556077,3.862161767619718,0.22454966956443925,0.0,nan,4.5,0.08333333333333333
0.0,0.925,0.075,0.925,2.0,1.5,0.0,0.0,1.85,1.3875000000000002,0.15,0.11249999999999999,ok,`gtol` termination condition is satisfied.,True,True,True,4,2.7755575615628914e-15,4.440892098500626e-16,2.220446049250313e-16,1.3322676295501878e-15,0.8739223329098647,0.9515339608342754,0.0,-7.883185287578108,0.0,0.0,1.0,-7.883185287578108,nan,nan,0.8188411409027841,1.5920147604001142,0.7730823048033113,0.13269182094749937,3.9579852395998865,0.16730817905250062,0.0,nan,4.625,0.08108108108108107
0.0,0.95,0.05,0.95,2.0,1.5,0.0,0.0,1.9,1.4249999999999998,0.1,0.07500000000000001,ok,`gtol` termination condition is satisfied.,True,True,True,5,1.468576209687845e-14,4.440892098500626e-16,-6.661338147750939e-16,9.992007221626409e-16,0.8661964555212144,0.949104663061267,4.657299729725278e-10,-7.883185287448471,0.0,0.0,1.0,-7.883185287448471,nan,nan,0.8230494636165493,1.6476517730168363,0.7730823048033115,0.08925022722912512,4.052348226983163,0.11074977277087489,0.0,nan,4.75,0.07894736842105263
0.0,0.975,0.025,0.975,2.0,1.5,0.0,0.0,1.95,1.4625,0.05,0.037500000000000006,ok,`gtol` termination condition is satisfied.,True,True,True,4,4.629887766315469e-13,4.577566798522237e-16,-4.440892098500626e-16,1.1102230246251565e-16,0.8580267642168509,0.9465410306930275,4.5378910537000015e-10,-7.883185287587152,0.0,0.0,1.0,-7.883185287587152,nan,nan,0.8275879625601131,1.7049409108136067,0.7730823048033112,0.045050011086130215,4.145059089186393,0.05494998891386979,0.0,nan,4.875,0.07692307692307693
0.0,1.0,0.0,1.0,2.0,1.5,0.0,0.0,2.0,1.5,0.0,0.0,ok,`gtol` termination condition is satisfied.,True,True,True,4,1.3951473992034527e-14,9.930136612989092e-16,-2.220446049250313e-16,5.551115123125783e-16,0.8493506758296427,0.9438219802005224,8.848877186551363e-10,-7.883185288161344,0.0,0.0,1.0,-7.883185288161344,nan,nan,0.8325070761199376,1.7641188562764025,nan,nan,4.2358811437235975,nan,0.0,nan,5.0,0.075
0.025,0.0,0.975,0.025,2.0,1.5,0.05,0.037500000000000006,0.0,0.0,1.95,1.4625,ok,`gtol` termination condition is satisfied.,True,True,True,4,5.684341886080802e-14,6.429251234118251e-16,-2.220446049250313e-16,6.591949208711867e-17,0.999859764046394,1.0206316009087617,1.6131394488512674e-07,-0.999999836161299,0.0,0.0,1.0,-0.999999836161299,0.7647790642431277,0.037867635350482286,nan,nan,0.7730823048033113,1.477036859356679,nan,2.422963140643321,0.25,4.0,0.0,nan
0.025,0.025,0.95,0.05,2.0,1.5,0.05,0.037500000000000006,0.05,0.037500000000000006,1.9,1.4249999999999998,ok,`xtol` termination condition is satisfied.,True,True,True,5,4.222969774881129e-13,4.440892098500626e-16,0.0,1.0200174038743626e-15,1.00256542531114,1.0219013664448522,1.3675230060416007e-08,-2.7195934933404633,15.928967787683474,2.5351739617613975,0.16829728229916205,-2.7195934933404633,0.7628764628454954,0.03769535397636055,0.7568313814386205,0.037744737766303015,0.7730823048033113,1.4373758831895638,0.112255262233697,2.3626241168104363,0.25,4.0,0.125,2.9999999999999996
0.025,0.05,0.925,0.07500000000000001,2.0,1.5,0.05,0.037500000000000006,0.1,0.07500000000000001,1.85,1.3875000000000002,ok,`xtol` termination condition is satisfied.,True,True,True,5,2.9150190881278917e-13,7.219451441763396e-16,0.0,1.6861512186494565e-15,1.0025106623681204,1.0204579900283235,8.09813833914819e-09,-2.0974143846193956,14.629992105652576,2.328435561010014,0.14191304457457568,-2.0974143846193956,0.7633874695532489,0.037742043700755325,0.7568654230159921,0.07549699483775388,0.7730823048033114,1.4015297815899603,0.22450300516224617,2.29847021841004,0.25,4.0,0.25,1.4999999999999998
0.025,0.075,0.9,0.1,2.0,1.5,0.05,0.037500000000000006,0.15,0.11249999999999999,1.8,1.35,ok,`gtol` termination condition is satisfied.,True,True,True,5,6.394425579682492e-14,4.531581184534698e-16,-2.220446049250313e-16,1.3704315460216776e-15,1.0018967988169072,1.0184221052571343,9.00877898767696e-09,-1.7340751827620706,14.026096060430447,2.2323225202992654,0.12269790662637055,-1.7340751827620706,0.7644303267278668,0.03783636274391287,0.7572525225132575,0.11337283292163344,0.7730823048033113,1.3663766148267353,0.3366271670783665,2.2336233851732645,0.25,4.0,0.375,1.0
0.025,0.1,0.875,0.125,2.0,1.5,0.05,0.037500000000000006,0.2,0.15000000000000002,1.75,1.3125,ok,`gtol` termination condition is satisfied.,True,True,True,5,3.487868498008632e-14,8.483631417132112e-16,2.220446049250313e-16,8.760353553682876e-16,1.0010698581487827,1.016126166905774,7.800994252282991e-10,-1.5008737204852982,13.680778292692816,2.1773634906263624,0.10905245825187128,-1.5008737204852982,0.7657382064260827,0.037953010221092494,0.7577899282791907,0.15139601339721193,0.7730823048033114,1.3314232793802758,0.44860398660278816,2.168576720619724,0.25,4.0,0.5,0.7499999999999999
0.025,0.125,0.85,0.15,2.0,1.5,0.05,0.037500000000000006,0.25,0.1875,1.7,1.275,ok,`gtol` termination condition is satisfied.,True,True,True,4,3.2812452804187977e-13,5.623929632534478e-16,0.0,1.2776238400569184e-15,1.0001348282163143,1.013670242090812,9.36899767107598e-09,-1.3400106320017107,13.456773058290862,2.141711950292833,0.09908882961056564,-1.3400106320017107,0.767236784515143,0.03808471093852404,0.7584194920258229,0.18957931236591935,0.7730823048033114,1.2965162274615636,0.5604206876340807,2.1034837725384365,0.25,4.0,0.625,0.6
0.025,0.15,0.825,0.175,2.0,1.5,0.05,0.037500000000000006,0.3,0.22499999999999998,1.65,1.2374999999999998,ok,`gtol` termination condition is satisfied.,True,True,True,4,4.795819184761869e-14,1.0547118733938987e-15,-4.440892098500626e-16,1.4085954624931674e-15,0.9991341590598686,1.0110940458116493,5.30618546641704e-09,-1.2228675533506077,13.298516430742396,2.116524625741441,0.09156885908440385,-1.2228675533506077,0.7689001484069955,0.038228787518533425,0.7591188385112564,0.22793300528095634,0.7730823048033113,1.2615896693383208,0.6720669947190436,2.038410330661679,0.25,4.0,0.75,0.5
0.025,0.175,0.8,0.19999999999999998,2.0,1.5,0.05,0.037500000000000006,0.35,0.26249999999999996,1.6,1.2000000000000002,ok,`gtol` termination condition is satisfied.,True,True,True,4,9.965338565738947e-14,7.264660714793997e-16,-4.440892098500626e-16,5.872038966181492e-16,0.9980880749183584,1.0084157897784845,1.0674324452554186e-09,-1.1339609083416653,13.179577107387127,2.0975948445014447,0.08572254205703723,-1.1339609083416653,0.7707193970124082,0.03838419076484072,0.7598779943058515,0.26646676249368356,0.7730823048033114,1.2266088058349536,0.7835332375063162,1.9733911941650466,0.25,4.0,0.875,0.4285714285714286
0.025,0.2,0.775,0.225,2.0,1.5,0.05,0.037500000000000006,0.4,0.30000000000000004,1.55,1.1625,ok,`gtol` termination condition is satisfied.,True,True,True,4,1.1335572618528054e-13,7.850462293418876e-16,-4.440892098500626e-16,4.2544093248331194e-16,0.9970072485044795,1.0056443923817218,5.2935424419919725e-09,-1.0642720928501714,13.085872132904807,2.0826812346202837,0.08106220280312072,-1.0642720928501714,0.7726929780872397,0.038550577909157134,0.7606922580932792,0.30519026184988124,0.7730823048033114,1.1915519854957748,0.894809738150119,1.9084480145042253,0.25,4.0,1.0,0.37499999999999994
0.025,0.225,0.75,0.25,2.0,1.5,0.05,0.037500000000000006,0.45,0.3375,1.5,1.125,ok,`gtol` termination condition is satisfied.,True,True,True,4,2.325245665339088e-14,3.236828524569469e-16,-4.440892098500626e-16,1.4985842428094642e-15,0.9958976761722514,1.0027841708452787,6.15587548790164e-09,-1.0082228215938753,13.00923973107747,2.0704848090684584,0.07726881466904473,-1.0082228215938753,0.7748230299509349,0.038727961727004455,0.7615595164890347,0.34411344721402043,0.7730823048033114,1.1564038313722917,1.0058865527859797,1.8435961686277083,0.25,4.0,1.125,0.3333333333333333
0.025,0.25,0.725,0.275,2.0,1.5,0.05,0.037500000000000006,0.5,0.375,1.45,1.0875,ok,`gtol` termination condition is satisfied.,True,True,True,4,5.684341886080802e-14,6.684427777288335e-16,-2.220446049250313e-16,1.7425297316187027e-15,0.9947628309036998,0.9998369088339967,2.1575218229149996e-10,-0.9621892438621324,12.94463297054323,2.06020232377228,0.07412663657941672,-0.9621892438621324,0.7771137893115551,0.03891655735031764,0.7624790797720783,0.383246667489274,0.7730823048033114,1.1211521919830592,1.116753332510726,1.7788478080169408,0.25,4.0,1.25,0.3
0.025,0.275,0.7,0.30000000000000004,2.0,1.5,0.05,0.037500000000000006,0.55,0.41250000000000003,1.4,1.0499999999999998,ok,`gtol` termination condition is satisfied.,True,True,True,4,5.684341886080802e-14,5.661048867003676e-16,0.0,1.6002824065886045e-15,0.9936047140997606,0.9968028617965847,7.863080812353236e-10,-0.9237199010400445,12.88876591320707,2.051310805441232,0.07148525425783649,-0.9237199010400445,0.7795708268287014,0.03911670867554425,0.7634511235172091,0.42260077068465496,0.7730823048033112,1.085786636661464,1.227399229315345,1.714213363338536,0.25,4.0,1.375,0.2727272727272727
0.025,0.3,0.675,0.325,2.0,1.5,0.05,0.037500000000000006,0.6,0.44999999999999996,1.35,1.0125000000000002,ok,`gtol` termination condition is satisfied.,True,True,True,4,5.684341886080802e-14,2.2887833992611187e-16,-4.440892098500626e-16,6.218983661376853e-16,0.9924244102842646,0.9944361979258389,1.4894122165038997e-09,-0.8910993759280474,12.839407204407188,2.043455122951097,0.06923691583948155,-0.8910993759280474,0.7822006541976465,0.039328850650707105,0.7644764010119408,0.46218718106276835,0.7730823048033113,1.0502976459203057,1.3378128189372314,1.6497023540796945,0.25,4.0,1.5,0.25
0.025,0.325,0.65,0.35000000000000003,2.0,1.5,0.05,0.037500000000000006,0.65,0.48750000000000004,1.3,0.9750000000000001,ok,`gtol` termination condition is satisfied.,True,True,True,4,5.684341886080802e-14,9.439191387625028e-16,0.0,8.135853102331225e-16,0.990470708021458,0.9923404083116492,3.213086028690812e-09,-0.8630924646569516,12.794987398952442,2.036385491341794,0.06730256717347034,-0.8630924646569516,0.7850105137556902,0.0395534892654071,0.7655560881212954,0.502017971532148,0.7730823048033114,1.014676141459937,1.4479820284678522,1.585323858540063,0.25,4.0,1.625,0.23076923076923075
0.025,0.35,0.625,0.375,2.0,1.5,0.05,0.037500000000000006,0.7,0.5249999999999999,1.25,0.9375,ok,`gtol` termination condition is satisfied.,True,True,True,4,2.7755575615628914e-15,6.497413668604471e-16,0.0,1.106753577673203e-15,0.9871691258755583,0.9901792903043984,2.7548550269698713e-09,-0.8387877108053174,12.754368984431359,2.029920869890208,0.06562297953181716,-0.8387877108053174,0.7880082649172063,0.03979119098092623,0.7666916980295309,0.5421059373904956,0.7730823048033113,0.9789131929617871,1.557894062609504,1.5210868070382129,0.25,4.0,1.75,0.2142857142857143
0.025,0.375,0.6,0.4,2.0,1.5,0.05,0.037500000000000006,0.75,0.5625,1.2,0.8999999999999999,ok,`gtol` termination condition is satisfied.,True,True,True,4,8.71967124502158e-15,6.753223014464259e-16,-2.220446049250313e-16,9.905271047827569e-16,0.9837740631989319,0.9887531403359072,2.5742569516374173e-09,-0.8174981803811974,12.71670567148817,2.023926567462082,0.06415295114926178,-0.8174981803811974,0.791202325752989,0.04004257757483262,0.7678850354526788,0.5824646750490775,0.7730823048033112,0.9429998212672748,1.6675353249509226,1.4570001787327251,0.25,4.0,1.875,0.19999999999999998
0.025,0.4,0.575,0.42500000000000004,2.0,1.5,0.05,0.037500000000000006,0.8,0.6000000000000001,1.15,0.8624999999999999,ok,`gtol` termination condition is satisfied.,True,True,True,4,5.684341886080802e-14,9.036560719766055e-16,0.0,1.672273430841642e-15,0.9802826380009713,0.9874851225974389,1.2930057962181184e-09,-0.7986965177290439,12.681353023031157,2.018300018708759,0.0628574181095116,-0.7986965177290439,0.7946016483257168,0.040308324334612164,0.769138174700543,0.6231086683533498,0.7730823048033113,0.9069268556431652,1.7768913316466506,1.3930731443568347,0.25,4.0,2.0,0.18749999999999997
0.025,0.425,0.55,0.45,2.0,1.5,0.05,0.037500000000000006,0.85,0.6375,1.1,0.8250000000000001,ok,`gtol` termination condition is satisfied.,True,True,True,4,8.71967124502158e-15,5.386030058153477e-16,-4.440892098500626e-16,1.7728873924482969e-15,0.9766915814177144,0.9861939571059255,1.0898511447206437e-09,-0.7819712558861498,12.64780982555789,2.0129614530237805,0.061708784636420703,-0.7819712558861498,0.7982157164093513,0.04058916050531007,0.7704534532361954,0.664053384764784,0.7730823048033114,0.8706848215577533,1.8859466152352158,1.329315178442247,0.25,4.0,2.125,0.17647058823529413
0.025,0.45,0.525,0.47500000000000003,2.0,1.5,0.05,0.037500000000000006,0.9,0.675,1.05,0.7875000000000001,ok,`gtol` termination condition is satisfied.,True,True,True,4,7.750818884463627e-15,1.1322097734007351e-15,0.0,1.1032841307212493e-15,0.9729972416412952,0.9848787431101617,4.5447351732554387e-10,-0.7669967056175129,12.615678529522402,2.0078475984317836,0.060685051634795956,-0.7669967056175129,0.8020545594768614,0.04088587140765707,0.7718334761769977,0.7053153836640367,0.7730823048033113,0.8342638450590093,1.9946846163359635,1.2657361549409907,0.25,4.0,2.25,0.16666666666666666
0.025,0.475,0.5,0.5,2.0,1.5,0.05,0.037500000000000006,0.95,0.7124999999999999,1.0,0.75,ok,`gtol` termination condition is satisfied.,True,True,True,4,1.3079506867532369e-14,2.9504581591051765e-16,0.0,7.042977312465837e-16,0.9691955739949207,0.9835384098858095,2.441594424027362e-09,-0.7535117468439174,12.584637864042351,2.0029073230837717,0.059768479374057396,-0.7535117468439174,0.8061287797748952,0.04119930193059315,0.7732811292832493,0.7469124392451303,0.7730823048033114,0.7976535650248058,2.1030875607548696,1.2023464349751942,0.25,4.0,2.375,0.15789473684210525
0.025,0.5,0.475,0.525,2.0,1.5,0.05,0.037500000000000006,1.0,0.75,0.95,0.7124999999999999,ok,`gtol` termination condition is satisfied.,True,True,True,4,5.684341886080802e-14,7.771561172376096e-16,-4.440892098500626e-16,6.38378239159465e-16,0.9652821197274728,0.9821717212174103,1.9114454024802037e-09,-0.741304609873056,12.55442344661612,1.9980985491977452,0.058944616052353224,-0.741304609873056,0.8104495910606775,0.04153036127617159,0.7747995992221669,0.7888636808457447,0.7730823048033113,0.7608430473885666,2.2111363191542552,1.1391569526114333,0.25,4.0,2.5,0.15
0.025,0.525,0.45,0.55,2.0,1.5,0.05,0.037500000000000006,1.05,0.7875000000000001,0.9,0.675,ok,`gtol` termination condition is satisfied.,True,True,True,4,5.684341886080802e-14,2.618455766672135e-16,0.0,5.551115123125783e-16,0.9612519747258162,0.9807772734321571,4.163446303733808e-10,-0.7302017549439275,12.524813751549761,1.9933860198644904,0.05820158038404357,-0.7302017549439275,0.815028868725497,0.04188002895087498,0.7763924006893292,0.8311897540927125,0.7730823048033113,0.7238206969836812,2.318810245907288,1.076179303016319,0.25,4.0,2.625,0.14285714285714285
0.025,0.55,0.425,0.5750000000000001,2.0,1.5,0.05,0.037500000000000006,1.1,0.8250000000000001,0.85,0.6375,ok,`gtol` termination condition is satisfied.,True,True,True,4,5.684341886080802e-14,7.09024586127786e-16,0.0,5.828670879282072e-16,0.9570997484051637,0.9793534880232124,1.3171726401267938e-09,-0.7200596286879772,12.49561974737866,1.9887396497920142,0.05752952509269395,-0.7200596286879772,0.8198792118723122,0.04224936208491529,0.7780634105343064,0.8739130069524513,0.7730823048033112,0.6865741634325867,2.426086993047549,1.0134258365674134,0.25,4.0,2.75,0.13636363636363635
0.025,0.575,0.4,0.6,2.0,1.5,0.05,0.037500000000000006,1.15,0.8624999999999999,0.8,0.6000000000000001,ok,`gtol` termination condition is satisfied.,True,True,True,4,6.065858257406317e-15,8.049116928532385e-16,-2.220446049250313e-16,1.7069679003611782e-15,0.9528195123230885,0.9778985993391872,7.134595794468289e-11,-0.7107584606091001,12.466677085500487,1.9841332820878657,0.05692023014438228,-0.7107584606091001,0.825014018624457,0.04263950423722466,0.7798169094944742,0.9170577057014385,0.7730823048033114,0.6490902378087903,2.5329422942985613,0.9509097621912098,0.25,4.0,2.875,0.13043478260869565
0.025,0.6,0.375,0.625,2.0,1.5,0.05,0.037500000000000006,1.2,0.8999999999999999,0.75,0.5625,ok,`gtol` termination condition is satisfied.,True,True,True,4,1.3079506867532369e-14,4.965068306494546e-16,-2.220446049250313e-16,6.106226635438361e-16,0.9484047374407532,0.9764106374022544,1.1401457333648417e-09,-0.7021975356540291,12.437840084062364,1.9795437307650403,0.05636679094859528,-0.7021975356540291,0.830447576628189,0.04305169591979782,0.7816576325674857,0.9606502870313947,0.7730823048033114,0.6113547367625884,2.639349712968605,0.8886452632374116,0.25,4.0,3.0,0.125
0.025,0.625,0.35,0.65,2.0,1.5,0.05,0.037500000000000006,1.25,0.9375,0.7,0.5249999999999999,ok,`gtol` termination condition is satisfied.,True,True,True,4,5.684341886080802e-14,7.468261590855957e-16,-4.440892098500626e-16,1.0130785099704553e-15,0.9438482183369149,0.9748874055750621,7.241231347713542e-16,-0.6942915524483178,12.408976985976722,1.974950026031764,0.05586337721575209,-0.6942915524483178,0.8361951714562773,0.04348728715956786,0.783590829503864,1.0047196540630803,0.7730823048033112,0.5733523704858516,2.7452803459369197,0.8266476295141483,0.25,4.0,3.125,0.12
0.025,0.65,0.325,0.675,2.0,1.5,0.05,0.037500000000000006,1.3,0.9750000000000001,0.65,0.48750000000000004,ok,`gtol` termination condition is satisfied.,True,True,True,4,5.684341886080802e-14,5.978733960281817e-16,2.220446049250313e-16,1.124100812432971e-15,0.9391419819945827,0.9733264524751378,1.390340735441341e-09,-0.686967780952314,12.379966116868525,1.9703328028098026,0.05540504433149672,-0.686967780952314,0.8422732164980715,0.04394775251743348,0.7856223374252428,1.0492975260824975,0.7730823048033114,0.5350665903092926,2.8507024739175026,0.7649334096907074,0.25,4.0,3.25,0.11538461538461538
0.025,0.675,0.3,0.7000000000000001,2.0,1.5,0.05,0.037500000000000006,1.35,1.0125000000000002,0.6,0.44999999999999996,ok,`gtol` termination condition is satisfied.,True,True,True,4,3.487868498008632e-14,5.204170427930421e-16,-2.220446049250313e-16,1.1657341758564144e-15,0.9342771779564394,0.9717250371946267,7.102521334493533e-10,-0.6801638300273916,12.350692678669033,1.9656737904190582,0.05498758537714178,-0.6801638300273916,0.8486994090160579,0.04443470911189659,0.7877586682224714,1.0944188545049636,0.7730823048033113,0.49647941084954317,2.955581145495037,0.7035205891504568,0.25,4.0,3.375,0.1111111111111111
0.025,0.7,0.275,0.725,2.0,1.5,0.05,0.037500000000000006,1.4,1.0499999999999998,0.55,0.41250000000000003,ok,`gtol` termination condition is satisfied.,True,True,True,4,5.684341886080802e-14,9.485749680535094e-16,-2.220446049250313e-16,1.5681900222830336e-15,0.9292439456017738,0.9700800864850022,7.046816208845647e-10,-0.6738258706751745,12.321045965734438,1.960955369509091,0.05460741387623158,-0.6738258706751745,0.8554929184628719,0.04494993836114636,0.7900071142244811,1.140122321159896,0.7730823048033113,0.45757120038750093,3.0598776788401034,0.6424287996124991,0.25,4.0,3.5,0.10714285714285715
0.025,0.725,0.25,0.75,2.0,1.5,0.05,0.037500000000000006,1.45,1.0875,0.5,0.375,ok,`gtol` termination condition is satisfied.,True,True,True,5,8.71967124502158e-15,4.002966042486721e-16,2.220446049250313e-16,1.4432899320127035e-15,0.9240312529284733,0.9683881420677869,3.781346281079763e-11,-0.6679072145882998,12.290916850238766,1.9561601718469683,0.0542614709602264,-0.6679072145882998,0.8626746150258394,0.04549541237898933,0.7923758767386258,1.1864509398242729,0.7730823048033113,0.4183204314536066,3.163549060175727,0.5816795685463934,0.25,4.0,3.625,0.10344827586206896
0.025,0.75,0.225,0.775,2.0,1.5,0.05,0.037500000000000006,1.5,1.125,0.45,0.3375,ok,`gtol` termination condition is satisfied.,True,True,True,5,1.8601965322712704e-14,4.710277376051325e-16,0.0,1.4432899320127035e-15,0.918626699380605,0.9666452955779766,6.032587964802329e-10,-0.6623671670018858,12.260195385765194,1.9512706989169772,0.05394715189358211,-0.6623671670018858,0.870267348897118,0.046073326260609386,0.7948742235670565,1.2334527885305415,0.7730823048033114,0.3787033812494859,3.2665472114694585,0.5212966187505141,0.25,4.0,3.75,0.09999999999999999
0.025,0.775,0.2,0.8,2.0,1.5,0.05,0.037500000000000006,1.55,1.1625,0.4,0.30000000000000004,ok,`gtol` termination condition is satisfied.,True,True,True,5,5.684341886080802e-14,3.510833468576701e-16,0.0,4.440892098500626e-16,0.9130162727299401,0.9648471077592491,1.1856085529268983e-09,-0.6571700913335654,12.228768413768256,1.946268940977254,0.053662248016748015,-0.6571700913335654,0.8782962942474332,0.04668613790881877,0.7975126836788103,1.2811819093005994,0.7730823048033115,0.33869376829036235,3.368818090699401,0.4613062317096377,0.25,4.0,3.875,0.0967741935483871
0.025,0.8,0.175,0.8250000000000001,2.0,1.5,0.05,0.037500000000000006,1.6,1.2000000000000002,0.35,0.26249999999999996,ok,`gtol` termination condition is satisfied.,True,True,True,5,2.179917811255395e-14,5.551115123125783e-16,2.220446049250313e-16,2.1371793224034263e-15,0.9071840464756074,0.9629885072948715,1.1659960299027736e-09,-0.6522846477138131,12.196517034948881,1.9411359746166212,0.053404902112233185,-0.6522846477138131,0.8867893767480057,0.04733661763311764,0.8003032901307584,1.3296994247690674,0.7730823048033114,0.29826230711656854,3.470300575230933,0.4017376928834314,0.25,4.0,4.0,0.09374999999999999
0.025,0.825,0.15,0.85,2.0,1.5,0.05,0.037500000000000006,1.65,1.2374999999999998,0.3,0.22499999999999998,ok,`gtol` termination condition is satisfied.,True,True,True,5,5.684341886080802e-14,7.216449660063518e-16,0.0,7.494005416219807e-16,0.9011117991743414,0.9610636629014258,4.9894592935162446e-11,-0.647683162461949,12.16331380195679,1.935851515959298,0.05317357471460153,-0.647683162461949,0.8957778104101721,0.048027910583894454,0.8032598864936742,1.3790749394408262,0.7730823048033113,0.25737615649190054,3.570925060559173,0.34262384350809943,0.25,4.0,4.125,0.09090909090909091
0.025,0.85,0.125,0.875,2.0,1.5,0.05,0.037500000000000006,1.7,1.275,0.25,0.1875,ok,`gtol` termination condition is satisfied.,True,True,True,5,8.206749407079134e-15,8.08254562088053e-16,2.220446049250313e-16,1.27675647831893e-15,0.8947785297746568,0.9590658197604635,5.489609370545158e-10,-0.6433411086661489,12.129019457169289,1.9303934014662694,0.052967020841654354,-0.6433411086661489,0.905296779551325,0.04876361629067022,0.8063985181006903,1.429388319889832,0.7730823048033114,0.21599822723674605,3.6706116801101674,0.28400177276325395,0.25,4.0,4.25,0.08823529411764706
0.025,0.875,0.1,0.9,2.0,1.5,0.05,0.037500000000000006,1.75,1.3125,0.2,0.15000000000000002,ok,`gtol` termination condition is satisfied.,True,True,True,4,5.684341886080802e-14,5.551115123125783e-16,-2.220446049250313e-16,-2.220446049250313e-16,0.8881598321452849,0.9569870875754602,1.0197095343206187e-09,-0.6392366745737035,12.093478989591334,1.9247369603714408,0.052784276534777505,-0.6392366745737035,0.9153863165471494,0.04954789136306379,0.8097379384407828,1.4807319875772444,0.7730823048033112,0.17408630222242494,3.7692680124227556,0.22591369777757508,0.25,4.0,4.375,0.08571428571428572
0.025,0.9,0.075,0.925,2.0,1.5,0.05,0.037500000000000006,1.8,1.35,0.15,0.11249999999999999,ok,`gtol` termination condition is satisfied.,True,True,True,5,8.71967124502158e-15,4.965068306494546e-16,0.0,9.992007221626409e-16,0.8812270754818379,0.9548181617880622,9.45818345241287e-10,-0.6353504051649999,12.056516680346004,1.9188542261469552,0.05262465576377614,-0.6353504051649999,0.9260924484991667,0.050385584128249186,0.8133002747041785,1.533213917638558,0.7730823048033114,0.13159190059734688,3.8667860823614424,0.1684080994026531,0.25,4.0,4.5,0.08333333333333333
0.025,0.925,0.05,0.9500000000000001,2.0,1.5,0.05,0.037500000000000006,1.85,1.3875000000000002,0.1,0.07500000000000001,ok,`gtol` termination condition is satisfied.,True,True,True,5,1.5082674585983272e-14,1.1322097734007351e-15,-4.440892098500626e-16,1.3322676295501878e-15,0.8739463116026934,0.9525479505233622,4.4542330459768145e-11,-0.6316649062949073,12.017929693227199,1.9127129164079741,0.052487759121722474,-0.6316649062949073,0.9374687208030286,0.05128241420204962,0.8171119178092452,1.5869616297180085,0.7730823048033115,0.08845878683160621,3.9630383702819922,0.1115412131683938,0.25,4.0,4.625,0.08108108108108107
0.025,0.95,0.025,0.975,2.0,1.5,0.05,0.037500000000000006,1.9,1.4249999999999998,0.05,0.037500000000000006,ok,`gtol` termination condition is satisfied.,True,True,True,5,5.684341886080802e-14,9.51236056992024e-16,0.0,6.661338147750939e-16,0.8662767890666653,0.9501630654628936,4.3372694164717243e-10,-0.6281646043446116,11.97747950845592,1.9062750695526445,0.05237349726388405,-0.6281646043446116,0.9495782612285817,0.052245216749057716,0.8212047364202906,1.6421276051584068,0.7730823048033114,0.04462097533723821,4.057872394841592,0.055379024662761796,0.25,4.0,4.75,0.07894736842105263
0.025,0.975,0.0,1.0,2.0,1.5,0.05,0.037500000000000006,1.95,1.4625,0.0,0.0,ok,`gtol` termination condition is satisfied.,True,True,True,4,3.9238520602597107e-14,4.002966042486721e-16,0.0,7.216449660063518e-16,0.8581688861605001,0.9476471110470285,1.394835116797906e-09,-0.6248355577472313,11.934880137725026,1.8994951691282185,0.0522821341056439,-0.6248355577472313,0.9624966398005028,0.05328228235630805,0.8256177710526728,1.6988968095665045,nan,nan,4.151103190433496,nan,0.25,4.0,4.875,0.07692307692307693
0.05,0.0,0.95,0.05,2.0,1.5,0.1,0.07500000000000001,0.0,0.0,1.9,1.4249999999999998,ok,`gtol` termination condition is satisfied.,True,True,True,4,2.6159013735064738e-14,3.608224830031759e-16,-2.220446049250313e-16,9.54097911787244e-16,0.9995466652377774,1.0194780935556607,1.525942032553971e-08,-0.9999999822158193,0.0,0.0,1.0,-0.9999999822158193,0.7644855931015473,0.07568265456162662,nan,nan,0.7730823048033113,1.4407924882459437,nan,2.359207511754056,0.5,2.0,0.0,nan
0.05,0.025,0.925,0.07500000000000001,2.0,1.5,0.1,0.07500000000000001,0.05,0.037500000000000006,1.85,1.3875000000000002,ok,`xtol` termination condition is satisfied.,True,True,True,5,1.955855251175518e-13,8.121767085755589e-16,0.0,1.7832957333041577e-15,1.0011959927896568,1.0196679138732578,2.238037225363148e-08,-2.4376774630286717,0.0,0.0,1.0,-2.4376774630286717,0.7635531192895675,0.07551421946774134,0.7577067780132786,0.03784008243491175,0.7730823048033114,1.4026157383470406,0.11215991756508828,2.29738426165296,0.5,2.0,0.125,2.9999999999999996
0.05,0.05,0.9,0.1,2.0,1.5,0.1,0.07500000000000001,0.1,0.07500000000000001,1.8,1.35,ok,`gtol` termination condition is satisfied.,True,True,True,5,8.71967124502158e-14,6.753223014464259e-16,-2.220446049250313e-16,1.0182826803983858e-15,1.00133861353962,1.0183804853820042,1.7645445328623718e-09,-2.717459628999001,15.705316019245133,2.4995786772831914,0.17049464152337163,-2.717459628999001,0.7639118122348283,0.07557924419318542,0.757613270278242,0.07566004746388075,0.7730823048033113,1.3664324568473811,0.2243399525361193,2.2335675431526187,0.5,2.0,0.25,1.4999999999999998
0.05,0.075,0.875,0.125,2.0,1.5,0.1,0.07500000000000001,0.15,0.11249999999999999,1.75,1.3125,ok,`gtol` termination condition is satisfied.,True,True,True,5,1.2207539743030213e-13,4.613190423717512e-16,-4.440892098500626e-16,-5.377642775528102e-17,1.0009460697083654,1.0165334528816041,1.356065944699521e-08,-2.359476162513105,14.885414527010619,2.369087301945647,0.1565547353847676,-2.359476162513105,0.7647625312988672,0.0757323113182671,0.7578719435104302,0.11357334322685982,0.7730823048033113,1.3308898291253448,0.33642665677314015,2.169110170874655,0.5,2.0,0.375,1.0
0.05,0.1,0.85,0.15000000000000002,2.0,1.5,0.1,0.07500000000000001,0.2,0.15000000000000002,1.7,1.275,ok,`gtol` termination condition is satisfied.,True,True,True,5,8.71967124502158e-15,4.47545209131181e-16,-2.220446049250313e-16,4.605690828718423e-16,1.0002978540667748,1.0143900312557326,1.7668673830128012e-08,-2.092661797071271,14.361383596026608,2.285685188946494,0.14419174715735145,-2.092661797071271,0.7658956274349898,0.07593387625375057,0.7583080579011356,0.15161645200340798,0.7730823048033113,1.2955962476668925,0.4483835479965921,2.1044037523331074,0.5,2.0,0.5,0.7499999999999999
0.05,0.125,0.825,0.175,2.0,1.5,0.1,0.07500000000000001,0.25,0.1875,1.65,1.2374999999999998,ok,`gtol` termination condition is satisfied.,True,True,True,5,5.684341886080802e-14,9.992007221626409e-16,0.0,1.003537530852583e-15,0.9995043530424373,1.0120534614986485,2.2092408997410106e-09,-1.8883623464789052,13.9994133705661,2.228075838312366,0.13367802613251092,-1.8883623464789052,0.7672350995440284,0.07616912784212351,0.7588570468085258,0.1898083396281882,0.7730823048033115,1.2603936960371407,0.5601916603718118,2.0396063039628594,0.5,2.0,0.625,0.6
0.05,0.15,0.8,0.2,2.0,1.5,0.1,0.07500000000000001,0.3,0.22499999999999998,1.6,1.2000000000000002,ok,`gtol` termination condition is satisfied.,True,True,True,5,3.9238520602597107e-14,7.550332863779066e-16,0.0,9.072603779358701e-16,0.9986177522930154,1.0095718744154143,7.988918416263901e-09,-1.7280397944725714,13.734645702864238,2.185936755226703,0.12483197063402157,-1.7280397944725714,0.7687490891708034,0.07643157241022641,0.7594900290491223,0.22816238564912034,0.7730823048033114,1.225204187073392,0.6718376143508795,1.974795812926608,0.5,2.0,0.75,0.5
0.05,0.175,0.775,0.22499999999999998,2.0,1.5,0.1,0.07500000000000001,0.35,0.26249999999999996,1.55,1.1625,ok,`gtol` termination condition is satisfied.,True,True,True,5,5.684341886080802e-14,5.164700352369266e-16,0.0,1.4584687624275006e-15,0.9976657539620498,1.006970167603902,4.714749147032421e-09,-1.5994576040853605,13.532180312162065,2.15371338749142,0.11737951507448238,-1.5994576040853605,0.7704238924915064,0.07671817787271464,0.7601925561579879,0.26668991453165247,0.7730823048033114,1.1899831901638647,0.7833100854683474,1.9100168098361354,0.5,2.0,0.875,0.4285714285714286
0.05,0.2,0.75,0.25,2.0,1.5,0.1,0.07500000000000001,0.4,0.30000000000000004,1.5,1.125,ok,`gtol` termination condition is satisfied.,True,True,True,5,3.487868498008632e-14,2.8609792490763985e-16,-2.220446049250313e-16,1.2333883914195098e-15,0.996664272428066,1.0042620043305666,1.6902192655095361e-09,-1.4943520331695765,13.371742546778629,2.1281789240720284,0.11106308747488221,-1.4943520331695765,0.7722544822003685,0.07702757967375537,0.7609569559609997,0.3054015186506734,0.7730823048033114,1.154702111803944,0.8945984813493268,1.845297888196056,0.5,2.0,1.0,0.37499999999999994
0.05,0.225,0.725,0.275,2.0,1.5,0.1,0.07500000000000001,0.45,0.3375,1.45,1.0875,ok,`gtol` termination condition is satisfied.,True,True,True,4,5.684341886080802e-14,6.206335383118183e-16,-2.220446049250313e-16,3.8077180297690916e-16,0.9956229599518766,1.0014550317325566,5.5844050718554616e-09,-1.4070065104383145,13.240828707414003,2.10734333941801,0.10566780937886985,-1.4070065104383145,0.7742404826109232,0.07735931170664027,0.7617791101320576,0.3443076479232612,0.7730823048033112,1.1193406657765554,1.005692352076739,1.7806593342234445,0.5,2.0,1.125,0.3333333333333333
0.05,0.25,0.7,0.3,2.0,1.5,0.1,0.07500000000000001,0.5,0.375,1.4,1.0499999999999998,ok,`gtol` termination condition is satisfied.,True,True,True,4,3.487868498008632e-14,4.613190423717512e-16,0.0,3.0509449133742095e-16,0.994547879229522,0.9990347452894394,3.89496981797602e-09,-1.3333721340906908,13.131345349146912,2.0899185217635012,0.10102170515849117,-1.3333721340906908,0.7763842640705931,0.07771343967077539,0.7626569380102898,0.383418915236701,0.7730823048033112,1.083883171733782,1.116581084763299,1.7161168282662178,0.5,2.0,1.25,0.3
0.05,0.275,0.675,0.325,2.0,1.5,0.1,0.07500000000000001,0.55,0.41250000000000003,1.35,1.0125000000000002,ok,`gtol` termination condition is satisfied.,True,True,True,4,5.684341886080802e-14,2.5589376332604516e-16,-2.220446049250313e-16,1.3092825434934952e-15,0.9934429042282514,0.9971651362426145,1.7301816737421913e-09,-1.2705167749934585,13.03783942385949,2.0750365915456266,0.09698898910877574,-1.2705167749934585,0.7786899654204633,0.07809037210773531,0.7635896215617619,0.4227462797021263,0.7730823048033114,1.0483166013565244,1.227253720297874,1.6516833986434758,0.5,2.0,1.375,0.2727272727272727
0.05,0.3,0.65,0.35,2.0,1.5,0.1,0.07500000000000001,0.6,0.44999999999999996,1.3,0.9750000000000001,ok,`gtol` termination condition is satisfied.,True,True,True,4,1.743934249004316e-14,9.43689570931383e-16,0.0,8.534839501805891e-16,0.9923105022277384,0.9952292324985857,1.5918588159633665e-09,-1.2162731792756731,12.956510483434858,2.0620926886606203,0.09346261078215465,-1.2162731792756731,0.7811629622376992,0.07849075737823137,0.7645771838318557,0.4623011741478371,0.7730823048033114,1.0126294723924747,1.3376988258521627,1.5873705276075254,0.5,2.0,1.5,0.25
0.05,0.325,0.625,0.375,2.0,1.5,0.1,0.07500000000000001,0.65,0.48750000000000004,1.25,0.9375,ok,`gtol` termination condition is satisfied.,True,True,True,4,5.684341886080802e-14,8.968100940422724e-16,-2.220446049250313e-16,-1.1275702593849246e-16,0.989293425142421,0.9932273211753113,6.5511420929942e-10,-1.1690093428235233,12.884631978270392,2.050652869261639,0.09035782737910605,-1.1690093428235233,0.7838095659403399,0.0789154254247495,0.7656202492149471,0.5020956070870304,0.7730823048033113,0.9768111830572621,1.4479043929129698,1.5231888169427379,0.5,2.0,1.625,0.23076923076923075
0.05,0.35,0.6,0.39999999999999997,2.0,1.5,0.1,0.07500000000000001,0.7,0.5249999999999999,1.2,0.8999999999999999,ok,`gtol` termination condition is satisfied.,True,True,True,4,9.965338565738948e-15,3.510833468576701e-16,-2.220446049250313e-16,7.667477763817487e-16,0.9860203009826927,0.9911589964172849,3.2785245765475046e-09,-1.1274754226964219,12.820197949672078,2.0403978751068927,0.08760710277689752,-1.1274754226964219,0.7866368504133037,0.07936535442413763,0.7667199033972452,0.5421422543165086,0.7730823048033113,0.9408515877811092,1.557857745683491,1.4591484122188907,0.5,2.0,1.75,0.2142857142857143
0.05,0.375,0.575,0.425,2.0,1.5,0.1,0.07500000000000001,0.75,0.5625,1.15,0.8624999999999999,ok,`gtol` termination condition is satisfied.,True,True,True,4,1.8601965322712704e-14,4.440892098500626e-16,0.0,1.2385925618474403e-15,0.9826513164427217,0.9890233134874975,2.924442080909855e-09,-1.0906995442673386,12.761699516522132,2.0310875603079483,0.08515618956047558,-1.0906995442673386,0.7896525533542639,0.07984165212140332,0.7678776111399386,0.5824545485541772,0.7730823048033113,0.9047407108171619,1.6675454514458228,1.395259289182838,0.5,2.0,1.875,0.19999999999999998
0.05,0.4,0.55,0.45,2.0,1.5,0.1,0.07500000000000001,0.8,0.6000000000000001,1.1,0.8250000000000001,ok,`gtol` termination condition is satisfied.,True,True,True,4,3.487868498008632e-14,1.0677783136387644e-15,-4.440892098500626e-16,4.0592529337857286e-16,0.9791840409012388,0.9875280041480413,5.148629019090878e-16,-1.0579154847366694,12.707979022661418,2.0225376781646776,0.08296115513340425,-1.0579154847366694,0.792865024042508,0.0803455463575109,0.7690951695073601,0.6230467723664183,0.7730823048033114,0.8684685409097814,1.776953227633582,1.3315314590902187,0.5,2.0,2.0,0.18749999999999997
0.05,0.425,0.525,0.475,2.0,1.5,0.1,0.07500000000000001,0.85,0.6375,1.05,0.7875000000000001,ok,`gtol` termination condition is satisfied.,True,True,True,4,1.3079506867532369e-14,3.8559277963506344e-16,0.0,6.661338147750939e-16,0.9756155676802595,0.9862702098158315,5.054328416668545e-10,-1.0285115591478253,12.658132214588923,2.014604312262587,0.08098612942043201,-1.0285115591478253,0.7962832018328928,0.08087838174356063,0.7703746840824652,0.6639341581577033,0.7730823048033113,0.8320248742786657,1.8860658418422966,1.2679751257213345,0.5,2.0,2.125,0.17647058823529413
0.05,0.45,0.5,0.5,2.0,1.5,0.1,0.07500000000000001,0.9,0.675,1.0,0.75,ok,`gtol` termination condition is satisfied.,True,True,True,4,4.35983562251079e-15,2.9893669801409083e-16,0.0,1.214306433183765e-15,0.971942539404471,0.9849868132195461,1.016025011757246e-09,-1.0019938752534396,12.61144102357369,2.007173178413665,0.0792015939722156,-1.0019938752534396,0.7999166165089806,0.08144162076344025,0.7717185610648151,0.7051329983678922,0.7730823048033114,0.7953991861257504,1.994867001632108,1.2046008138742494,0.5,2.0,2.25,0.16666666666666666
0.05,0.475,0.475,0.525,2.0,1.5,0.1,0.07500000000000001,0.95,0.7124999999999999,0.95,0.7124999999999999,ok,`gtol` termination condition is satisfied.,True,True,True,4,1.3079506867532369e-14,7.021666937153402e-16,0.0,1.790234627208065e-15,0.9681611536989754,0.9836770140271636,5.10319536092444e-10,-0.9779595060453636,12.567326353553675,2.000152110617112,0.07758307549616185,-0.9779595060453636,0.8037754055329367,0.08203684835147304,0.7731295111764257,0.7466607688744086,0.7730823048033114,0.758580518085419,2.103339231125591,1.1414194819145809,0.5,2.0,2.375,0.15789473684210525
0.05,0.5,0.45,0.55,2.0,1.5,0.1,0.07500000000000001,1.0,0.75,0.9,0.675,ok,`gtol` termination condition is satisfied.,True,True,True,4,2.092721098805179e-14,1.0778315928076987e-15,0.0,1.096345236817342e-15,0.9642671535437775,0.9823398032520825,9.708672337826676e-10,-0.9560766123616586,12.525314247965254,1.9934656763430159,0.07611014090937229,-0.9560766123616586,0.8078703455916891,0.08266577945809138,0.774610563108001,0.7885362687571206,0.7730823048033112,0.7215573731469971,2.2114637312428793,1.078442626853003,0.5,2.0,2.5,0.15
0.05,0.525,0.425,0.5750000000000001,2.0,1.5,0.1,0.07500000000000001,1.05,0.7875000000000001,0.85,0.6375,ok,`gtol` termination condition is satisfied.,True,True,True,4,2.6574236175303862e-14,5.551115123125783e-16,4.440892098500626e-16,1.3600232051658168e-15,0.9602558046573161,0.9809739708286103,5.143072915290756e-11,-0.9360695271597745,12.485011198720462,1.9870512468340313,0.0747656192992647,-0.9360695271597745,0.8122128973724061,0.08333026942332808,0.7761650853845274,0.8307797799827056,0.7730823048033114,0.6843176119277085,2.3192202200172947,1.0156823880722916,0.5,2.0,2.625,0.14285714285714285
0.05,0.55,0.4,0.6000000000000001,2.0,1.5,0.1,0.07500000000000001,1.1,0.8250000000000001,0.8,0.6000000000000001,ok,`gtol` termination condition is satisfied.,True,True,True,4,1.9024737261865264e-14,5.117875266520903e-16,0.0,7.216449660063518e-16,0.9561218609726222,0.9795781055383845,4.42299556454455e-10,-0.9177074142475944,12.446085805111686,1.9808560780293967,0.0735349942025714,-0.9177074142475944,0.8168152635918946,0.08403232720032322,0.7777968163169818,0.8734132511857725,0.7730823048033115,0.6468483454750319,2.426586748814228,0.9531516545249682,0.5,2.0,2.75,0.13636363636363635
0.05,0.575,0.375,0.625,2.0,1.5,0.1,0.07500000000000001,1.15,0.8624999999999999,0.75,0.5625,ok,`gtol` termination condition is satisfied.,True,True,True,4,1.743934249004316e-14,7.850462293418876e-16,-4.440892098500626e-16,4.440892098500626e-16,0.9518595183091187,0.9781505883785981,2.540895797904939e-09,-0.9007955555615604,12.408254918909966,1.9748351054888462,0.07240592613011325,-0.9007955555615604,0.8216904611774707,0.0847741316531568,0.779509902307989,0.9164605105847128,0.7730823048033115,0.6091358204123019,2.533539489415287,0.8908641795876981,0.5,2.0,2.875,0.13043478260869565
0.05,0.6,0.35,0.65,2.0,1.5,0.1,0.07500000000000001,1.2,0.8999999999999999,0.7,0.5249999999999999,ok,`gtol` termination condition is satisfied.,True,True,True,4,5.81311416334772e-15,6.497413668604471e-16,0.0,1.1657341758564144e-15,0.9474623555554695,0.9766895798697816,3.610671646065123e-10,-0.8851685806347467,12.371272999526708,1.9689492502139745,0.07136787425348606,-0.8851685806347467,0.8268524092918481,0.0855580513234215,0.781308945299247,0.9599475142184881,0.7730823048033112,0.5711652924142332,2.6400524857815117,0.8288347075857667,0.5,2.0,3.0,0.125
0.05,0.625,0.325,0.675,2.0,1.5,0.1,0.07500000000000001,1.25,0.9375,0.65,0.48750000000000004,ok,`gtol` termination condition is satisfied.,True,True,True,4,1.743934249004316e-14,7.473417450352271e-16,2.220446049250313e-16,1.3322676295501878e-15,0.9429232619471224,0.975193001337165,7.805566781210813e-10,-0.8706851561124382,12.334923785136867,1.9631640930663243,0.07041179490807592,-0.8706851561124382,0.8323160357135987,0.08638666823912178,0.7831990606605377,1.0039026372044186,0.7730823048033114,0.532920883810301,2.7460973627955814,0.767079116189699,0.5,2.0,3.125,0.12
0.05,0.65,0.3,0.7000000000000001,2.0,1.5,0.1,0.07500000000000001,1.3,0.9750000000000001,0.6,0.44999999999999996,ok,`gtol` termination condition is satisfied.,True,True,True,4,1.6097854606193685e-14,4.577566798522237e-16,-2.220446049250313e-16,1.3877787807814457e-15,0.9382343482568068,0.9736585097949445,3.1878569519204494e-15,-0.8572237843503905,12.299013651179745,1.9574488177399563,0.06952990002908234,-0.8572237843503905,0.8380974050147152,0.0872628065463922,0.7851859473833382,1.0483570177117965,0.7730823048033113,0.49438542059752566,2.8516429822882037,0.7056145794024743,0.5,2.0,3.25,0.11538461538461538
0.05,0.675,0.275,0.7250000000000001,2.0,1.5,0.1,0.07500000000000001,1.35,1.0125000000000002,0.55,0.41250000000000003,ok,`gtol` termination condition is satisfied.,True,True,True,4,1.743934249004316e-14,9.930136612989092e-16,4.440892098500626e-16,1.5543122344752192e-15,0.9333868388351458,0.9720834656644878,3.4179648366713463e-09,-0.8446794460418429,12.263366188953356,1.9517753479179447,0.06871546225370112,-0.8446794460418429,0.8442138731084708,0.08818956699921507,0.7872759731146532,1.0933449659883554,0.7730823048033114,0.4555402432848306,2.9566550340116455,0.6444597567151695,0.5,2.0,3.375,0.1111111111111111
0.05,0.7,0.25,0.75,2.0,1.5,0.1,0.07500000000000001,1.4,1.0499999999999998,0.5,0.375,ok,`gtol` termination condition is satisfied.,True,True,True,5,9.965338565738948e-15,6.661338147750939e-16,0.0,1.0824674490095276e-15,0.9283709403523391,0.9704648921196315,5.82012510480528e-10,-0.8329609000927937,12.227817664547912,1.9461176245391956,0.06796265738946172,-0.8329609000927937,0.8506842741823769,0.08917036866931365,0.7894762774160079,1.138904454305764,0.7730823048033113,0.41636498472793,3.0610955456942355,0.58363501527207,0.5,2.0,3.5,0.10714285714285715
0.05,0.725,0.225,0.775,2.0,1.5,0.1,0.07500000000000001,1.45,1.0875,0.45,0.3375,ok,`gtol` termination condition is satisfied.,True,True,True,4,6.103769871515106e-14,6.753223014464259e-16,-4.440892098500626e-16,1.3877787807814457e-16,0.9231756816888563,0.9687994243265722,5.997749569989614e-10,-0.8219884975770653,12.192213090587492,1.9404509805967136,0.06726643696085317,-0.8219884975770653,0.8575291479264416,0.09020899967066588,0.7917948977459635,1.1850777084531312,0.7730823048033113,0.37683730633487444,3.164922291546868,0.5231626936651256,0.5,2.0,3.625,0.10344827586206896
0.05,0.75,0.2,0.8,2.0,1.5,0.1,0.07500000000000001,1.5,1.125,0.4,0.30000000000000004,ok,`gtol` termination condition is satisfied.,True,True,True,5,1.0189501659662118e-16,8.355534721610419e-16,0.0,1.7486012637846216e-15,0.9177887175509073,0.9670832461736648,1.087718931764275e-10,-0.8116923928809462,12.156402692415503,1.9347515787135527,0.06662242461488821,-0.8116923928809462,0.8647710175180664,0.09130967927728452,0.7942409241637521,1.2319119279124484,0.7730823048033115,0.3369325815493829,3.2680880720875516,0.46306741845061716,0.5,2.0,3.75,0.09999999999999999
0.05,0.775,0.175,0.8250000000000001,2.0,1.5,0.1,0.07500000000000001,1.55,1.1625,0.35,0.26249999999999996,ok,`gtol` termination condition is satisfied.,True,True,True,5,9.000950962602921e-15,4.460365043975677e-16,-4.440892098500626e-16,7.216449660063518e-16,0.9121960858258902,0.9653120111880561,6.319165611865544e-10,-0.8020110763206181,12.120238583183163,1.9289958819667106,0.06602683277066178,-0.8020110763206181,0.8724347323261752,0.09247713461737359,0.7968246908140806,1.279460170853727,0.7730823048033112,0.2966235120776477,3.3705398291462734,0.40337648792235226,0.5,2.0,3.875,0.0967741935483871
0.05,0.8,0.15,0.8500000000000001,2.0,1.5,0.1,0.07500000000000001,1.6,1.2000000000000002,0.3,0.22499999999999998,ok,`gtol` termination condition is satisfied.,True,True,True,5,8.71967124502158e-15,3.885780586188048e-16,0.0,6.661338147750939e-16,0.9063819051172198,0.9634807430960406,1.0207934034769125e-10,-0.7928901631759064,12.083571476408363,1.9231601306746227,0.0654763963019235,-0.7928901631759064,0.8805478941903991,0.0937166962545182,0.7995580151446846,1.3277824527355129,0.7730823048033113,0.25587965749492675,3.4722175472644876,0.34412034250507323,0.5,2.0,4.0,0.09374999999999999
0.05,0.825,0.125,0.875,2.0,1.5,0.1,0.07500000000000001,1.65,1.2374999999999998,0.25,0.1875,ok,`gtol` termination condition is satisfied.,True,True,True,5,4.35983562251079e-15,7.447602459741819e-16,0.0,2.220446049250313e-16,0.9003279938055447,0.9615837097273338,4.951605025577491e-10,-0.784281385023482,12.04624725033022,1.9172197955972068,0.06496832072429094,-0.784281385023482,0.8891413930939535,0.09503441857537541,0.8024544999381629,1.3769471253557486,0.7730823048033112,0.214666852003461,3.573052874644251,0.28533314799653897,0.5,2.0,4.125,0.09090909090909091
0.05,0.85,0.1,0.9,2.0,1.5,0.1,0.07500000000000001,1.7,1.275,0.2,0.15000000000000002,ok,`gtol` termination condition is satisfied.,True,True,True,5,1.743934249004316e-14,4.965068306494546e-16,-4.440892098500626e-16,3.0531133177191805e-16,0.8940133845865316,0.9596142614165623,5.7697550240477e-10,-0.7761417494421143,12.00810316463088,1.9111489758084361,0.06450024388353826,-0.7761417494421143,0.8982500881468481,0.09643723324256095,0.80552991925297,1.4270326294531808,0.7730823048033114,0.17294647219646517,3.672967370546819,0.22705352780353485,0.5,2.0,4.25,0.08823529411764706
0.05,0.875,0.075,0.925,2.0,1.5,0.1,0.07500000000000001,1.75,1.3125,0.15,0.11249999999999999,ok,`gtol` termination condition is satisfied.,True,True,True,5,7.972270852591158e-15,3.7238012298709097e-16,-2.220446049250313e-16,9.43689570931383e-16,0.8874136974637458,0.9575646212774148,1.1214602538923007e-09,-0.7684328347789551,11.968963475141292,1.9049197007550862,0.06407021035475113,-0.7684328347789551,0.9079136847442276,0.09793314744300871,0.8088027183067605,1.478129752902364,0.7730823048033113,0.13067450508361597,3.771870247097636,0.16932549491638402,0.5,2.0,4.375,0.08571428571428572
0.05,0.9,0.05,0.9500000000000001,2.0,1.5,0.1,0.07500000000000001,1.8,1.35,0.1,0.07500000000000001,ok,`gtol` termination condition is satisfied.,True,True,True,5,5.684341886080802e-14,4.440892098500626e-16,-4.440892098500626e-16,9.992007221626409e-16,0.8805003175252367,0.955425608986199,9.695455946857557e-10,-0.7611202020519174,11.928634107359006,1.8985010825207644,0.06367665940390393,-0.7611202020519174,0.9181778813985014,0.0995315039318416,0.8122946709263068,1.5303445856122877,0.7730823048033114,0.0878003436700809,3.8696554143877124,0.11219965632991911,0.5,2.0,4.5,0.08333333333333333
0.05,0.925,0.025,0.9750000000000001,2.0,1.5,0.1,0.07500000000000001,1.85,1.3875000000000002,0.05,0.037500000000000006,ok,`gtol` termination condition is satisfied.,True,True,True,5,5.684341886080802e-14,6.661338147750939e-16,-2.220446049250313e-16,5.551115123125783e-16,0.8732392979166572,0.9531862707656613,2.093823317512568e-09,-0.7541728996737358,11.88689591597619,1.8918582430464737,0.06331842752487167,-0.7541728996737358,0.9290958948906275,0.10124332807550887,0.8160317593828529,1.5838024541054516,0.7730823048033114,0.04426520351567453,3.9661975458945493,0.05573479648432548,0.5,2.0,4.625,0.08108108108108107
0.05,0.95,0.0,1.0,2.0,1.5,0.1,0.07500000000000001,1.9,1.4249999999999998,0.0,0.0,ok,`gtol` termination condition is satisfied.,True,True,True,4,1.0899589056276975e-13,1.2212453270876722e-15,0.0,5.551115123125783e-16,0.8655898669186476,0.9508333739070524,4.88318667004434e-10,-0.7475630586802504,11.843495816372004,1.8849509026637867,0.0629947697196565,-0.7475630586802504,0.9407305285373991,0.10308180023771522,0.8200453754390828,1.6386532657472392,nan,nan,4.06134673425276,nan,0.5,2.0,4.75,0.07894736842105263
0.075,0.0,0.925,0.075,2.0,1.5,0.15,0.11249999999999999,0.0,0.0,1.85,1.3875000000000002,ok,`gtol` termination condition is satisfied.,True,True,True,4,8.71967124502158e-15,9.865194114397749e-16,-4.440892098500626e-16,1.2975731600306517e-15,0.998149754520065,1.0172449595600834,4.7958189143174756e-08,-1.0000000454334312,0.0,0.0,1.0,-1.0000000454334312,0.7651580861138333,0.11370444332123456,nan,nan,0.7730823048033113,1.4059565991898644,nan,2.2940434008101356,0.75,1.3333333333333335,0.0,nan
0.075,0.025,0.9,0.1,2.0,1.5,0.15,0.11249999999999999,0.05,0.037500000000000006,1.8,1.35,ok,`xtol` termination condition is satisfied.,True,True,True,5,3.051884935757553e-13,8.125323285481904e-16,-4.440892098500626e-16,5.724587470723463e-16,0.9996080808484862,1.0171974811643532,3.0147579912699045e-08,-2.019510358720425,0.0,0.0,1.0,-2.019510358720425,0.7644182383916648,0.11350582926154415,0.7587843391094242,0.037954091890961605,0.7730823048033113,1.3680216225595645,0.11204590810903842,2.2319783774404356,0.75,1.3333333333333335,0.125,2.9999999999999996
0.075,0.05,0.875,0.125,2.0,1.5,0.15,0.11249999999999999,0.1,0.07500000000000001,1.75,1.3125,ok,`xtol` termination condition is satisfied.,True,True,True,5,6.103769871515106e-14,4.47545209131181e-16,0.0,1.2281842209915794e-15,0.9999221207306608,1.0160346223891625,9.213845537694006e-09,-2.8108667026224725,0.0,0.0,1.0,-2.8108667026224725,0.7646534689876332,0.11356916251893888,0.7585659411547976,0.07586250223172382,0.7730823048033113,1.33154324035191,0.22413749776827624,2.16845675964809,0.75,1.3333333333333335,0.25,1.4999999999999998
0.075,0.075,0.85,0.15,2.0,1.5,0.15,0.11249999999999999,0.15,0.11249999999999999,1.7,1.275,ok,`gtol` termination condition is satisfied.,True,True,True,5,2.325245665339088e-14,5.654666382881406e-16,0.0,-8.673617379884035e-18,0.9997194535992593,1.0143382577852658,7.0581747282832206e-09,-2.715395364706882,15.484012763501656,2.4643571702092872,0.17273171087757164,-2.715395364706882,0.765353449732565,0.11375661163799673,0.7587065879650298,0.11383792501488518,0.7730823048033114,1.2956623770015114,0.33616207498511474,2.1043376229984885,0.75,1.3333333333333335,0.375,1.0
0.075,0.1,0.825,0.175,2.0,1.5,0.15,0.11249999999999999,0.2,0.15000000000000002,1.65,1.2374999999999998,ok,`gtol` termination condition is satisfied.,True,True,True,5,1.743934249004316e-14,5.924125117820893e-16,-4.440892098500626e-16,1.609823385706477e-15,0.9992360707570102,1.0123264936267753,1.6262524457887067e-09,-2.463756289490518,14.876557487108032,2.3676776602639884,0.16338780929005112,-2.463756289490518,0.7663429922232669,0.11401918794941399,0.7590464102474223,0.151925342261189,0.7730823048033113,1.260053758304331,0.44807465773881106,2.039946241695669,0.75,1.3333333333333335,0.5,0.7499999999999999
0.075,0.125,0.8,0.2,2.0,1.5,0.15,0.11249999999999999,0.25,0.1875,1.6,1.2000000000000002,ok,`gtol` termination condition is satisfied.,True,True,True,5,5.580589596813811e-14,3.425452989923995e-16,0.0,9.02923569245928e-16,0.9985805088764732,1.0100989831467169,1.9198568647360573e-10,-2.258082468302675,14.434673406429328,2.2973496245503546,0.1545549202897875,-2.258082468302675,0.767548266775453,0.11433554906260023,0.7595170690449631,0.19014918233771505,0.7730823048033114,1.2245648281240118,0.559850817662285,1.9754351718759884,0.75,1.3333333333333335,0.625,0.6
0.075,0.15,0.775,0.22499999999999998,2.0,1.5,0.15,0.11249999999999999,0.3,0.22499999999999998,1.55,1.1625,ok,`gtol` termination condition is satisfied.,True,True,True,4,6.394425579682492e-14,2.5133742693021536e-16,0.0,1.1505553454416173e-15,0.9978095145373205,1.0077071986669577,3.1083804367782306e-09,-2.087934453108685,14.099580754047006,2.244017972529934,0.14648740068619334,-2.087934453108685,0.7689347171929127,0.11469528167351346,0.7600849575477308,0.22852607029915276,0.7730823048033114,1.1891128435226723,0.6714739297008472,1.9108871564773278,0.75,1.3333333333333335,0.75,0.5
0.075,0.175,0.75,0.25,2.0,1.5,0.15,0.11249999999999999,0.35,0.26249999999999996,1.5,1.125,ok,`gtol` termination condition is satisfied.,True,True,True,4,8.138359828686808e-14,5.4672143489065705e-16,0.0,1.848781544522282e-15,0.9969554997544845,1.005179927107529,1.5677214839530625e-09,-1.9455301870689223,13.836891569951097,2.202209690384293,0.139234992531274,-1.9455301870689223,0.7704856856541025,0.11509302692739111,0.7607320019715312,0.26706929321881023,0.7730823048033114,1.1536476464883847,0.7829307067811896,1.8463523535116153,0.75,1.3333333333333335,0.875,0.4285714285714286
0.075,0.2,0.725,0.275,2.0,1.5,0.15,0.11249999999999999,0.4,0.30000000000000004,1.45,1.0875,ok,`gtol` termination condition is satisfied.,True,True,True,4,5.684341886080802e-14,5.815852873680766e-16,-4.440892098500626e-16,8.127179484951341e-16,0.9960381907651109,1.0026228504237493,1.3887814384520496e-09,-1.8250285232265475,13.625236613400746,2.1685237578194045,0.13275908785000726,-1.8250285232265475,0.7721936956266596,0.11552604680318711,0.7614479419813405,0.3057906610574565,0.7730823048033114,1.118135892332308,0.8942093389425436,1.781864107667692,0.75,1.3333333333333335,1.0,0.37499999999999994
0.075,0.225,0.7,0.3,2.0,1.5,0.15,0.11249999999999999,0.45,0.3375,1.4,1.0499999999999998,ok,`gtol` termination condition is satisfied.,True,True,True,4,5.684341886080802e-14,1.2212453270876722e-15,-4.440892098500626e-16,1.0109101056254843e-15,0.9950701584207826,1.000994674699193,1.0198635208697457e-09,-1.7220114637506683,13.450702440543056,2.1407457814706476,0.12698746557055177,-1.7220114637506683,0.7740564432204605,0.11599309109008059,0.7622268196689518,0.3447013921062478,0.7730823048033112,1.0825535612273445,1.0052986078937522,1.7174464387726553,0.75,1.3333333333333335,1.125,0.3333333333333333
0.075,0.25,0.675,0.325,2.0,1.5,0.15,0.11249999999999999,0.5,0.375,1.35,1.0125000000000002,ok,`gtol` termination condition is satisfied.,True,True,True,4,5.684341886080802e-14,6.206335383118183e-16,-2.220446049250313e-16,7.3075226425523e-16,0.9940596771041549,0.9992909080093713,9.250899402963074e-10,-1.6331073493893609,13.303880716657561,2.117378378360998,0.12183966466864374,-1.6331073493893609,0.7760747815918315,0.11649382207496581,0.763065228710099,0.3838125850416861,0.7730823048033114,1.0468820780916972,1.116187414958314,1.653117921908303,0.75,1.3333333333333335,1.25,0.3
0.075,0.275,0.65,0.35000000000000003,2.0,1.5,0.15,0.11249999999999999,0.55,0.41250000000000003,1.3,0.9750000000000001,ok,`gtol` termination condition is satisfied.,True,True,True,4,5.684341886080802e-14,5.661048867003676e-16,-4.440892098500626e-16,5.785302792382652e-16,0.9930123046255397,0.9975155015026362,4.890504055451251e-09,-1.5557174326665058,13.178204616821212,2.0973764058435322,0.11723819568351523,-1.5557174326665058,0.7782516363996306,0.11702850259880003,0.7639613773439073,0.423135499511858,0.7730823048033114,1.0111061558595442,1.226864500488142,1.5888938441404559,0.75,1.3333333333333335,1.375,0.2727272727272727
0.075,0.3,0.625,0.375,2.0,1.5,0.15,0.11249999999999999,0.6,0.44999999999999996,1.25,0.9375,ok,`gtol` termination condition is satisfied.,True,True,True,4,5.81311416334772e-15,6.661338147750939e-16,-2.220446049250313e-16,3.5995512126518747e-16,0.9909151672879071,0.9956707557404265,6.934255426263098e-10,-1.4878178200517858,13.06896447509501,2.0799902973037483,0.11311295619988927,-1.4878178200517858,0.7805913917258612,0.11759781843929587,0.764914558772689,0.46268174257042893,0.7730823048033112,0.9752125236401478,1.3373182574295708,1.5247874763598523,0.75,1.3333333333333335,1.5,0.25
0.075,0.325,0.6,0.4,2.0,1.5,0.15,0.11249999999999999,0.65,0.48750000000000004,1.2,0.8999999999999999,ok,`gtol` termination condition is satisfied.,True,True,True,4,1.162622832669544e-14,2.9893669801409083e-16,-4.440892098500626e-16,9.228728892196614e-16,0.9877656478936574,0.993757809086059,2.4917635875867623e-09,-1.4278157784971497,12.972701735675889,2.064669606489628,0.10940245109527802,-1.4278157784971497,0.7830995297085921,0.11820277373650949,0.7659248393073971,0.5024634075055192,0.7730823048033113,0.9391891363525626,1.447536592494481,1.4608108636474373,0.75,1.3333333333333335,1.625,0.23076923076923075
0.075,0.35,0.575,0.425,2.0,1.5,0.15,0.11249999999999999,0.7,0.5249999999999999,1.15,0.8624999999999999,ok,`gtol` termination condition is satisfied.,True,True,True,4,0.0,6.459137513653699e-16,0.0,6.956241138666996e-16,0.9845186859913903,0.9917769427968928,7.492917871765112e-11,-1.3744449974775377,12.88682303545512,2.0510015868431855,0.10605357866468165,-1.3744449974775377,0.7857824149376436,0.11884462841841316,0.766992869563687,0.5424931891309391,0.7730823048033113,0.9030246588245892,1.5575068108690604,1.3969753411754107,0.75,1.3333333333333335,1.75,0.2142857142857143
0.075,0.375,0.55,0.45,2.0,1.5,0.15,0.11249999999999999,0.75,0.5625,1.1,0.8250000000000001,ok,`gtol` termination condition is satisfied.,True,True,True,4,1.45327854083693e-14,3.925231146709438e-16,-4.440892098500626e-16,9.783840404509192e-16,0.9811729270071775,0.9897277757033948,2.877367991979836e-09,-1.3266887242752308,12.809347186600085,2.0386709225276665,0.10302083760328415,-1.3266887242752308,0.7886471658390293,0.11952486105765923,0.7681197687478063,0.5827844889913276,0.7730823048033114,0.8667081121750333,1.6672155110086724,1.3332918878249669,0.75,1.3333333333333335,1.875,0.19999999999999998
0.075,0.4,0.525,0.47500000000000003,2.0,1.5,0.15,0.11249999999999999,0.8,0.6000000000000001,1.05,0.7875000000000001,ok,`gtol` termination condition is satisfied.,True,True,True,4,4.35983562251079e-14,5.551115123125783e-16,-2.220446049250313e-16,7.28583859910259e-16,0.9777263776965572,0.9876093896038571,1.3198311605713366e-10,-1.2837228856621017,12.738734980071516,2.0274326408160186,0.10026536100018908,-1.2837228856621017,0.791701581072377,0.12024514794102027,0.7693070544564031,0.6233515186846532,0.7730823048033114,0.8302286187224089,1.7766484813153471,1.2697713812775913,0.75,1.3333333333333335,2.0,0.18749999999999997
0.075,0.425,0.5,0.5,2.0,1.5,0.15,0.11249999999999999,0.85,0.6375,1.0,0.75,ok,`gtol` termination condition is satisfied.,True,True,True,4,3.2826997628316536e-14,3.477763656540197e-16,-2.220446049250313e-16,-3.469446951953614e-16,0.9741764831140872,0.9860943026746033,2.8647419477858343e-09,-1.2448736258945656,12.673772057343648,2.0170934705461816,0.09775396289259419,-1.2448736258945656,0.7949541026697547,0.12100735306404409,0.7705566022168312,0.6642094068567376,0.7730823048033113,0.7935752075764023,1.8857905931432621,1.2064247924235976,0.75,1.3333333333333335,2.125,0.17647058823529413
0.075,0.45,0.475,0.525,2.0,1.5,0.15,0.11249999999999999,0.9,0.675,0.95,0.7124999999999999,ok,`gtol` termination condition is satisfied.,True,True,True,4,5.684341886080802e-14,9.43689570931383e-16,-4.440892098500626e-16,2.3592239273284576e-16,0.9705201701276133,0.9848438609944491,3.3605816504319145e-09,-1.2095853083141983,12.613486626059908,2.0074987461609477,0.09545827341380893,-1.2095853083141983,0.7984138052805333,0.12181352596842247,0.7718706255154937,0.7053743141196874,0.7730823048033112,0.7567366574839717,1.9946256858803126,1.1432633425160281,0.75,1.3333333333333335,2.25,0.16666666666666666
0.075,0.475,0.45,0.5499999999999999,2.0,1.5,0.15,0.11249999999999999,0.95,0.7124999999999999,0.9,0.675,ok,`gtol` termination condition is satisfied.,True,True,True,4,7.342881048439225e-15,7.021666937153402e-16,-4.440892098500626e-16,7.28583859910259e-16,0.9667538666465276,0.983565308345681,2.5188309639485254e-09,-1.1773961720071635,12.557090562961722,1.998523033947949,0.09335398633155248,-1.1773961720071635,0.8020904053460686,0.12266590563627261,0.7732516708276003,0.746863559596028,0.7730823048033112,0.7197013617710978,2.1031364404039716,1.0802986382289022,0.75,1.3333333333333335,2.375,0.15789473684210525
0.075,0.5,0.425,0.575,2.0,1.5,0.15,0.11249999999999999,1.0,0.75,0.85,0.6375,ok,`gtol` termination condition is satisfied.,True,True,True,4,6.9757369960172635e-15,6.206335383118183e-16,-2.220446049250313e-16,1.9012569296705806e-15,0.9628735021145823,0.9822578756859237,5.860596492648736e-10,-1.1479196472686333,12.503936528190076,1.990063306568763,0.09142021959831273,-1.1479196472686333,0.8059942867680049,0.12356692945902922,0.7747026244380536,0.7886957627059681,0.7730823048033113,0.6824572050634925,2.2113042372940317,1.0175427949365075,0.75,1.3333333333333335,2.5,0.15
0.075,0.525,0.4,0.6,2.0,1.5,0.15,0.11249999999999999,1.05,0.7875000000000001,0.8,0.6000000000000001,ok,`gtol` termination condition is satisfied.,True,True,True,4,5.684341886080802e-14,7.021666937153402e-16,0.0,-3.122502256758253e-16,0.9588744925049958,0.9809205560946225,1.423230999972845e-09,-1.1208298800978795,12.453486233684933,1.9820338928178276,0.0896389782688301,-1.1208298800978795,0.8101365414249663,0.12451924682965801,0.7762267292934374,0.8308910040615851,0.7730823048033114,0.6449914443202553,2.3191089959384152,0.9550085556797447,0.75,1.3333333333333335,2.625,0.14285714285714285
0.075,0.55,0.375,0.625,2.0,1.5,0.15,0.11249999999999999,1.1,0.8250000000000001,0.75,0.5625,ok,`gtol` termination condition is satisfied.,True,True,True,4,5.684341886080802e-14,5.551115123125783e-16,0.0,1.942890293094024e-16,0.9547517114904579,0.9795521117127686,8.261389860528791e-10,-1.0958504218369527,12.405286606405435,1.9743626838811084,0.08799470656460386,-1.0958504218369527,0.8145290241612578,0.12552573728872712,0.7778276111130713,0.8734710098560503,0.7730823048033115,0.6072905883534291,2.42652899014395,0.8927094116465709,0.75,1.3333333333333335,2.75,0.13636363636363635
0.07500000000000001,0.5750000000000001,0.35000000000000003,0.6500000000000001,2.0,1.5,0.15,0.11249999999999999,1.15,0.8624999999999999,0.7,0.5249999999999999,ok,`gtol` termination condition is satisfied.,True,True,True,4,1.2131716514812633e-14,6.206335383118183e-16,0.0,9.853229343548264e-16,0.9504994483187383,0.9781510725721108,8.844717089363775e-10,-1.0727453200427641,12.358951615872655,1.9669882410997004,0.08647391565200353,-1.0727453200427641,0.8191844228685197,0.12658953346065507,0.779509313722565,0.916459364936047,0.7730823048033112,0.5693402708644679,2.533540635063953,0.830659729135532,0.75,1.3333333333333335,2.875,0.13043478260869565
0.075,0.6,0.325,0.6749999999999999,2.0,1.5,0.15,0.11249999999999999,1.2,0.8999999999999999,0.65,0.48750000000000004,ok,`gtol` termination condition is satisfied.,True,True,True,4,5.81311416334772e-15,4.577566798522237e-16,-2.220446049250313e-16,9.159339953157541e-16,0.946111352005837,0.9767157281806838,2.2335630292056414e-09,-1.0513120411571337,12.314148217166492,1.9598575587282976,0.08506487436908931,-1.0513120411571337,0.8241163451665057,0.1277140492935138,0.7812763441856938,0.9598817608570315,0.7730823048033114,0.5311251123420114,2.6401182391429683,0.7688748876579886,0.75,1.3333333333333335,3.0,0.125
0.075,0.625,0.3,0.7,2.0,1.5,0.15,0.11249999999999999,1.25,0.9375,0.6,0.44999999999999996,ok,`gtol` termination condition is satisfied.,True,True,True,4,5.684341886080802e-14,7.216449660063518e-16,-2.220446049250313e-16,7.91033905045424e-16,0.9415803606290368,0.9752441121659033,4.2937284995248743e-10,-1.0313758093027914,12.27058531043955,1.9529243067872535,0.08375735254825727,-1.0313758093027914,0.8293394240766255,0.1289030143988315,0.7831337288876321,1.003766286715107,0.7730823048033112,0.4926285660547393,2.746233713284893,0.7073714339452606,0.75,1.3333333333333335,3.125,0.12
0.075,0.65,0.275,0.725,2.0,1.5,0.15,0.11249999999999999,1.3,0.9750000000000001,0.55,0.41250000000000003,ok,`gtol` termination condition is satisfied.,True,True,True,4,5.684341886080802e-14,2.482534153247273e-16,0.0,1.8041124150158794e-16,0.9368986136600084,0.9737339797977068,1.9426455730610336e-09,-1.0127850457510896,12.228004924826456,1.9461474279381705,0.08254240791660589,-1.0127850457510896,0.8348694460679268,0.1301605156071125,0.7850870823339189,1.0481437725384986,0.7730823048033114,0.4538327428843017,2.851856227461502,0.6461672571156984,0.75,1.3333333333333335,3.25,0.11538461538461538
0.075,0.675,0.25,0.75,2.0,1.5,0.15,0.11249999999999999,1.35,1.0125000000000002,0.5,0.375,ok,`gtol` termination condition is satisfied.,True,True,True,4,5.684341886080802e-14,4.041272810440265e-16,-4.440892098500626e-16,5.551115123125783e-16,0.9320573443321091,0.9721827777605717,6.773445572876284e-10,-0.9954076647360968,12.186175046597514,1.9394899960491023,0.08141220865277346,-0.9954076647360968,0.8407235060374878,0.13149104724169502,0.7871426911399682,1.093048197672006,0.7730823048033114,0.4147182088658314,2.956951802327995,0.5852817911341686,0.75,1.3333333333333335,3.375,0.1111111111111111
0.07500000000000001,0.7000000000000001,0.22500000000000003,0.7750000000000001,2.0,1.5,0.15,0.11249999999999999,1.4,1.0499999999999998,0.44999999999999996,0.33749999999999997,ok,`gtol` termination condition is satisfied.,True,True,True,4,4.650491330678176e-14,2.7755575615628914e-16,-2.220446049250313e-16,1.1102230246251565e-15,0.9270467478893587,0.9705876050621995,7.691779920856588e-11,-0.9791280518653954,12.14488365794696,1.9329182674382381,0.08035988616338606,-0.9791280518653954,0.8469201952803761,0.13289957210583292,0.7893076165679034,1.138517180140838,0.7730823048033113,0.3752637479755333,3.0614828198591613,0.5247362520244666,0.75,1.3333333333333335,3.5,0.10714285714285715
0.075,0.725,0.2,0.7999999999999999,2.0,1.5,0.15,0.11249999999999999,1.45,1.0875,0.4,0.30000000000000004,ok,`gtol` termination condition is satisfied.,True,True,True,4,4.35983562251079e-14,1.1322097734007351e-15,-2.220446049250313e-16,1.0269562977782698e-15,0.9218558200982548,0.9689451634050142,1.4123198260887058e-09,-0.9638445805226655,12.10393364324914,1.9264008701793944,0.07937941283280543,-0.9638445805226655,0.8534798304590279,0.13439159582563498,0.7915898201129002,1.184592567787996,0.7730823048033114,0.3354460808072626,3.1654074322120036,0.4645539191927374,0.75,1.3333333333333335,3.625,0.10344827586206896
0.075,0.75,0.175,0.825,2.0,1.5,0.15,0.11249999999999999,1.5,1.125,0.35,0.26249999999999996,ok,`gtol` termination condition is satisfied.,True,True,True,5,2.90655708167386e-15,6.753223014464259e-16,0.0,1.304512053934559e-15,0.916472158457376,0.9672516946415158,7.191459909866291e-11,-0.9494675584094763,12.063138300990943,1.9199080898038765,0.07846550081251442,-0.9494675584094763,0.8604247342081917,0.13597325806519878,0.7939983181765403,1.2313211585596855,0.7730823048033112,0.29523952711951723,3.2686788414403143,0.4047604728804827,0.75,1.3333333333333335,3.75,0.09999999999999999
0.075,0.775,0.15,0.85,2.0,1.5,0.15,0.11249999999999999,1.55,1.1625,0.3,0.22499999999999998,ok,`gtol` termination condition is satisfied.,True,True,True,5,5.684341886080802e-14,6.753223014464259e-16,0.0,7.771561172376096e-16,0.9108817158838737,0.9655029020019998,6.616946083939744e-10,-0.9359175199663003,12.022317220778381,1.9134112131056966,0.07761351888657513,-0.9359175199663003,0.8677795816158176,0.1376514453330936,0.79654337397297,1.278755586438979,0.7730823048033113,0.2546155965112829,3.3712444135610213,0.3453844034887171,0.75,1.3333333333333335,3.875,0.0967741935483871
0.075,0.8,0.125,0.875,2.0,1.5,0.15,0.11249999999999999,1.6,1.2000000000000002,0.25,0.1875,ok,`gtol` termination condition is satisfied.,True,True,True,5,0.0,8.95090418262362e-16,-2.220446049250313e-16,1.7208456881689926e-15,0.9050684929485825,0.9636938505028404,6.752417116160433e-11,-0.923123803433175,11.981292327963796,1.9068818986244402,0.07681942545913946,-0.923123803433175,0.875571831861461,0.13943393178638283,0.7992367377694692,1.3269554223718498,0.7730823048033112,0.21354248623900296,3.473044577628151,0.28645751376099704,0.75,1.3333333333333335,4.0,0.09374999999999999
0.07500000000000001,0.8250000000000001,0.10000000000000002,0.9000000000000001,2.0,1.5,0.15,0.11249999999999999,1.6499999999999997,1.2374999999999998,0.19999999999999998,0.15,ok,`gtol` termination condition is satisfied.,True,True,True,5,1.162622832669544e-14,5.551115123125783e-16,0.0,2.220446049250313e-16,0.8990141494477505,0.9618188401334354,9.828748504072419e-11,-0.9110233517226938,11.93988387550033,1.9002915387290937,0.07607971545435724,-0.9110233517226938,0.8838322714782919,0.1413295568487808,0.8020919507888419,1.375988557905544,0.7730823048033113,0.1719844577036308,3.5740114420944553,0.22801554229636917,0.75,1.3333333333333335,4.124999999999999,0.09090909090909093
0.07500000000000001,0.8500000000000001,0.07500000000000001,0.925,2.0,1.5,0.15000000000000002,0.11250000000000002,1.7000000000000002,1.2750000000000001,0.15000000000000002,0.11250000000000002,ok,`gtol` termination condition is satisfied.,True,True,True,5,8.206749407079134e-15,3.510833468576701e-16,0.0,1.27675647831893e-15,0.8926975084132182,0.9598712427956815,6.364170056649976e-11,-0.8995597049651001,11.897906167144205,1.8936105789445465,0.07539138092625362,-0.8995597049651001,0.8925957061445794,0.14334845197061247,0.8051247342640165,1.4259329660323752,0.7730823048033113,0.12990105229107377,3.674067033967625,0.17009894770892628,0.7500000000000001,1.3333333333333333,4.25,0.08823529411764705
0.075,0.875,0.05,0.95,2.0,1.5,0.15,0.11249999999999999,1.75,1.3125,0.1,0.07500000000000001,ok,`gtol` termination condition is satisfied.,True,True,True,5,7.972270852591158e-15,9.155133597044475e-16,-2.220446049250313e-16,1.609823385706477e-15,0.8860939142389322,0.9578432900725787,1.5465585817555312e-10,-0.8886821465475565,11.855162722359049,1.8868077484222134,0.07475188492277893,-0.8886821465475565,0.9019018534009182,0.14550233408034569,0.8083534943154236,1.4768789735373113,0.7730823048033115,0.0872460912303312,3.7731210264626887,0.11275390876966881,0.75,1.3333333333333335,4.375,0.08571428571428572
0.075,0.9,0.025,0.975,2.0,1.5,0.15,0.11249999999999999,1.8,1.35,0.05,0.037500000000000006,ok,`gtol` termination condition is satisfied.,True,True,True,5,7.750818884463627e-15,3.1401849173675503e-16,-2.220446049250313e-16,9.43689570931383e-16,0.8791743892225172,0.9557257929703968,3.610691704350794e-10,-0.8783449794386506,11.811440533774503,1.879849145986187,0.07415914959983697,-0.8783449794386506,0.9117965122079363,0.1478048912246832,0.8117999873158177,1.5289322396824057,0.7730823048033114,0.043966379951477744,3.8710677603175947,0.05603362004852226,0.75,1.3333333333333335,4.5,0.08333333333333333
0.075,0.925,0.0,1.0,2.0,1.5,0.15,0.11249999999999999,1.85,1.3875000000000002,0.0,0.0,ok,`gtol` termination condition is satisfied.,True,True,True,4,1.5404752532871457e-13,4.577566798522237e-16,0.0,9.992007221626409e-16,0.8719045056916079,0.9535077655067651,5.56553608816516e-10,-0.8685069142969175,11.766502904474592,1.872697100152275,0.07361156091773252,-0.8685069142969175,0.9223331218920611,0.15027229830219604,0.815490212294591,1.5822177304903025,nan,nan,3.9677822695096983,nan,0.75,1.3333333333333335,4.625,0.08108108108108107
0.1,0.0,0.9,0.1,2.0,1.5,0.2,0.15000000000000002,0.0,0.0,1.8,1.35,ok,`gtol` termination condition is satisfied.,True,True,True,4,7.847704120519421e-14,5.530259263078839e-16,0.0,9.194034422677078e-16,0.9964849474881774,1.0147308549537672,2.397909396913341e-08,-0.9999999734961467,0.0,0.0,1.0,-0.9999999734961467,0.7660633667525766,0.15192701568773015,nan,nan,0.7730823048033113,1.3713470343910668,nan,2.2286529656089336,1.0,1.0,0.0,nan
0.1,0.025,0.875,0.125,2.0,1.5,0.2,0.15000000000000002,0.05,0.037500000000000006,1.75,1.3125,ok,`gtol` termination condition is satisfied.,True,True,True,5,8.71967124502158e-14,5.79553433516819e-16,-4.440892098500626e-16,9.454242944073599e-16,0.9979071200437228,1.014595078983764,5.764362313900928e-09,-1.7896847516838994,0.0,0.0,1.0,-1.7896847516838994,0.7653815746460148,0.1516854835567657,0.7600122097161319,0.03808030799914688,0.7730823048033112,1.333432481025708,0.11191969200085314,2.1665675189742917,1.0,1.0,0.125,2.9999999999999996
0.1,0.05,0.85,0.15000000000000002,2.0,1.5,0.2,0.15000000000000002,0.1,0.07500000000000001,1.7,1.275,ok,`gtol` termination condition is satisfied.,True,True,True,4,7.847704120519421e-14,5.79553433516819e-16,-2.220446049250313e-16,4.787836793695988e-16,0.9983646234851845,1.013525565801573,1.4675644169696537e-08,-2.4401799183504753,0.0,0.0,1.0,-2.4401799183504753,0.7655197928134807,0.1517345903044336,0.759674522359731,0.07609189112769124,0.7730823048033113,1.2967012994154012,0.2239081088723088,2.103298700584599,1.0,1.0,0.25,1.4999999999999998
0.1,0.075,0.825,0.175,2.0,1.5,0.2,0.15000000000000002,0.15,0.11249999999999999,1.65,1.2374999999999998,ok,`gtol` termination condition is satisfied.,True,True,True,5,5.684341886080802e-14,8.163159687020606e-16,0.0,1.222980050563649e-15,0.9983225089037213,1.011946036968659,3.3060880064645214e-09,-2.941373787958335,15.912798268780213,2.5326005029005256,0.18176418572009082,-2.941373787958335,0.7661010584962538,0.15194031834251226,0.7597053797884188,0.11414728802759345,0.7730823048033112,1.2605274948717147,0.3358527119724065,2.039472505128285,1.0,1.0,0.375,1.0
0.1,0.1,0.8,0.2,2.0,1.5,0.2,0.15000000000000002,0.2,0.15000000000000002,1.6,1.2000000000000002,ok,`gtol` termination condition is satisfied.,True,True,True,5,4.35983562251079e-14,6.106226635438361e-16,-2.220446049250313e-16,9.384854005034526e-16,0.9979852916420692,1.0100421844042933,2.6468193465840203e-09,-2.7133309999868676,15.267903901562445,2.429962376585698,0.17497313478722873,-2.7133309999868676,0.7669738965454943,0.15224698232480424,0.7599541249111705,0.15229766035143746,0.7730823048033114,1.2246336903392019,0.44770233964856265,1.9753663096607983,1.0,1.0,0.5,0.7499999999999999
0.1,0.125,0.775,0.225,2.0,1.5,0.2,0.15000000000000002,0.25,0.1875,1.55,1.1625,ok,`gtol` termination condition is satisfied.,True,True,True,5,6.278163296415537e-14,5.978733960281817e-16,0.0,1.3461454173580023e-15,0.9974569364940992,1.0079077867974449,3.6781603139503863e-10,-2.5190137510368,14.780630565411622,2.3524104165004154,0.1680042775755569,-2.5190137510368,0.7680678107020801,0.15262779698986478,0.7603498012683597,0.19057208723738672,0.7730823048033114,1.1888761929824694,0.5594279127626133,1.9111238070175307,1.0,1.0,0.625,0.6
0.1,0.15,0.75,0.25,2.0,1.5,0.2,0.15000000000000002,0.3,0.22499999999999998,1.5,1.125,ok,`gtol` termination condition is satisfied.,True,True,True,5,7.557048412352036e-14,3.885780586188048e-16,-2.220446049250313e-16,1.1579279202145187e-15,0.9967957727197841,1.0055948617484989,6.307426220030606e-10,-2.3523104605629577,14.400207747432388,2.291864244554072,0.16121575240047697,-2.3523104605629577,0.7693472306293987,0.1530687026018268,0.7608551102002219,0.22899026992987984,0.7730823048033114,1.153171621410881,0.6710097300701201,1.846828378589119,1.0,1.0,0.75,0.5
0.1,0.175,0.725,0.275,2.0,1.5,0.2,0.15000000000000002,0.35,0.26249999999999996,1.45,1.0875,ok,`gtol` termination condition is satisfied.,True,True,True,5,2.9896015697216847e-14,5.398084850998442e-16,-4.440892098500626e-16,8.638922910364499e-16,0.9960369365412699,1.0038861212629522,1.9321052037107405e-09,-2.2083411049275146,14.095275439642153,2.243332760460837,0.1547842634724456,-2.2083411049275146,0.7707937152361372,0.15356198256161369,0.7614489356538856,0.26756751451839106,0.7730823048033112,1.1174670232496122,0.7824324854816087,1.7825329767503877,1.0,1.0,0.875,0.4285714285714286
0.1,0.2,0.7,0.30000000000000004,2.0,1.5,0.2,0.15000000000000002,0.4,0.30000000000000004,1.4,1.0499999999999998,ok,`gtol` termination condition is satisfied.,True,True,True,5,5.684341886080802e-14,3.0531133177191805e-16,0.0,1.7954387976359953e-15,0.995202740730965,1.002441368151084,1.4723915388254097e-09,-2.0831867160151782,13.845415366159767,2.203566294684811,0.14878569384163154,-2.0831867160151782,0.7723980873021192,0.15410339434150458,0.7621187337182725,0.3063169754369869,0.7730823048033112,1.0817260941303444,0.8936830245630133,1.7182739058696554,1.0,1.0,1.0,0.37499999999999994
0.1,0.225,0.675,0.325,2.0,1.5,0.2,0.15000000000000002,0.45,0.3375,1.35,1.0125000000000002,ok,`gtol` termination condition is satisfied.,True,True,True,5,6.200655107570901e-14,6.713178136967714e-16,-2.220446049250313e-16,1.065987575987748e-15,0.9943079262447965,1.0009087129127052,2.4298425411109678e-09,-1.9736898010659605,13.636785600497918,2.170361836203624,0.14324028066758504,-1.9736898010659605,0.7741565950741112,0.15469074953324535,0.7628568628251826,0.345250781181861,0.7730823048033114,1.0459222001418291,1.004749218818139,1.654077799858171,1.0,1.0,1.125,0.3333333333333333
0.1,0.25,0.65,0.35,2.0,1.5,0.2,0.15000000000000002,0.5,0.375,1.3,0.9750000000000001,ok,`gtol` termination condition is satisfied.,True,True,True,5,2.092721098805179e-14,4.47545209131181e-16,-2.220446049250313e-16,1.420738526825005e-15,0.9933625186649137,0.9992957957494657,2.6109191260725625e-09,-1.87729860785914,13.459694132760445,2.1421768537338064,0.13813841550041722,-1.87729860785914,0.7760688916806282,0.15532315756388856,0.7636586699224551,0.38438065438024477,0.7730823048033114,1.0100345752154671,1.1156193456197552,1.589965424784533,1.0,1.0,1.25,0.3
0.1,0.275,0.625,0.375,2.0,1.5,0.2,0.15000000000000002,0.55,0.41250000000000003,1.25,0.9375,ok,`gtol` termination condition is satisfied.,True,True,True,4,4.795819184761869e-14,1.3506446028928519e-15,-2.220446049250313e-16,1.160530005428484e-15,0.9921017716291475,0.9976075863757112,3.6825481696983384e-10,-1.7919434391091922,13.307170241050576,2.1179019224285676,0.1334554335888729,-1.7919434391091922,0.778136907190018,0.15600059939739916,0.7645214290194351,0.423718284832922,0.7730823048033113,0.9740461197012827,1.2262817151670782,1.5259538802987174,1.0,1.0,1.375,0.2727272727272727
0.1,0.3,0.6,0.4,2.0,1.5,0.2,0.15000000000000002,0.6,0.44999999999999996,1.2,0.8999999999999999,ok,`gtol` termination condition is satisfied.,True,True,True,4,5.684341886080802e-14,4.440892098500626e-16,-2.220446049250313e-16,1.3253287356462806e-15,0.9890789709095585,0.9958472218482564,1.0198621850534712e-09,-1.7159382901634102,13.1740844178028,2.09672065580323,0.12916003336923332,-1.7159382901634102,0.7803641900582844,0.1567236766720013,0.7654437231721247,0.46327557504438516,0.7730823048033113,0.937942058267461,1.3367244249556147,1.4620579417325388,1.0,1.0,1.5,0.25
0.1,0.325,0.575,0.42500000000000004,2.0,1.5,0.2,0.15000000000000002,0.65,0.48750000000000004,1.15,0.8624999999999999,ok,`gtol` termination condition is satisfied.,True,True,True,4,1.3079506867532369e-14,4.965068306494546e-16,0.0,2.983724378680108e-16,0.9859550795385601,0.994016529150888,3.1569683490987404e-09,-1.6479029095520366,13.056586057385996,2.0780202109377024,0.12521898668281367,-1.6479029095520366,0.7827555100512371,0.1574934595342967,0.7664250708998833,0.5030648177779252,0.7730823048033113,0.9017090828721046,1.446935182222075,1.3982909171278952,1.0,1.0,1.625,0.23076923076923075
0.1,0.35,0.55,0.44999999999999996,2.0,1.5,0.2,0.15000000000000002,0.7,0.5249999999999999,1.1,0.8250000000000001,ok,`gtol` termination condition is satisfied.,True,True,True,4,1.9930677131477896e-14,1.942890293094024e-16,0.0,1.8283985436795547e-15,0.9827300993185274,0.9921163604346991,8.840208971730333e-10,-1.5867012573120696,12.951733094155154,2.061332343541681,0.12159968795159125,-1.5867012573120696,0.7853166143785414,0.15831139283590734,0.7674656942245468,0.5430988373552322,0.7730823048033114,0.8653347810078724,1.5569011626447673,1.3346652189921278,1.0,1.0,1.75,0.2142857142857143
0.1,0.375,0.525,0.475,2.0,1.5,0.2,0.15000000000000002,0.75,0.5625,1.05,0.7875000000000001,ok,`gtol` termination condition is satisfied.,True,True,True,4,3.720393064542541e-14,2.1677797545656835e-16,0.0,8.083811398051921e-16,0.9794031513738222,0.9901468123922875,2.7627787701636374e-10,-1.5313930165499543,12.857241686935954,2.046293569003036,0.11827145096518926,-1.5313930165499543,0.7880540779016149,0.1591792384803224,0.7685663725182311,0.5833911127476791,0.7730823048033115,0.8288072372493833,1.666608887252321,1.2711927627506168,1.0,1.0,1.875,0.19999999999999998
0.1,0.4,0.5,0.5,2.0,1.5,0.2,0.15000000000000002,0.8,0.6000000000000001,1.0,0.75,ok,`gtol` termination condition is satisfied.,True,True,True,4,5.684341886080802e-14,2.0014830212433605e-16,0.0,9.922618282587337e-16,0.975972625205235,0.9881073712956056,1.3001687917515417e-10,-1.481195389793955,12.771313193383033,2.0326176245016487,0.1152060867579423,-1.481195389793955,0.7909752138380206,0.1600990412207723,0.7697283505884959,0.6239558934891016,0.7730823048033112,0.7921147426043242,1.7760441065108987,1.2078852573956758,1.0,1.0,2.0,0.18749999999999997
0.1,0.425,0.475,0.525,2.0,1.5,0.2,0.15000000000000002,0.85,0.6375,0.95,0.7124999999999999,ok,`gtol` termination condition is satisfied.,True,True,True,4,8.71967124502158e-15,3.433175098891678e-16,-4.440892098500626e-16,4.0245584642661925e-16,0.9724362736796754,0.9859970086183342,2.210396102969735e-09,-1.4354529584726199,12.692512165343755,2.020076051368475,0.11237807719800265,-1.4354529584726199,0.7940880253330269,0.1610731104439704,0.7709532825421642,0.6648083157477742,0.7730823048033113,0.7552455718091294,1.8851916842522256,1.1447544281908706,1.0,1.0,2.125,0.17647058823529413
0.1,0.45,0.45,0.55,2.0,1.5,0.2,0.15000000000000002,0.9,0.675,0.9,0.675,ok,`gtol` termination condition is satisfied.,True,True,True,4,5.684341886080802e-14,5.933464366067994e-16,0.0,1.1587952819525071e-15,0.9687912702911857,0.9844954763877901,1.5124423304236776e-09,-1.3936138412085743,12.619678774939835,2.008484257263549,0.1097645288758397,-1.3936138412085743,0.7974011862214675,0.16210401348246853,0.7722432003709205,0.7059645239650268,0.7730823048033114,0.718187803358152,1.9940354760349734,1.081812196641848,1.0,1.0,2.25,0.16666666666666666
0.1,0.475,0.425,0.575,2.0,1.5,0.2,0.15000000000000002,0.95,0.7124999999999999,0.85,0.6375,ok,`gtol` termination condition is satisfied.,True,True,True,4,1.468576209687845e-14,8.252325904466732e-16,2.220446049250313e-16,1.3877787807814457e-15,0.9650342388389946,0.9832477565922593,1.4368796817720026e-09,-1.355210763522396,12.551864922364144,1.9976913474160227,0.10734501478900219,-1.355210763522396,0.8009240440374186,0.16319457780368868,0.7736005005521737,0.7474418025337305,0.7730823048033113,0.6809291656567305,2.1025581974662693,1.0190708343432695,1.0,1.0,2.375,0.15789473684210525
0.1,0.5,0.4,0.6,2.0,1.5,0.2,0.15000000000000002,1.0,0.75,0.8,0.6000000000000001,ok,`gtol` termination condition is satisfied.,True,True,True,4,5.684341886080802e-14,5.578801654593729e-16,0.0,7.771561172376096e-16,0.9611612618127992,0.981969439610446,5.26349504797403e-10,-1.3198459638950275,12.488286919727681,1.9875725940245201,0.10510136610006396,-1.3198459638950275,0.8046666412838295,0.16434790056055923,0.7750279446237097,0.7892587216677217,0.7730823048033115,0.6434568978323066,2.210741278332278,0.9565431021676934,1.0,1.0,2.5,0.15
0.1,0.525,0.375,0.625,2.0,1.5,0.2,0.15000000000000002,1.05,0.7875000000000001,0.75,0.5625,ok,`gtol` termination condition is satisfied.,True,True,True,4,1.9930677131477896e-14,5.578801654593729e-16,0.0,1.27675647831893e-15,0.9571678712698011,0.9806597137416715,1.0048816198270822e-09,-1.287179101887197,12.428289955240752,1.9780237805559164,0.10301744915347531,-1.287179101887197,0.8086397529264309,0.16556736474806488,0.7765286714019362,0.8314353017124312,0.7730823048033114,0.6057576168256585,2.3185646982875694,0.8942423831743415,1.0,1.0,2.625,0.14285714285714285
0.1,0.55,0.35,0.65,2.0,1.5,0.2,0.15000000000000002,1.1,0.8250000000000001,0.7,0.5249999999999999,ok,`gtol` termination condition is satisfied.,True,True,True,4,5.684341886080802e-14,4.440892098500626e-16,0.0,3.0531133177191805e-16,0.9530490242716412,0.9793175062196302,4.806066556222073e-10,-1.256917522047061,12.371321049591296,1.9689568976192697,0.10107894687869348,-1.256917522047061,0.8128549394658903,0.16685666175801067,0.7781062196796233,0.8739932005827233,0.7730823048033112,0.5678171841956321,2.426006799417277,0.8321828158043678,1.0,1.0,2.75,0.13636363636363635
0.1,0.575,0.325,0.6749999999999999,2.0,1.5,0.2,0.15000000000000002,1.15,0.8624999999999999,0.65,0.48750000000000004,ok,`gtol` termination condition is satisfied.,True,True,True,4,5.684341886080802e-14,5.273559366969494e-16,-2.220446049250313e-16,7.771561172376096e-16,0.9487990636891708,0.9779414867767587,2.5793302353461316e-09,-1.2288083766201203,12.316908204646559,1.9602968243786218,0.09927315466284865,-1.2288083766201203,0.8173246160318642,0.16821982056118123,0.7797645610989501,0.9169559297656577,0.7730823048033114,0.5296205670442925,2.533044070234342,0.7703794329557075,1.0,1.0,2.875,0.13043478260869565
0.1,0.6,0.3,0.7,2.0,1.5,0.2,0.15000000000000002,1.2,0.8999999999999999,0.6,0.44999999999999996,ok,`gtol` termination condition is satisfied.,True,True,True,4,5.684341886080802e-14,4.996003610813204e-16,0.0,1.915134717478395e-15,0.9444116641698571,0.9765300628962392,5.306182919073689e-10,-1.202632213996764,12.264644117029194,1.9519787364881305,0.09758879466104482,-1.202632213996764,0.8220621389017403,0.1696612441375878,0.7815081435977019,0.960349105419081,0.7730823048033113,0.4911516878497185,2.6396508945809187,0.7088483121502814,1.0,1.0,3.0,0.125
0.1,0.625,0.275,0.725,2.0,1.5,0.2,0.15000000000000002,1.25,0.9375,0.55,0.41250000000000003,ok,`gtol` termination condition is satisfied.,True,True,True,4,1.1161179193627622e-14,7.776515945702112e-16,4.440892098500626e-16,9.853229343548264e-16,0.9398797621542222,0.9750813672530789,4.251916900185211e-10,-1.1781977403585568,12.214173290570034,1.9439460549752219,0.09601585054458048,-1.1781977403585568,0.8270819117978557,0.17118575417021348,0.7833419464717732,1.0042007425987196,0.7730823048033115,0.4523932579070175,2.7457992574012806,0.6476067420929825,1.0,1.0,3.125,0.12
0.1,0.65,0.25,0.75,2.0,1.5,0.2,0.15000000000000002,1.3,0.9750000000000001,0.5,0.375,ok,`gtol` termination condition is satisfied.,True,True,True,4,5.684341886080802e-14,5.613217783960923e-16,-2.220446049250313e-16,1.0547118733938987e-15,0.9351954679148677,0.9735932373065866,4.913304993014842e-10,-1.155337511366265,12.165181682111298,1.9361487983189913,0.09454542180270895,-1.155337511366265,0.8323995153633315,0.1727986454577974,0.7852715487639252,1.0485416026689534,0.7730823048033112,0.41332658857243637,2.8514583973310472,0.5866734114275636,1.0,1.0,3.25,0.11538461538461538
0.1,0.675,0.225,0.775,2.0,1.5,0.2,0.15000000000000002,1.35,1.0125000000000002,0.45,0.3375,ok,`gtol` termination condition is satisfied.,True,True,True,4,5.684341886080802e-14,6.753223014464259e-16,0.0,1.3877787807814457e-15,0.9303499565762964,0.9720631865035433,1.7372524829825151e-09,-1.1339043734143597,12.117388249995559,1.9285422373504444,0.09316959669435183,-1.1339043734143597,0.8380318644625795,0.17450575203136615,0.7873032134492006,1.093405606665824,0.7730823048033113,0.3739313735679855,2.9565943933341767,0.5260686264320145,1.0,1.0,3.375,0.1111111111111111
0.1,0.7,0.2,0.7999999999999999,2.0,1.5,0.2,0.15000000000000002,1.4,1.0499999999999998,0.4,0.30000000000000004,ok,`gtol` termination condition is satisfied.,True,True,True,4,5.684341886080802e-14,2.618455766672135e-16,2.220446049250313e-16,1.3600232051658168e-15,0.925333333851543,0.970488366026875,1.9061153138075202e-09,-1.1137685107821147,12.070537922125547,1.9210857760844562,0.09188134246838829,-1.1137685107821147,0.8439973995205278,0.17631352762965194,0.7894439908202824,1.1388303310354047,0.7730823048033114,0.3341854341658643,3.0611696689645944,0.4658145658341357,1.0,1.0,3.5,0.10714285714285715
0.1,0.725,0.175,0.825,2.0,1.5,0.2,0.15000000000000002,1.45,1.0875,0.35,0.26249999999999996,ok,`gtol` termination condition is satisfied.,True,True,True,4,3.051884935757553e-14,6.661338147750939e-16,4.440892098500626e-16,1.2490009027033011e-15,0.9201344706749504,0.9688655154209718,2.211146596706486e-10,-1.0948149811013952,12.024395604674192,1.9137419981763575,0.09067441109425983,-1.0948149811013952,0.8503163201646871,0.178229144069281,0.7917018456799232,1.1848576071335317,0.7730823048033112,0.29406441700057173,3.1651423928664677,0.4059355829994282,1.0,1.0,3.625,0.10344827586206896
0.1,0.75,0.15,0.85,2.0,1.5,0.2,0.15000000000000002,1.5,1.125,0.3,0.22499999999999998,ok,`gtol` termination condition is satisfied.,True,True,True,5,4.35983562251079e-15,6.206335383118183e-16,-6.661338147750939e-16,-5.551115123125783e-17,0.9147407988471432,0.9671908996740409,2.567798072564715e-09,-1.0769416513650123,11.97874092747932,1.9064758306255287,0.08954325935462178,-1.0769416513650123,0.8570108721899052,0.18026061223380865,0.7940858145570954,1.2315342526869026,0.7730823048033113,0.2535414313358389,3.2684657473130976,0.3464585686641611,1.0,1.0,3.75,0.09999999999999999
0.1,0.775,0.125,0.875,2.0,1.5,0.2,0.15000000000000002,1.55,1.1625,0.25,0.1875,ok,`gtol` termination condition is satisfied.,True,True,True,5,5.046730017175529e-17,8.455206652451151e-16,0.0,4.440892098500626e-16,0.9091380569916484,0.965460229350081,1.3820326628611956e-10,-1.0600574581615614,11.933363471713903,1.899253784235529,0.08848298179479777,-1.0600574581615614,0.8641057026536699,0.1824169320437277,0.7966062013735343,1.278912972893941,0.7730823048033114,0.21258660850736258,3.3710870271060593,0.28741339149263745,1.0,1.0,3.875,0.0967741935483871
0.1,0.8,0.1,0.9,2.0,1.5,0.2,0.15000000000000002,1.6,1.2000000000000002,0.2,0.15000000000000002,ok,`gtol` termination condition is satisfied.,True,True,True,5,1.743934249004316e-14,8.886119947416683e-16,4.440892098500626e-16,9.992007221626409e-16,0.9033099721845688,0.9636685590092282,6.030586870760354e-10,-1.044080937133062,11.888058242711377,1.8920432330918666,0.08748925595194391,-1.044080937133062,0.8716283032204005,0.18470828007202644,0.7992748230900087,1.3270534822250721,0.7730823048033114,0.17116656045182055,3.4729465177749286,0.22883343954817947,1.0,1.0,4.0,0.09374999999999999
0.10000000000000002,0.8250000000000001,0.07500000000000001,0.925,2.0,1.5,0.20000000000000004,0.15000000000000002,1.6500000000000001,1.2375,0.15000000000000002,0.11250000000000002,ok,`gtol` termination condition is satisfied.,True,True,True,5,1.3079506867532367e-14,5.978733960281817e-16,2.220446049250313e-16,1.0547118733938987e-15,0.8972378569924366,0.9618101572401807,1.4958484079225284e-09,-1.0289389754139195,11.842621159348232,1.8848116966749435,0.08655829943229655,-1.0289389754139195,0.8796095694641687,0.18714624676880393,0.8021053213081467,1.3760239171896662,0.7730823048033114,0.12924370591005305,3.5739760828103337,0.170756294089947,1.0000000000000002,0.9999999999999999,4.125,0.0909090909090909
0.1,0.85,0.05,0.95,2.0,1.5,0.2,0.15000000000000002,1.7,1.275,0.1,0.07500000000000001,ok,`gtol` termination condition is satisfied.,True,True,True,5,8.206749407079134e-15,7.771561172376096e-16,-4.440892098500626e-16,7.216449660063518e-16,0.8909000934432957,0.9598783388463497,1.6426665043662485e-09,-1.0145657446037848,11.7968443072942,1.8775260843913582,0.08568683850147579,-1.0145657446037848,0.8880845149075939,0.18974414007962356,0.8051135623085622,1.425902638421395,0.7730823048033114,0.08677542077870676,3.6740973615786046,0.11322457922129325,1.0,1.0,4.25,0.08823529411764706
0.1,0.875,0.025,0.975,2.0,1.5,0.2,0.15000000000000002,1.75,1.3125,0.05,0.037500000000000006,ok,`gtol` termination condition is satisfied.,True,True,True,5,4.908692692363254e-17,5.558049685633556e-16,0.0,6.661338147750939e-16,0.8842714632081371,0.9578652455828044,1.5356319034143393e-09,-1.000901790113705,11.750510662686587,1.8701518558205932,0.08487208937716116,-1.000901790113705,0.8970931950626552,0.1925173794402334,0.8083181577317368,1.4767805623533876,0.7730823048033112,0.04371295111110837,3.7732194376466124,0.05628704888889163,1.0,1.0,4.375,0.08571428571428572
0.1,0.9,0.0,1.0,2.0,1.5,0.2,0.15000000000000002,1.8,1.35,0.0,0.0,ok,`gtol` termination condition is satisfied.,True,True,True,4,1.0463605494025895e-13,6.661338147750939e-16,-4.440892098500626e-16,4.440892098500626e-16,0.8773222645573208,0.9557615555074201,5.976571408804055e-10,-0.9878932489584514,11.703387885101023,1.8626520328356306,0.0841117536752419,-0.9878932489584514,0.906681921883912,0.19548401513179975,0.8117411529976218,1.5287642267845707,nan,nan,3.87123577321543,nan,1.0,1.0,4.5,0.08333333333333333
0.125,0.0,0.875,0.125,2.0,1.5,0.25,0.1875,0.0,0.0,1.75,1.3125,ok,`gtol` termination condition is satisfied.,True,True,True,4,4.185442197610358e-14,1.2123818431320796e-15,-4.440892098500626e-16,1.016547956922409e-15,0.9946856857142176,1.0120659987567013,1.5695407336573276e-08,-0.9999999817798361,0.0,0.0,1.0,-0.9999999817798361,0.767085499351152,0.19035750921704261,nan,nan,0.7730823048033113,1.3367646330059428,nan,2.163235366994057,1.25,0.8,0.0,nan
0.125,0.025,0.85,0.15,2.0,1.5,0.25,0.1875,0.05,0.037500000000000006,1.7,1.275,ok,`gtol` termination condition is satisfied.,True,True,True,5,5.2318027470129476e-14,3.6188843062238402e-16,2.220446049250313e-16,9.957312752106873e-16,0.9961244623768193,1.011891579683952,7.313842070832197e-09,-1.6444071293605889,0.0,0.0,1.0,-1.6444071293605889,0.7664167353174969,0.1900644155232852,0.7613796889941569,0.03821709624405038,0.7730823048033114,1.2987951916509781,0.11178290375594964,2.1012048083490216,1.25,0.8,0.125,2.9999999999999996
0.125,0.05,0.825,0.175,2.0,1.5,0.25,0.1875,0.1,0.07500000000000001,1.65,1.2374999999999998,ok,`gtol` termination condition is satisfied.,True,True,True,5,6.975736996017264e-14,4.75098925995612e-16,0.0,1.7572748811645056e-15,0.9967066337846685,1.0108941827361424,1.2521290007360021e-08,-2.1951447066189305,0.0,0.0,1.0,-2.1951447066189305,0.7664752856091731,0.19009015177256872,0.7609240988991139,0.076343838107082,0.7730823048033112,1.261839097216775,0.22365616189291804,2.0381609027832246,1.25,0.8,0.25,1.4999999999999998
0.125,0.075,0.8,0.2,2.0,1.5,0.25,0.1875,0.15,0.11249999999999999,1.6,1.2000000000000002,ok,`gtol` termination condition is satisfied.,True,True,True,4,5.684341886080802e-14,8.617648093045562e-16,0.0,1.8839096949108125e-15,0.9968036578619179,1.0094067306970518,1.2956592243764805e-08,-2.6708624262044487,0.0,0.0,1.0,-2.6708624262044487,0.7669599135242525,0.19030261235774337,0.7608490173748593,0.11449331240519822,0.7730823048033114,1.2254046362769229,0.33550668759480173,1.9745953637230773,1.25,0.8,0.375,1.0
0.125,0.1,0.775,0.225,2.0,1.5,0.25,0.1875,0.2,0.15000000000000002,1.55,1.1625,ok,`gtol` termination condition is satisfied.,True,True,True,5,5.684341886080802e-14,2.914335439641036e-16,0.0,1.2915016278647329e-15,0.9965967531198144,1.0075910294803652,1.6795778155338506e-09,-2.891310087225586,15.570187479376091,2.478072302210243,0.18257411611180857,-2.891310087225586,0.7677361389316769,0.19064090935441297,0.7610094218797698,0.15272163379971967,0.7730823048033114,1.18924994108285,0.4472783662002804,1.91075005891715,1.25,0.8,0.5,0.7499999999999999
0.125,0.125,0.75,0.25,2.0,1.5,0.25,0.1875,0.25,0.1875,1.5,1.125,ok,`gtol` termination condition is satisfied.,True,True,True,4,1.7465831412949998e-13,7.216449660063518e-16,-2.220446049250313e-16,4.2674197509029455e-16,0.9961848270596662,1.0058122585612046,3.52909234698394e-09,-2.7112525780197725,15.057177436276666,2.3964242179951833,0.17721381708439718,-2.7112525780197725,0.7687367539452475,0.19107361920725421,0.7613320453654399,0.1910619457065471,0.7730823048033114,1.1532404989785816,0.5589380542934529,1.8467595010214184,1.25,0.8,0.625,0.6
0.125,0.15,0.725,0.275,2.0,1.5,0.25,0.1875,0.3,0.22499999999999998,1.45,1.0875,ok,`gtol` termination condition is satisfied.,True,True,True,5,6.9757369960172635e-15,6.106226635438361e-16,0.0,4.562322741819003e-16,0.9956263477663824,1.004687979000876,9.435045211493037e-09,-2.5527645683018636,14.647456081234246,2.331215039049873,0.17169244487079952,-2.5527645683018636,0.7699259133289362,0.191583339658995,0.7617763903610856,0.2295368313836041,0.7730823048033114,1.117294190242011,0.6704631686163958,1.7827058097579889,1.25,0.8,0.75,0.5
0.125,0.175,0.7,0.3,2.0,1.5,0.25,0.1875,0.35,0.26249999999999996,1.4,1.0499999999999998,ok,`gtol` termination condition is satisfied.,True,True,True,5,5.684341886080802e-14,8.622116668970984e-16,0.0,5.48172618408671e-16,0.9949579896141382,1.003439562693687,2.675441948500937e-10,-2.412681206338066,14.312951060923561,2.2779769115783726,0.16622128626926527,-2.412681206338066,0.7712840340044372,0.19216006192090956,0.7623186123192858,0.2681635979577631,0.7730823048033114,1.0813569062427013,0.7818364020422367,1.7186430937572985,1.25,0.8,0.875,0.4285714285714286
0.125,0.2,0.675,0.325,2.0,1.5,0.25,0.1875,0.4,0.30000000000000004,1.35,1.0125000000000002,ok,`gtol` termination condition is satisfied.,True,True,True,5,8.71967124502158e-14,8.08254562088053e-16,0.0,1.4103301859691442e-15,0.9942038187624392,1.0020859807519806,4.773652638844619e-10,-2.2883522473058946,14.034776605684025,2.233704071985105,0.1609236742431432,-2.2883522473058946,0.7728006994339794,0.19279800193743307,0.7629440554698047,0.3069567994295169,0.7730823048033113,1.0453905646601798,0.8930432005704833,1.6546094353398204,1.25,0.8,1.0,0.37499999999999994
0.125,0.225,0.65,0.35,2.0,1.5,0.25,0.1875,0.45,0.3375,1.3,0.9750000000000001,ok,`gtol` termination condition is satisfied.,True,True,True,5,5.684341886080802e-14,6.684427777288335e-16,2.220446049250313e-16,1.7286519438108883e-15,0.9933801832420152,1.000639822725579,3.016124613888097e-09,-2.1775497110246285,13.799750330575574,2.196298478545119,0.15586771588633475,-2.1775497110246285,0.774471031953722,0.1934939561580184,0.7636434828041899,0.3459295575439975,0.7730823048033114,1.009366732253958,1.0040704424560025,1.5906332677460422,1.25,0.8,1.125,0.3333333333333333
0.125,0.25,0.625,0.375,2.0,1.5,0.25,0.1875,0.5,0.375,1.25,0.9375,ok,`gtol` termination condition is satisfied.,True,True,True,5,5.684341886080802e-14,4.2001807449902774e-16,0.0,1.779826286352204e-15,0.9924984816070641,0.9991095627088671,2.5521342376061147e-09,-2.078396952913551,13.598396458693431,2.164252014524384,0.15108678483478766,-2.078396952913551,0.7762937120256027,0.19424639223771717,0.7644110375350788,0.38509431082319456,0.7730823048033113,0.973263007793203,1.1149056891768054,1.526736992206797,1.25,0.8,1.25,0.3
0.125,0.275,0.6,0.4,2.0,1.5,0.25,0.1875,0.55,0.41250000000000003,1.2,0.8999999999999999,ok,`gtol` termination condition is satisfied.,True,True,True,5,1.3951473992034527e-14,3.1401849173675503e-16,-2.220446049250313e-16,7.494005416219807e-16,0.9900090882166015,0.9975009059046134,1.81302632655806e-15,-1.9893110604891906,13.42373705521508,2.1364541071033227,0.14659259422339435,-1.9893110604891906,0.7782698393306341,0.19505492043258768,0.7652430790213126,0.42446327251831845,0.7730823048033112,0.9370608581332586,1.2255367274816817,1.4629391418667415,1.25,0.8,1.375,0.2727272727272727
0.125,0.3,0.575,0.425,2.0,1.5,0.25,0.1875,0.6,0.44999999999999996,1.15,0.8624999999999999,ok,`gtol` termination condition is satisfied.,True,True,True,4,5.81311416334772e-14,1.0881460057406233e-15,0.0,1.3409412469300719e-15,0.9870111725835932,0.9958176214874288,2.334182858861328e-09,-1.9089548784705859,13.270527691480678,2.1120700795370286,0.14238360636775027,-1.9089548784705859,0.78040225118074,0.1959199742858215,0.7661374883231564,0.46404873277270425,0.7730823048033113,0.9007442622930509,1.3359512672272955,1.399255737706949,1.25,0.8,1.5,0.25
0.125,0.325,0.55,0.45,2.0,1.5,0.25,0.1875,0.65,0.48750000000000004,1.1,0.8250000000000001,ok,`gtol` termination condition is satisfied.,True,True,True,4,5.684341886080802e-14,1.0605390551611693e-15,0.0,6.661338147750939e-16,0.9839080076196943,0.994062074688408,1.3953824749739965e-09,-1.8361967230467524,13.134756688139554,2.0904614532267423,0.13845045020347307,-1.8361967230467524,0.7826951026147172,0.19684261238415504,0.7670932394170694,0.5038632746810672,0.7730823048033114,0.8642988253962257,1.446136725318933,1.3357011746037744,1.25,0.8,1.625,0.23076923076923075
0.125,0.35,0.525,0.475,2.0,1.5,0.25,0.1875,0.7,0.5249999999999999,1.05,0.7875000000000001,ok,`gtol` termination condition is satisfied.,True,True,True,4,2.441507948606042e-14,1.1657341758564144e-15,0.0,3.5388358909926865e-16,0.9807000842286455,0.9922355754580892,5.795592822976607e-10,-1.7700765794464939,13.013307296101509,2.071132182148382,0.13477939967673874,-1.7700765794464939,0.7851536033001201,0.19782439340013466,0.7681101276349378,0.5439199423504635,0.7730823048033113,0.827711176023744,1.5560800576495362,1.2722888239762562,1.25,0.8,1.75,0.2142857142857143
0.125,0.375,0.5,0.5,2.0,1.5,0.25,0.1875,0.75,0.5625,1.0,0.75,ok,`gtol` termination condition is satisfied.,True,True,True,4,5.684341886080802e-14,7.216449660063518e-16,-2.220446049250313e-16,1.366962099069724e-15,0.9773869201563476,0.9903386111427984,8.158922602395421e-10,-1.7097778300101767,12.90372410289292,2.053691475269441,0.1313545887160216,-1.7097778300101767,0.7877838525260702,0.19886729742290096,0.7691885950242928,0.5842323830449608,0.7730823048033112,0.7909685395417867,1.6657676169550393,1.2090314604582133,1.25,0.8,1.875,0.19999999999999998
0.125,0.4,0.475,0.525,2.0,1.5,0.25,0.1875,0.8,0.6000000000000001,0.95,0.7124999999999999,ok,`gtol` termination condition is satisfied.,True,True,True,4,1.0463605494025895e-14,7.135936359693696e-16,0.0,1.366962099069724e-15,0.9739672247485587,0.988371003311432,5.124262164916736e-10,-1.6546037022097988,12.80404806367367,2.0378275409198756,0.12815940243493246,-1.6546037022097988,0.7905927382385537,0.1999736777965351,0.7703296178057674,0.6248149770318593,0.7730823048033113,0.7540584230159769,1.7751850229681412,1.1459415769840229,1.25,0.8,2.0,0.18749999999999997
0.125,0.425,0.45,0.55,2.0,1.5,0.25,0.1875,0.85,0.6375,0.9,0.675,ok,`gtol` termination condition is satisfied.,True,True,True,4,5.684341886080802e-14,5.661048867003676e-16,0.0,7.147060721024445e-16,0.9704390065236822,0.9863320133329424,8.476662900984547e-10,-1.6039577089177124,12.712697826576715,2.023288699133279,0.12517733174864093,-1.6039577089177124,0.7935878798410045,0.201146234004757,0.7715346351917166,0.6656829641622427,0.7730823048033113,0.7169683716809675,1.884317035837757,1.0830316283190324,1.25,0.8,2.125,0.17647058823529413
0.125,0.45,0.425,0.575,2.0,1.5,0.25,0.1875,0.9,0.675,0.85,0.6375,ok,`gtol` termination condition is satisfied.,True,True,True,4,1.5501637768927254e-14,4.163336342344337e-16,-2.220446049250313e-16,2.0816681711721685e-16,0.9667996403144908,0.9842204121379811,1.377722397127003e-09,-1.55732743420312,12.628382949591064,2.009869569684827,0.12239247954445182,-1.55732743420312,0.7967776024913166,0.20238799984865932,0.7728055069320326,0.706852573732808,0.7730823048033113,0.679685771158396,1.9931474262671922,1.0203142288416038,1.25,0.8,2.25,0.16666666666666666
0.125,0.475,0.4,0.6,2.0,1.5,0.25,0.1875,0.95,0.7124999999999999,0.8,0.6000000000000001,ok,`gtol` termination condition is satisfied.,True,True,True,4,7.342881048439225e-15,5.79553433516819e-16,0.0,1.3739009929736312e-15,0.9630459045641407,0.9827566672358445,1.2006033956410899e-09,-1.5142711047275064,12.550039500454302,1.997400822495843,0.11978984207650499,-1.5142711047275064,0.8001709354769239,0.2037023434302504,0.7741444917904482,0.7483411628938189,0.7730823048033114,0.6421976781289123,2.101658837106181,0.9578023218710878,1.25,0.8,2.375,0.15789473684210525
0.125,0.5,0.375,0.625,2.0,1.5,0.25,0.1875,1.0,0.75,0.75,0.5625,ok,`gtol` termination condition is satisfied.,True,True,True,4,2.7902947984069054e-14,4.041272810440265e-16,-4.440892098500626e-16,9.228728892196614e-16,0.9591739954489952,0.9815062899853185,3.120392928825249e-10,-1.4744064692924848,12.476781612132584,1.9857414674489675,0.11735544707683589,-1.4744064692924848,0.8037776303215175,0.2050929769038034,0.7755542421555731,0.7901673683285045,0.7730823048033112,0.6044906673382758,2.2098326316714956,0.8955093326617242,1.25,0.8,2.5,0.15
0.125,0.525,0.35,0.65,2.0,1.5,0.25,0.1875,1.05,0.7875000000000001,0.7,0.5249999999999999,ok,`gtol` termination condition is satisfied.,True,True,True,4,5.684341886080802e-14,4.577566798522237e-16,2.220446049250313e-16,9.853229343548264e-16,0.9551795219160082,0.9802228051538131,1.688831329717676e-09,-1.4374015746484576,12.407864578583053,1.97477298089633,0.11507640134167603,-1.4374015746484576,0.8076081963313836,0.2065639749371935,0.7770378119352529,0.8323512758958805,0.7730823048033112,0.5665506859661334,2.31764872410412,0.8334493140338665,1.25,0.8,2.625,0.14285714285714285
0.125,0.55,0.325,0.675,2.0,1.5,0.25,0.1875,1.1,0.8250000000000001,0.65,0.48750000000000004,ok,`gtol` termination condition is satisfied.,True,True,True,4,2.5366316349153687e-14,6.753223014464259e-16,-2.220446049250313e-16,9.159339953157541e-16,0.9510574839264281,0.9789052906704269,1.426100520909858e-09,-1.4029671074046752,12.3426564040673,1.9643947775921489,0.11294088326600632,-1.4029671074046752,0.8116739527646498,0.20811980153887694,0.7785986762131576,0.8749146132900222,0.7730823048033114,0.5283629082519529,2.425085386709978,0.7716370917480472,1.25,0.8,2.75,0.13636363636363635
0.125,0.575,0.3,0.7,2.0,1.5,0.25,0.1875,1.15,0.8624999999999999,0.6,0.44999999999999996,ok,`gtol` termination condition is satisfied.,True,True,True,4,5.684341886080802e-14,8.715427528620302e-16,0.0,9.992007221626409e-16,0.9468022348634592,0.977552541468399,1.0938680821171996e-09,-1.3708500208433718,12.280615612254566,1.954520678901817,0.11093810295305595,-1.3708500208433718,0.8159870979693296,0.20976534547737677,0.7802407621252879,0.9178809714885151,0.7730823048033113,0.48991158428019516,2.5321190285114845,0.7100884157198049,1.25,0.8,2.875,0.13043478260869565
0.125,0.6,0.275,0.725,2.0,1.5,0.25,0.1875,1.2,0.8999999999999999,0.55,0.41250000000000003,ok,`gtol` termination condition is satisfied.,True,True,True,4,6.975736996017264e-14,3.3766115072321297e-16,-2.220446049250313e-16,8.326672684688674e-17,0.9424074279799274,0.9761630676958868,1.0505882240252264e-09,-1.3408282148872148,12.221273733564708,1.9450761255759663,0.1090582444959309,-1.3408282148872148,0.8205607968605467,0.21150596503200292,0.7819684912059421,0.9612760618592338,0.7730823048033114,0.45117987721429303,2.6387239381407657,0.6488201227857071,1.25,0.8,3.0,0.125
0.125,0.625,0.25,0.75,2.0,1.5,0.25,0.1875,1.25,0.9375,0.5,0.375,ok,`gtol` termination condition is satisfied.,True,True,True,4,1.3951473992034527e-14,5.003707553108401e-16,-2.220446049250313e-16,4.718447854656915e-16,0.9378659457874678,0.9747350843055183,1.6842905303098453e-10,-1.3127060857750508,12.164221315328806,1.9359959511983764,0.10729240028292324,-1.3127060857750508,0.8254092891218775,0.2133475433282863,0.7837868341704055,1.0051280173330888,0.7730823048033114,0.4121496831587174,2.7448719826669112,0.5878503168412825,1.25,0.8,3.125,0.12
0.125,0.65,0.225,0.775,2.0,1.5,0.25,0.1875,1.3,0.9750000000000001,0.45,0.3375,ok,`gtol` termination condition is satisfied.,True,True,True,4,5.684341886080802e-14,5.389157964038493e-16,0.0,1.4155343563970746e-15,0.9331698103075771,0.9732664920727757,1.6225433436012514e-09,-1.2863107908926374,12.109096601340763,1.9272225804806524,0.10563250325455927,-1.2863107908926374,0.8305480216298466,0.2152965560838847,0.7857013798322868,1.0494677481464112,0.7730823048033114,0.37280142726308835,2.850532251853589,0.5271985727369117,1.25,0.8,3.25,0.11538461538461538
0.125,0.675,0.2,0.8,2.0,1.5,0.25,0.1875,1.35,1.0125000000000002,0.4,0.30000000000000004,ok,`gtol` termination condition is satisfied.,True,True,True,4,5.684341886080802e-14,6.206335383118183e-16,4.440892098500626e-16,1.6653345369377348e-15,0.9283100710128392,0.9717548495452965,8.608339871026365e-10,-1.261489102526623,12.055576229556765,1.918704548755113,0.10407126086648676,-1.261489102526623,0.835993809926175,0.21736015427762384,0.7877184206770109,1.094329365489208,0.7730823048033112,0.33311382864125755,2.955670634510793,0.4668861713587425,1.25,0.8,3.375,0.1111111111111111
0.125,0.7,0.175,0.825,2.0,1.5,0.25,0.1875,1.4,1.0499999999999998,0.35,0.26249999999999996,ok,`gtol` termination condition is satisfied.,True,True,True,4,5.551115123125783e-15,1.7554167342883506e-16,-2.220446049250313e-16,4.163336342344337e-16,0.9232766659715161,0.9701973348560797,1.9651707993943772e-09,-1.2381047491380153,12.003367454451482,1.9103952641243342,0.10260209313405655,-1.2381047491380153,0.8417650352307183,0.21954626512429387,0.7898450586158356,1.1397506902306664,0.7730823048033112,0.29306362507975103,3.0602493097693326,0.4069363749202489,1.25,0.8,3.5,0.10714285714285715
0.125,0.725,0.15,0.85,2.0,1.5,0.25,0.1875,1.45,1.0875,0.3,0.22499999999999998,ok,`gtol` termination condition is satisfied.,True,True,True,4,5.684341886080802e-14,5.661048867003676e-16,0.0,1.5543122344752192e-15,0.9180582500317265,0.9685906956810244,3.288895707810519e-09,-1.216036162383083,11.952201503804016,1.9022519501607942,0.1012190763261724,-1.216036162383083,0.8478818856727774,0.22186371588199713,0.7920893357345707,1.1857738691239303,0.7730823048033113,0.25262524620085763,3.1642261308760693,0.34737475379914234,1.25,0.8,3.625,0.10344827586206896
0.125,0.75,0.125,0.875,2.0,1.5,0.25,0.1875,1.5,1.125,0.25,0.1875,ok,`gtol` termination condition is satisfied.,True,True,True,5,1.8601965322712704e-14,6.206335383118183e-16,-4.440892098500626e-16,4.718447854656915e-16,0.9126419816542224,0.9669311848112419,7.074848306798082e-10,-1.195174559012485,11.901827748726502,1.8942347180381074,0.09991689302323888,-1.195174559012485,0.8543666533622818,0.22432238656573547,0.7944603965749085,1.2324461281026915,0.7730823048033113,0.21177042047804162,3.2675538718973085,0.2882295795219584,1.25,0.8,3.75,0.09999999999999999
0.125,0.775,0.1,0.9,2.0,1.5,0.25,0.1875,1.55,1.1625,0.2,0.15000000000000002,ok,`gtol` termination condition is satisfied.,True,True,True,5,9.000950962602921e-15,5.551115123125783e-16,0.0,1.2490009027033011e-15,0.9070132569541105,0.965214477745075,1.7824741592785966e-09,-1.1754223017920653,11.852008412784304,1.8863057244613508,0.09869078920055839,-1.1754223017920653,0.8612441029814012,0.2269333997796644,0.7969686908567037,1.2798207023518655,0.7730823048033114,0.1704676968888945,3.370179297648135,0.22953230311110553,1.25,0.8,3.875,0.0967741935483871
0.125,0.8,0.075,0.925,2.0,1.5,0.25,0.1875,1.6,1.2000000000000002,0.15,0.11249999999999999,ok,`gtol` termination condition is satisfied.,True,True,True,5,1.3951473992034527e-14,9.155133597044475e-16,6.661338147750939e-16,1.3600232051658168e-15,0.9011553752343622,0.9634355672417182,3.324800317273673e-10,-1.1566914970041586,11.802513577590855,1.8784283767827945,0.0975365391688028,-1.1566914970041586,0.868541933289544,0.22970935889760047,0.7996262288867968,1.327957997110027,0.7730823048033114,0.12868185543512797,3.4720420028899737,0.17131814456487202,1.25,0.8,4.0,0.09374999999999999
0.125,0.825,0.05,0.95,2.0,1.5,0.25,0.1875,1.65,1.2374999999999998,0.1,0.07500000000000001,ok,`gtol` termination condition is satisfied.,True,True,True,5,5.684341886080802e-14,7.947987303456224e-16,-2.220446049250313e-16,1.7208456881689926e-15,0.8950491141579127,0.9615886277027925,1.0328909701066334e-09,-1.138902784740051,11.753116225640634,1.870566544044267,0.09645041870832136,-1.138902784740051,0.876291361134835,0.2326646501621944,0.8024469067008262,1.3769270537438139,0.7730823048033115,0.08637317132374898,3.573072946256185,0.11362682867625103,1.25,0.8,4.125,0.09090909090909091
0.125,0.85,0.025,0.975,2.0,1.5,0.25,0.1875,1.7,1.275,0.05,0.037500000000000006,ok,`gtol` termination condition is satisfied.,True,True,True,5,6.9757369960172635e-15,3.3306690738754696e-16,-2.220446049250313e-16,6.106226635438361e-16,0.888672183709007,0.9596668392204164,5.64525301860841e-10,-1.1219842953098798,11.7035870615804,1.8626837327568713,0.09542918774346873,-1.1219842953098798,0.8845278695802553,0.2358158306471951,0.8054469250397738,1.426807425877017,0.7730823048033114,0.04349648379770008,3.6731925741229827,0.056503516202299923,1.25,0.8,4.25,0.08823529411764706
0.125,0.875,0.0,1.0,2.0,1.5,0.25,0.1875,1.75,1.3125,0.0,0.0,ok,`gtol` termination condition is satisfied.,True,True,True,4,6.975736996017264e-14,6.753223014464259e-16,0.0,1.942890293094024e-15,0.8819985146023679,0.9576621565971538,5.489591644486003e-10,-1.1058707428569021,11.653688780087467,1.8547421746054802,0.09447008401253622,-1.1058707428569021,0.8932921797488919,0.23918213359441787,0.8086453368672386,1.4776916157426796,nan,nan,3.7723083842573204,nan,1.25,0.8,4.375,0.08571428571428572
0.15,0.0,0.85,0.15,2.0,1.5,0.3,0.22499999999999998,0.0,0.0,1.7,1.275,ok,`gtol` termination condition is satisfied.,True,True,True,4,1.162622832669544e-14,1.0235750533041806e-15,2.220446049250313e-16,8.500145032286355e-16,0.9927921401756505,1.0092892257893895,4.35983629216509e-09,-0.9999999931154071,0.0,0.0,1.0,-0.9999999931154071,0.7681901619616193,0.22900524344180526,nan,nan,0.7730823048033114,1.302144008460737,nan,2.097855991539263,1.5,0.6666666666666667,0.0,nan
0.15,0.025,0.825,0.175,2.0,1.5,0.3,0.22499999999999998,0.05,0.037500000000000006,1.65,1.2374999999999998,ok,`gtol` termination condition is satisfied.,True,True,True,5,5.2318027470129476e-14,4.654751537338637e-16,0.0,1.2195106036116954e-15,0.9942720238339402,1.0090983790253396,1.4033455551603982e-08,-1.5442815245918144,0.0,0.0,1.0,-1.5442815245918144,0.7675139096126918,0.2286531598539969,0.7628869011218703,0.0383640936702693,0.7730823048033113,1.2640846813741957,0.11163590632973072,2.035915318625804,1.5,0.6666666666666667,0.125,2.9999999999999996
0.15,0.05,0.8,0.2,2.0,1.5,0.3,0.22499999999999998,0.1,0.07500000000000001,1.6,1.2000000000000002,ok,`xtol` termination condition is satisfied.,True,True,True,5,5.2318027470129476e-14,6.280369834735101e-16,0.0,1.2368578383714635e-15,0.9949667382513654,1.0081589147378223,7.536874263105766e-09,-2.021275490386535,0.0,0.0,1.0,-2.021275490386535,0.7675039869222218,0.22864797807317103,0.7623114414467658,0.0766167764348096,0.7730823048033114,1.2269213410734654,0.22338322356519044,1.9730786589265348,1.5,0.6666666666666667,0.25,1.4999999999999998
0.15,0.075,0.775,0.22499999999999998,2.0,1.5,0.3,0.22499999999999998,0.15,0.11249999999999999,1.55,1.1625,ok,`gtol` termination condition is satisfied.,True,True,True,4,9.882294077691124e-14,5.164700352369266e-16,-2.220446049250313e-16,2.2551405187698492e-17,0.9951878080475819,1.006745738768186,3.913529255903207e-09,-2.4427617300314215,0.0,0.0,1.0,-2.4427617300314215,0.7679071891785444,0.2288581690507939,0.7621308850704024,0.11487242089996998,0.7730823048033114,1.1902484672160594,0.33512757910003,1.9097515327839407,1.5,0.6666666666666667,0.375,1.0
0.15,0.1,0.75,0.25,2.0,1.5,0.3,0.22499999999999998,0.2,0.15000000000000002,1.5,1.125,ok,`gtol` termination condition is satisfied.,True,True,True,4,1.4823441116536686e-13,6.280369834735101e-16,0.0,8.951173136040325e-16,0.9950989009940043,1.0059420633602885,2.003015181099748e-09,-2.8173442628124086,0.0,0.0,1.0,-2.8173442628124086,0.7686015479720645,0.2292184339338384,0.7622033497656878,0.15319147654656692,0.7730823048033114,1.153851096048365,0.44680852345343314,1.846148903951635,1.5,0.6666666666666667,0.5,0.7499999999999999
0.15,0.125,0.725,0.275,2.0,1.5,0.3,0.22499999999999998,0.25,0.1875,1.45,1.0875,ok,`gtol` termination condition is satisfied.,True,True,True,5,2.034589957171702e-14,5.4672143489065705e-16,0.0,9.922618282587337e-16,0.994794218530643,1.0050657631194304,6.105255395881036e-09,-2.858111033143554,15.280448726982371,2.4319589475615038,0.18385518891567235,-2.858111033143554,0.769522720090404,0.22969324446055062,0.7624532064532099,0.1916107854897339,0.7730823048033115,1.1176031289874806,0.5583892145102661,1.7823968710125193,1.5,0.6666666666666667,0.625,0.6
0.15,0.15,0.7,0.3,2.0,1.5,0.3,0.22499999999999998,0.3,0.22499999999999998,1.4,1.0499999999999998,ok,`gtol` termination condition is satisfied.,True,True,True,5,5.81311416334772e-15,3.567968179846848e-16,-2.220446049250313e-16,1.3010426069826053e-15,0.9943317337723706,1.0040317743608795,1.4704452872469882e-09,-2.709153925445468,14.851637376014791,2.3637115014011,0.17945326866981212,-2.709153925445468,0.7706348747679188,0.23026209760895353,0.7628369618283104,0.23015567217216393,0.7730823048033112,1.0814244737577081,0.669844327827836,1.7185755262422917,1.5,0.6666666666666667,0.75,0.5
0.15,0.175,0.675,0.32499999999999996,2.0,1.5,0.3,0.22499999999999998,0.35,0.26249999999999996,1.35,1.0125000000000002,ok,`gtol` termination condition is satisfied.,True,True,True,5,5.979203139443369e-14,4.440892098500626e-16,-4.440892098500626e-16,3.642919299551295e-17,0.9937489865162301,1.0028691349701588,2.0766636529782316e-09,-2.5751752528327714,14.49626772380808,2.307152664627554,0.17490567068516502,-2.5751752528327714,0.7719176298732389,0.23091276906120198,0.7633281900954728,0.26884542289699437,0.7730823048033113,1.0452607608702227,0.7811545771030055,1.6547392391297775,1.5,0.6666666666666667,0.875,0.4285714285714286
0.15,0.2,0.65,0.35,2.0,1.5,0.3,0.22499999999999998,0.4,0.30000000000000004,1.3,0.9750000000000001,ok,`gtol` termination condition is satisfied.,True,True,True,5,6.103769871515106e-14,4.163336342344337e-16,0.0,9.679756995950584e-16,0.9930712627807671,1.0015971225188751,9.292872058718501e-10,-2.4543352853886216,14.197021573078016,2.259526160537642,0.17034994268032122,-2.4543352853886216,0.7733596077919287,0.23163792818624676,0.7639102023499039,0.30769602584645395,0.7730823048033114,1.0090728653162668,0.8923039741535462,1.5909271346837333,1.5,0.6666666666666667,1.0,0.37499999999999994
0.15,0.225,0.625,0.375,2.0,1.5,0.3,0.22499999999999998,0.45,0.3375,1.25,0.9375,ok,`gtol` termination condition is satisfied.,True,True,True,5,5.684341886080802e-14,4.52041112178401e-16,4.440892098500626e-16,1.2906342661267445e-15,0.9923161257648085,1.0002288415192968,3.784353146545246e-09,-2.3450433556424706,13.941546890761787,2.2188661020121825,0.16587520080135923,-2.3450433556424706,0.7749550143841698,0.23243331392255767,0.7645722007199013,0.34672165592268284,0.7730823048033113,0.9728311058814105,1.0032783440773172,1.5271688941185895,1.5,0.6666666666666667,1.125,0.3333333333333333
0.15,0.25,0.6,0.4,2.0,1.5,0.3,0.22499999999999998,0.5,0.375,1.2,0.8999999999999999,ok,`gtol` termination condition is satisfied.,True,True,True,5,2.092721098805179e-14,5.661048867003676e-16,2.220446049250313e-16,1.5352302762394743e-15,0.9905894612295072,0.9987733192616404,4.991897139455402e-09,-2.2459201765096415,13.720787879952423,2.183731214209795,0.16153762629485804,-2.2459201765096415,0.7767017140962945,0.2332966947907111,0.7653071351625307,0.38593553804029085,0.7730823048033113,0.9365118468073802,1.114064461959709,1.4634881531926198,1.5,0.6666666666666667,1.25,0.3
0.15,0.275,0.575,0.42500000000000004,2.0,1.5,0.3,0.22499999999999998,0.55,0.41250000000000003,1.15,0.8624999999999999,ok,`gtol` termination condition is satisfied.,True,True,True,5,5.684341886080802e-14,6.206335383118183e-16,2.220446049250313e-16,1.5248219353836134e-15,0.9877226810415547,0.99723678523468,3.356605290097501e-09,-2.1557681330551333,13.527953625699533,2.1530406894480083,0.15737090686246832,-2.1557681330551333,0.7786000956755783,0.23422724889526114,0.7661104491755193,0.4253504834214011,0.7730823048033114,0.9000954089525508,1.224649516578599,1.399904591047449,1.5,0.6666666666666667,1.375,0.2727272727272727
0.15,0.3,0.55,0.44999999999999996,2.0,1.5,0.3,0.22499999999999998,0.6,0.44999999999999996,1.1,0.8250000000000001,ok,`gtol` termination condition is satisfied.,True,True,True,5,5.81311416334772e-15,4.002966042486721e-16,0.0,1.3530843112619095e-15,0.9847444033699878,0.9956234807714215,8.179995203304553e-10,-2.073546612226109,13.357854086882496,2.125968507027625,0.15339339635590113,-2.073546612226109,0.7806523792524052,0.23522518130474762,0.7669793159618403,0.46497924578580657,0.7730823048033113,0.8635647304756848,1.3350207542141932,1.3364352695243154,1.5,0.6666666666666667,1.5,0.25
0.15,0.325,0.525,0.475,2.0,1.5,0.3,0.22499999999999998,0.65,0.48750000000000004,1.05,0.7875000000000001,ok,`gtol` termination condition is satisfied.,True,True,True,5,2.146380614159158e-14,2.5589376332604516e-16,0.0,9.922618282587337e-16,0.9816568242118472,0.9939361866240413,7.257106060408885e-15,-1.9983508904873852,13.206457638999337,2.101873013980466,0.14961307195519355,-1.9983508904873852,0.7828621818033301,0.2362914819901158,0.7679121582782007,0.5048347752373179,0.7730823048033114,0.826904474173247,1.4451652247626823,1.2730955258267531,1.5,0.6666666666666667,1.625,0.23076923076923075
0.15,0.35,0.5,0.5,2.0,1.5,0.3,0.22499999999999998,0.7,0.5249999999999999,1.0,0.75,ok,`gtol` termination condition is satisfied.,True,True,True,4,3.986135426295579e-14,7.947987303456224e-16,0.0,7.216449660063518e-16,0.978460832453799,0.9921765747511744,1.8527654454511314e-09,-1.929393806786459,13.070587635562962,2.080248631315654,0.14603098128816805,-1.929393806786459,0.7852342404516651,0.23742777055039585,0.7689083393070351,0.5449304133523764,0.7730823048033114,0.7901004099107001,1.5550695866476234,1.2098995900893,1.5,0.6666666666666667,1.75,0.2142857142857143
0.15,0.375,0.475,0.525,2.0,1.5,0.3,0.22499999999999998,0.75,0.5625,0.95,0.7124999999999999,ok,`gtol` termination condition is satisfied.,True,True,True,4,5.684341886080802e-14,8.08254562088053e-16,2.220446049250313e-16,1.3704315460216776e-15,0.9751562698105941,0.9903454468245814,9.372569880679102e-10,-1.8659897979351803,12.947709193579131,2.060691919874497,0.14264364192544068,-1.8659897979351803,0.7877742361297505,0.238636196689443,0.7699679605797062,0.5852800551142398,0.7730823048033113,0.7531389709526193,1.6647199448857601,1.1468610290473806,1.5,0.6666666666666667,1.875,0.19999999999999998
0.15,0.4,0.45,0.55,2.0,1.5,0.3,0.22499999999999998,0.8,0.6000000000000001,0.9,0.675,ok,`gtol` termination condition is satisfied.,True,True,True,4,5.684341886080802e-14,6.38378239159465e-16,-4.440892098500626e-16,3.7470027081099033e-16,0.9717421056648725,0.9884428974189947,5.049966799081958e-10,-1.8075410036251085,12.835776237397953,2.0428772366033736,0.13944470827165767,-1.8075410036251085,0.7904886836708082,0.23991937796353804,0.7710917293396952,0.6258982936773657,0.7730823048033112,0.7160069222758716,1.7741017063226345,1.0839930777241285,1.5,0.6666666666666667,2.0,0.18749999999999997
0.15,0.425,0.425,0.575,2.0,1.5,0.3,0.22499999999999998,0.85,0.6375,0.85,0.6375,ok,`gtol` termination condition is satisfied.,True,True,True,4,8.71967124502158e-15,4.577566798522237e-16,4.440892098500626e-16,1.4016565685892601e-15,0.9682165531345357,0.9864684255697288,1.1943745155422008e-09,-1.7535252117285196,12.733119776195174,2.02653895336263,0.1364261245658501,-1.7535252117285196,0.7933848678054969,0.24128036353944599,0.7722808725933324,0.6668005585956238,0.7730823048033116,0.6786911016501765,1.883199441404376,1.0213088983498233,1.5,0.6666666666666667,2.125,0.17647058823529413
0.15,0.45,0.4,0.6,2.0,1.5,0.3,0.22499999999999998,0.9,0.675,0.8,0.6000000000000001,ok,`gtol` termination condition is satisfied.,True,True,True,4,5.684341886080802e-14,8.95090418262362e-16,-4.440892098500626e-16,6.453171330633722e-16,0.9645771430590893,0.9844210097914989,3.3995319875746216e-10,-1.7034854435974187,12.638365004948335,2.011458263137154,0.13357891719921808,-1.7034854435974187,0.7964708124719498,0.2427226170154504,0.7735370837839293,0.7080032551724362,0.7730823048033114,0.6411782077701197,1.991996744827564,0.9588217922298804,1.5,0.6666666666666667,2.25,0.16666666666666666
0.15,0.475,0.375,0.625,2.0,1.5,0.3,0.22499999999999998,0.95,0.7124999999999999,0.75,0.5625,ok,`gtol` termination condition is satisfied.,True,True,True,4,5.684341886080802e-14,8.125323285481904e-16,2.220446049250313e-16,1.2906342661267445e-15,0.9608207665937651,0.9822991563168368,8.623728784991373e-10,-1.6570209782743097,12.550368914086238,1.9974532503036877,0.13089373317135242,-1.6570209782743097,0.7997552757284816,0.24425001403661706,0.774862493286726,0.7495239109973435,0.7730823048033114,0.6034546179283694,2.1004760890026564,0.8965453820716306,1.5,0.6666666666666667,2.375,0.15789473684210525
0.15,0.5,0.35,0.65,2.0,1.5,0.3,0.22499999999999998,1.0,0.75,0.7,0.5249999999999999,ok,`gtol` termination condition is satisfied.,True,True,True,4,5.81311416334772e-15,1.1157603309187458e-15,0.0,7.216449660063518e-16,0.9569436932290969,0.980892046469609,6.167282975142486e-10,-1.6137796473617516,12.468172736775248,1.9843713223813857,0.1283612011798532,-1.6137796473617516,0.8032477656923028,0.24586685217372461,0.7762596572250666,0.7913813349990472,0.7730823048033111,0.5655062227707917,2.208618665000953,0.8344937772292083,1.5,0.6666666666666667,2.5,0.15
0.15,0.525,0.325,0.675,2.0,1.5,0.3,0.22499999999999998,1.05,0.7875000000000001,0.65,0.48750000000000004,ok,`gtol` termination condition is satisfied.,True,True,True,4,5.684341886080802e-14,1.0838898772828417e-15,0.0,1.4988010832439613e-15,0.9529415684559414,0.9796332287391699,2.848501928734234e-09,-1.5734512220323498,12.39096526737625,1.972083371982919,0.1259721679150953,-1.5734512220323498,0.8069585750501157,0.24757787172638981,0.7777315612683973,0.8335957941962011,0.7730823048033116,0.5273182687752439,2.3164042058037992,0.7726817312247561,1.5,0.6666666666666667,2.625,0.14285714285714285
0.15,0.55,0.3,0.7000000000000001,2.0,1.5,0.3,0.22499999999999998,1.1,0.8250000000000001,0.6,0.44999999999999996,ok,`gtol` termination condition is satisfied.,True,True,True,4,1.45327854083693e-14,3.775166431889533e-16,0.0,1.3322676295501878e-15,0.9488093934635987,0.9783386829932371,1.5988248800330408e-09,-1.5357617532720198,12.31805424832155,1.960479222894496,0.1237178481913501,-1.5357617532720198,0.8108988332274663,0.24938828698772786,0.7792816375594812,0.8761892136297702,0.7730823048033114,0.4888752009386409,2.42381078637023,0.7111247990613591,1.5,0.6666666666666667,2.75,0.13636363636363635
0.15,0.575,0.275,0.725,2.0,1.5,0.3,0.22499999999999998,1.15,0.8624999999999999,0.55,0.41250000000000003,ok,`gtol` termination condition is satisfied.,True,True,True,4,1.2131716514812633e-14,6.753223014464259e-16,0.0,1.6514567491299204e-15,0.944541487877507,0.977007312757157,2.7063645134898203e-10,-1.500468724254766,12.248843814096475,1.9494640401740386,0.12158991501042576,-1.500468724254766,0.8150805765293747,0.251303828216339,0.7809137940143016,0.919185405667137,0.7730823048033113,0.4501604991404705,2.530814594332863,0.6498395008595296,1.5,0.6666666666666667,2.875,0.13043478260869565
0.15,0.6,0.25,0.75,2.0,1.5,0.3,0.22499999999999998,1.2,0.8999999999999999,0.5,0.375,ok,`gtol` termination condition is satisfied.,True,True,True,4,5.684341886080802e-14,5.978733960281817e-16,-2.220446049250313e-16,3.885780586188048e-16,0.9401314354077285,0.9756377136544704,6.934241288706842e-10,-1.4673568983405114,12.182816503969775,1.938955467388313,0.11958054870317428,-1.4673568983405114,0.8195168376524423,0.2533307952004979,0.7826324561224359,0.9626103359915147,0.7730823048033114,0.41115650199912257,2.637389664008485,0.5888434980008774,1.5,0.6666666666666667,3.0,0.125
0.15,0.625,0.225,0.775,2.0,1.5,0.3,0.22499999999999998,1.25,0.9375,0.45,0.3375,ok,`gtol` termination condition is satisfied.,True,True,True,4,1.6741768790441432e-14,3.6506759942727966e-16,-4.440892098500626e-16,0.0,0.9355720112440977,0.9742281644898937,2.5023095632101606e-10,-1.4362347612606996,12.11951876534695,1.9288813193999514,0.11768245847971648,-1.4362347612606996,0.8242217570512363,0.25547612394500274,0.7844426221720873,1.0064924351971771,0.7730823048033114,0.3718442118623019,2.743507564802823,0.5281557881376981,1.5,0.6666666666666667,3.125,0.12
0.15,0.65,0.2,0.8,2.0,1.5,0.3,0.22499999999999998,1.3,0.9750000000000001,0.4,0.30000000000000004,ok,`gtol` termination condition is satisfied.,True,True,True,4,5.684341886080802e-14,5.661048867003676e-16,-2.220446049250313e-16,1.4710455076283324e-15,0.9308550889811025,0.9727766090328737,4.018931727549981e-10,-1.4069314690889416,12.05854911780027,1.9191776986143267,0.11588888597079189,-1.4069314690889416,0.8292107198352083,0.2577474687311886,0.7863499336287187,1.0508629671242318,0.7730823048033114,0.3322030739068156,2.8491370328757686,0.46779692609318446,1.5,0.6666666666666667,3.25,0.11538461538461538
0.15,0.675,0.175,0.8250000000000001,2.0,1.5,0.3,0.22499999999999998,1.35,1.0125000000000002,0.35,0.26249999999999996,ok,`gtol` termination condition is satisfied.,True,True,True,4,5.684341886080802e-14,1.1710090180710446e-15,-4.440892098500626e-16,1.0547118733938987e-15,0.9259715236748945,0.9712806280008904,5.429344368492556e-10,-1.3792942255129217,11.999548360555135,1.9097874364525986,0.11419359735495917,-1.3792942255129217,0.834500523296886,0.2601533026672428,0.7883607632978327,1.0957564680792735,0.7730823048033112,0.2922107211324549,2.954243531920727,0.40778927886754507,1.5,0.6666666666666667,3.375,0.1111111111111111
0.15,0.7,0.15,0.85,2.0,1.5,0.3,0.22499999999999998,1.4,1.0499999999999998,0.3,0.22499999999999998,ok,`gtol` termination condition is satisfied.,True,True,True,4,5.684341886080802e-14,3.1646225226420963e-16,0.0,4.718447854656915e-16,0.9209110062045079,0.9697374001244496,1.3488146182232488e-09,-1.353186022292364,11.942191324575143,1.900658780655283,0.11259086887768302,-1.353186022292364,0.8401095819712359,0.26270304094687535,0.7904823249967652,1.141211275190013,0.7730823048033113,0.2518426752188143,3.058788724809986,0.34815732478118566,1.5,0.6666666666666667,3.5,0.10714285714285715
0.15,0.725,0.125,0.875,2.0,1.5,0.3,0.22499999999999998,1.45,1.0875,0.25,0.1875,ok,`gtol` termination condition is satisfied.,True,True,True,4,6.975736996017264e-14,3.6188843062238402e-16,2.220446049250313e-16,1.2490009027033011e-15,0.9156618822762495,0.9681436504650135,2.101890023655461e-09,-1.3284836922408194,11.886179789905826,1.8917442680424983,0.11107546951339539,-1.3284836922408194,0.8460581794904736,0.26540719248712513,0.7927228098670809,1.18727016776402,0.7730823048033113,0.211071990591522,3.1627298322359794,0.28892800940847796,1.5,0.6666666666666667,3.625,0.10344827586206896
0.15,0.75,0.1,0.9,2.0,1.5,0.3,0.22499999999999998,1.5,1.125,0.2,0.15000000000000002,ok,`gtol` termination condition is satisfied.,True,True,True,4,6.394425579682492e-14,1.5700924586837751e-15,0.0,8.049116928532385e-16,0.9102109269641435,0.9664955832716583,4.912600847286415e-10,-1.3050762225280559,11.831236243945925,1.8829997311119833,0.10964264295473625,-1.3050762225280559,0.8523687796977464,0.268277547587802,0.795091556342158,1.2339811533086082,0.7730823048033114,0.1698688253242132,3.2660188466913915,0.2301311746757868,1.5,0.6666666666666667,3.75,0.09999999999999999
0.15,0.775,0.075,0.925,2.0,1.5,0.3,0.22499999999999998,1.55,1.1625,0.15,0.11249999999999999,ok,`gtol` termination condition is satisfied.,True,True,True,5,9.000950962602921e-15,2.482534153247273e-16,2.220446049250313e-16,1.4988010832439613e-15,0.9045430623147099,0.9647887954924464,7.482438490331772e-10,-1.2828632939646785,11.777098194866252,1.8743833929916016,0.10828809147797643,-1.2828632939646785,0.8590664139142901,0.2713274119931253,0.7975992633820841,1.2813984407967862,0.7730823048033113,0.12819991723086246,3.3686015592032144,0.17180008276913752,1.5,0.6666666666666667,3.875,0.0967741935483871
0.15,0.8,0.05,0.9500000000000001,2.0,1.5,0.3,0.22499999999999998,1.6,1.2000000000000002,0.1,0.07500000000000001,ok,`gtol` termination condition is satisfied.,True,True,True,5,1.743934249004316e-14,9.155133597044475e-16,-2.220446049250313e-16,3.3306690738754696e-16,0.8986410007994318,0.96301816544289,1.6498162053147016e-09,-1.2617540079598035,11.723512791022808,1.865855011092342,0.10700796298969656,-1.2617540079598035,0.8661791675223012,0.2745719016177174,0.8002582602606417,1.3295836593364438,0.7730823048033114,0.08602793597394029,3.470416340663557,0.11397206402605972,1.5,0.6666666666666667,4.0,0.09374999999999999
0.15,0.825,0.025,0.975,2.0,1.5,0.3,0.22499999999999998,1.65,1.2374999999999998,0.05,0.037500000000000006,ok,`gtol` termination condition is satisfied.,True,True,True,5,1.6910877566102458e-14,2.220446049250313e-16,4.440892098500626e-16,1.4432899320127035e-15,0.8924847905533664,0.9611777088323202,1.7301911837855566e-09,-1.2416657754709386,11.67023147443882,1.8573750261835562,0.10579884334854597,-1.2416657754709386,0.8737387980736355,0.2780283178143541,0.8030828514996976,1.3786074029788653,0.7730823048033115,0.04331067111653399,3.571392597021134,0.05668932888346601,1.5,0.6666666666666667,4.125,0.09090909090909091
0.15,0.85,0.0,1.0,2.0,1.5,0.3,0.22499999999999998,1.7,1.275,0.0,0.0,ok,`gtol` termination condition is satisfied.,True,True,True,4,4.35983562251079e-14,5.661048867003676e-16,0.0,4.440892098500626e-16,0.8860512282407114,0.9592603909712032,1.1832661541960383e-09,-1.2225233440639027,11.617004386305734,1.8489036720007876,0.10465775593514862,-1.2225233440639027,0.8817815304745515,0.2817166313568275,0.8060897633973981,1.4285512157842388,nan,nan,3.6714487842157606,nan,1.5,0.6666666666666667,4.25,0.08823529411764706
0.175,0.0,0.825,0.175,2.0,1.5,0.35,0.26249999999999996,0.0,0.0,1.65,1.2374999999999998,ok,`gtol` termination condition is satisfied.,True,True,True,4,4.982669282869474e-15,4.579669976578771e-16,0.0,3.365363543395006e-16,0.9908197957936484,1.0064151575706966,0.0,-0.9999999974752426,0.0,0.0,1.0,-0.9999999974752426,0.7693643740078807,0.26788051485673675,nan,nan,0.7730823048033113,1.2674548801555177,nan,2.032545119844482,1.75,0.5714285714285715,0.0,nan
0.175,0.025,0.8,0.19999999999999998,2.0,1.5,0.35,0.26249999999999996,0.05,0.037500000000000006,1.6,1.2000000000000002,ok,`gtol` termination condition is satisfied.,True,True,True,5,1.743934249004316e-14,6.23728986632994e-16,0.0,1.2871648191747909e-15,0.9923547256557916,1.0062198398484885,8.367741753676365e-09,-1.4710919444341286,0.0,0.0,1.0,-1.4710919444341286,0.7686692336390368,0.26746234768281263,0.764538017876033,0.03852140762320615,0.7730823048033114,1.2292857273332527,0.11147859237679388,1.9707142726667475,1.75,0.5714285714285715,0.125,2.9999999999999996
0.175,0.05,0.775,0.22499999999999998,2.0,1.5,0.35,0.26249999999999996,0.1,0.07500000000000001,1.55,1.1625,ok,`xtol` termination condition is satisfied.,True,True,True,5,5.684341886080802e-14,8.645538799963171e-16,0.0,1.3999218451132833e-15,0.9931541968025234,1.0059453261829496,2.05054650561565e-09,-1.8915432464728643,0.0,0.0,1.0,-1.8915432464728643,0.7685981549833331,0.26741945833668723,0.7638383635080698,0.07691034946710795,0.7730823048033114,1.191926224430674,0.2230896505328921,1.908073775569326,1.75,0.5714285714285715,0.25,1.4999999999999998
0.175,0.075,0.75,0.25,2.0,1.5,0.35,0.26249999999999996,0.15,0.11249999999999999,1.5,1.125,ok,`gtol` termination condition is satisfied.,True,True,True,4,1.5114096824704072e-13,6.684427777288335e-16,4.440892098500626e-16,1.7780915628762273e-15,0.9934887002664609,1.0056268912458335,1.3664451748570781e-08,-2.2692987225760572,0.0,0.0,1.0,-2.2692987225760572,0.768930587002008,0.2676198377285765,0.7635503567461104,0.11528319696157399,0.7730823048033114,1.1550301492326327,0.334716803038426,1.8449698507673673,1.75,0.5714285714285715,0.375,1.0
0.175,0.1,0.725,0.275,2.0,1.5,0.35,0.26249999999999996,0.2,0.15000000000000002,1.45,1.0875,ok,`gtol` termination condition is satisfied.,True,True,True,5,1.9930677131477896e-14,1.4432899320127035e-15,-4.440892098500626e-16,1.8006429680639258e-15,0.993508471793059,1.00503636750861,1.1873195665997195e-08,-2.6103019118720687,0.0,0.0,1.0,-2.6103019118720687,0.7695539621672596,0.26799416963011874,0.76353342118545,0.15370446108173474,0.7730823048033114,1.1184033360641539,0.44629553891826534,1.781596663935846,1.75,0.5714285714285715,0.5,0.7499999999999999
0.175,0.125,0.7,0.3,2.0,1.5,0.35,0.26249999999999996,0.25,0.1875,1.4,1.0499999999999998,ok,`gtol` termination condition is satisfied.,True,True,True,5,3.487868498008632e-14,6.342923343242401e-16,-4.440892098500626e-16,1.3357370765021415e-15,0.9933036179426333,1.0042422362004662,1.3059031220950097e-09,-2.919226886215963,0.0,0.0,1.0,-2.919226886215963,0.7704063041941625,0.268503152673745,0.763709366247289,0.19221448317814238,0.7730823048033112,1.081927048950416,0.5577855168218576,1.7180729510495838,1.75,0.5714285714285715,0.625,0.6
0.175,0.15,0.675,0.32499999999999996,2.0,1.5,0.35,0.26249999999999996,0.3,0.22499999999999998,1.35,1.0125000000000002,ok,`gtol` termination condition is satisfied.,True,True,True,5,4.650491330678176e-14,5.266250202865052e-16,-2.220446049250313e-16,3.469446951953614e-17,0.9929313912115849,1.003287737117988,5.689918026404735e-09,-2.8341986187337267,15.021233577813828,2.390703575247027,0.1854080868634341,-2.8341986187337267,0.7714518779301208,0.2691233504469605,0.764031750463353,0.23084125163907057,0.7730823048033114,1.04552343740116,0.6691587483609294,1.6544765625988402,1.75,0.5714285714285715,0.75,0.5
0.175,0.175,0.65,0.35,2.0,1.5,0.35,0.26249999999999996,0.35,0.26249999999999996,1.3,0.9750000000000001,ok,`gtol` termination condition is satisfied.,True,True,True,5,1.9930677131477896e-14,5.003707553108401e-16,0.0,4.614364446098307e-16,0.9924298285436076,1.0022013270181913,1.0083157607682095e-09,-2.7070308424260014,14.650996969983137,2.331778588997197,0.18169230990887336,-2.7070308424260014,0.7726696834219369,0.26984038227358,0.7644716151051407,0.2696060291531659,0.7730823048033114,1.009138337817855,0.7803939708468339,1.5908616621821452,1.75,0.5714285714285715,0.875,0.4285714285714286
0.175,0.2,0.625,0.375,2.0,1.5,0.35,0.26249999999999996,0.4,0.30000000000000004,1.25,0.9375,ok,`gtol` termination condition is satisfied.,True,True,True,5,2.4913346414347368e-14,5.23691153334427e-16,2.220446049250313e-16,1.1015494072452725e-15,0.991825102151635,1.0010023143183613,3.16808615507459e-09,-2.5908702448465255,14.33593722437345,2.2816352731141407,0.17784453820398952,-2.5908702448465255,0.7740475512030143,0.2706453711903128,0.7650102574407487,0.3085262737477238,0.7730823048033113,0.9727320280565134,0.8914737262522764,1.5272679719434867,1.75,0.5714285714285715,1.0,0.37499999999999994
0.175,0.225,0.6,0.4,2.0,1.5,0.35,0.26249999999999996,0.45,0.3375,1.2,0.8999999999999999,ok,`gtol` termination condition is satisfied.,True,True,True,5,5.684341886080802e-14,5.578801654593729e-16,-2.220446049250313e-16,5.516420653606247e-16,0.9908411679831373,0.999704080819503,2.4634958087114054e-09,-2.484557860029156,14.064532436890284,2.2384398596073893,0.17396062374807553,-2.484557860029156,0.7755789081897893,0.2715329696802919,0.7656353168753094,0.3476172676026714,0.7730823048033113,0.9362739415160853,1.0023827323973287,1.4637260584839145,1.75,0.5714285714285715,1.125,0.3333333333333333
0.175,0.25,0.575,0.425,2.0,1.5,0.35,0.26249999999999996,0.5,0.375,1.15,0.8624999999999999,ok,`gtol` termination condition is satisfied.,True,True,True,5,4.982669282869474e-15,6.131407058289218e-16,0.0,5.551115123125783e-16,0.9881134084024928,0.9983160147904341,3.005750068591582e-09,-2.387068310467673,13.828206523149147,2.2008274222547786,0.17010724504436275,-2.387068310467673,0.7772609114977171,0.2725002053395965,0.7663385372194133,0.3868930845133909,0.7730823048033113,0.8997394863421075,1.1131069154866091,1.4002605136578923,1.75,0.5714285714285715,1.25,0.3
0.175,0.275,0.55,0.45,2.0,1.5,0.35,0.26249999999999996,0.55,0.41250000000000003,1.1,0.8250000000000001,ok,`gtol` termination condition is satisfied.,True,True,True,5,1.9024737261865264e-14,5.530259263078839e-16,0.0,1.1761425167122752e-15,0.9852654482710564,0.9968447177562292,6.9484305446588964e-15,-2.297492367265699,13.620437195092805,2.16775990667173,0.16633009375696853,-2.297492367265699,0.7790933256550048,0.27354577811579894,0.7671144291220388,0.42636719980458787,0.7730823048033115,0.863108045426649,1.2236328001954122,1.336891954573351,1.75,0.5714285714285715,1.375,0.2727272727272727
0.175,0.3,0.525,0.475,2.0,1.5,0.35,0.26249999999999996,0.6,0.44999999999999996,1.05,0.7875000000000001,ok,`gtol` termination condition is satisfied.,True,True,True,5,5.81311416334772e-15,5.117875266520903e-16,0.0,5.342948306008566e-16,0.9823016371362895,0.9952947829163139,1.927035038091667e-09,-2.2150229589959505,13.43617364485717,2.138433451820067,0.1626596867649292,-2.2150229589959505,0.7810778246229735,0.27466961880079177,0.7679594408732321,0.4660528986197375,0.7730823048033116,0.8263616687130216,1.3339471013802624,1.2736383312869783,1.75,0.5714285714285715,1.5,0.25
0.175,0.325,0.5,0.5,2.0,1.5,0.35,0.26249999999999996,0.65,0.48750000000000004,1.0,0.75,ok,`gtol` termination condition is satisfied.,True,True,True,5,2.146380614159158e-14,8.355534721610419e-16,0.0,1.2281842209915794e-15,0.9792245594805705,0.9936693108325273,2.9943651179619288e-09,-2.13894339441653,13.271443658662701,2.1122158602417573,0.15911555934139612,-2.13894339441653,0.7832175474501962,0.27587260532168106,0.7688714290268305,0.505963567148304,0.7730823048033113,0.7894841865622659,1.4440364328516961,1.210515813437734,1.75,0.5714285714285715,1.625,0.23076923076923075
0.17500000000000002,0.35000000000000003,0.47500000000000003,0.525,2.0,1.5,0.35000000000000003,0.2625,0.7000000000000001,0.525,0.9500000000000001,0.7125,ok,`gtol` termination condition is satisfied.,True,True,True,4,5.684341886080802e-14,6.753223014464259e-16,-2.220446049250313e-16,2.914335439641036e-16,0.97603542596958,0.9919702583268714,5.609116817817537e-10,-2.0686171238480338,13.123081024041902,2.0886032135717207,0.15570932086203604,-2.0686171238480338,0.7855168114961779,0.27715637814321226,0.7698493127501929,0.5461129150030949,0.7730823048033113,0.7524605870054102,1.553887084996905,1.14753941299459,1.7500000000000002,0.5714285714285714,1.7500000000000002,0.21428571428571425
0.175,0.375,0.45,0.55,2.0,1.5,0.35,0.26249999999999996,0.75,0.5625,0.9,0.675,ok,`gtol` termination condition is satisfied.,True,True,True,4,2.7902947984069054e-14,8.08254562088053e-16,-4.440892098500626e-16,8.326672684688674e-16,0.972734339407987,0.9901986781321759,7.912084775507698e-10,-2.0034786748600477,12.988531813248775,2.067189041584881,0.15244689472881234,-2.0034786748600477,0.7879809273106747,0.2785232202884461,0.77089284476274,0.5865151576036413,0.7730823048033113,0.7152765623000759,1.6634848423963589,1.0847234376999242,1.75,0.5714285714285715,1.875,0.19999999999999998
0.175,0.4,0.425,0.575,2.0,1.5,0.35,0.26249999999999996,0.8,0.6000000000000001,0.85,0.6375,ok,`gtol` termination condition is satisfied.,True,True,True,4,2.9896015697216847e-14,5.302695275805846e-16,0.0,1.1310397063368782e-15,0.969320475771528,0.9883548848489939,7.467023744360434e-10,-1.943025550275583,12.865713853835226,2.047641956243755,0.14933016417444392,-1.943025550275583,0.7906160816448082,0.27997598111528627,0.7720024587616506,0.6271851767489829,0.7730823048033113,0.6779181658777833,1.7728148232510175,1.0220818341222166,1.75,0.5714285714285715,2.0,0.18749999999999997
0.175,0.425,0.4,0.6,2.0,1.5,0.35,0.26249999999999996,0.85,0.6375,0.8,0.6000000000000001,ok,`gtol` termination condition is satisfied.,True,True,True,4,5.684341886080802e-14,6.753223014464259e-16,-4.440892098500626e-16,2.220446049250313e-16,0.9657922058048146,0.9864385697248531,1.178213312555696e-09,-1.8868109835115525,12.752912950563662,2.0296891349028545,0.14635818290860841,-1.8868109835115525,0.7934292680448591,0.2815180309638131,0.7731791687360408,0.6681386715420465,0.7730823048033114,0.6403715417513323,1.8818613284579533,0.9596284582486678,1.75,0.5714285714285715,2.125,0.17647058823529413
0.175,0.45,0.375,0.625,2.0,1.5,0.35,0.26249999999999996,0.9,0.675,0.75,0.5625,ok,`gtol` termination condition is satisfied.,True,True,True,4,5.684341886080802e-14,5.23691153334427e-16,0.0,8.257283745649602e-16,0.9621471735514209,0.9844488787940805,6.71185239057906e-10,-1.8344374601978866,12.648705023877035,2.0131039282613203,0.1435280643293178,-1.8344374601978866,0.7964282522777955,0.2831532386310282,0.7744245047720184,0.7093923084151568,0.7730823048033115,0.6026227011220299,1.9906076915848434,0.8973772988779701,1.75,0.5714285714285715,2.25,0.16666666666666666
0.17500000000000002,0.47500000000000003,0.35000000000000003,0.65,2.0,1.5,0.35000000000000003,0.2625,0.9500000000000001,0.7125,0.7000000000000001,0.525,ok,`gtol` termination condition is satisfied.,True,True,True,4,5.684341886080802e-14,3.775166431889533e-16,0.0,2.040034807748725e-15,0.9583823424082553,0.9823844638849073,8.518305909257425e-10,-1.7855509495492936,12.551896885321908,1.9976964344787467,0.1408356333951652,-1.7855509495492936,0.7996215647030648,0.28488596668082183,0.7757404755956762,0.7509638771318137,0.7730823048033113,0.5646573287259019,2.0990361228681866,0.8353426712740982,1.7500000000000002,0.5714285714285714,2.375,0.15789473684210525
0.175,0.5,0.325,0.675,2.0,1.5,0.35,0.26249999999999996,1.0,0.75,0.65,0.48750000000000004,ok,`gtol` termination condition is satisfied.,True,True,True,4,2.092721098805179e-14,5.117875266520903e-16,0.0,-1.942890293094024e-16,0.9544940155150875,0.9802435127282982,1.8286153313515576e-09,-1.7398357804841431,12.461480610656915,1.9833062374298585,0.13827590253782665,-1.7398357804841431,0.8030185148716273,0.28672108160431375,0.7771295516846504,0.7928724587315442,0.7730823048033114,0.5264606063045656,2.2071275412684557,0.7735393936954345,1.75,0.5714285714285715,2.5,0.15
0.175,0.525,0.3,0.7,2.0,1.5,0.35,0.26249999999999996,1.05,0.7875000000000001,0.6,0.44999999999999996,ok,`gtol` termination condition is satisfied.,True,True,True,4,6.6435590438259655e-15,4.996003610813204e-16,0.0,1.1379786002407855e-15,0.9504778347143547,0.9789086356433901,7.770481930542624e-10,-1.6970101083452547,12.376597985993188,1.9697967481320122,0.13584341744828302,-1.6970101083452547,0.8066292258049904,0.28866397723955534,0.7785946651442607,0.8351386111372425,0.7730823048033113,0.4880170435761783,2.3148613888627576,0.7119829564238216,1.75,0.5714285714285715,2.625,0.14285714285714285
0.175,0.55,0.275,0.7250000000000001,2.0,1.5,0.35,0.26249999999999996,1.1,0.8250000000000001,0.55,0.41250000000000003,ok,`gtol` termination condition is satisfied.,True,True,True,4,1.4948007848608423e-14,8.400361489980555e-16,-4.440892098500626e-16,4.0245584642661925e-16,0.9463287604708048,0.9776352509646069,7.443485390775653e-10,-1.6568219174158734,12.296512498380741,1.9570507469085667,0.1335325068104608,-1.6568219174158734,0.810464687003686,0.290720610899078,0.780139224184306,0.8777845784059234,0.7730823048033112,0.4493103088511056,2.422215421594077,0.6506896911488944,1.75,0.5714285714285715,2.75,0.13636363636363635
0.175,0.575,0.25,0.75,2.0,1.5,0.35,0.26249999999999996,1.15,0.8624999999999999,0.5,0.375,ok,`gtol` termination condition is satisfied.,True,True,True,4,5.684341886080802e-14,7.301351988545593e-16,2.220446049250313e-16,1.27675647831893e-15,0.9420410337260092,0.9763233054741498,1.2500514357024884e-09,-1.6190454973743318,12.220587037541401,1.9449668345094555,0.13133746063292645,-1.6190454973743318,0.814536826520092,0.29289755250420596,0.7817671412470588,0.9208345303172949,0.7730823048033113,0.4103230523545118,2.529165469682705,0.5896769476454882,1.75,0.5714285714285715,2.875,0.13043478260869565
0.17500000000000002,0.6000000000000001,0.22500000000000003,0.7750000000000001,2.0,1.5,0.35,0.26249999999999996,1.2,0.8999999999999999,0.44999999999999996,0.33749999999999997,ok,`gtol` termination condition is satisfied.,True,True,True,4,5.684341886080802e-14,7.216449660063518e-16,-4.440892098500626e-16,7.216449660063518e-16,0.9376081194796958,0.974971462240835,1.5448464501341309e-09,-1.583478349714943,12.148265959116557,1.933456577388405,0.12925265657918703,-1.583478349714943,0.8188586035839729,0.2952020478008091,0.7834828748186385,0.9643148401713172,0.7730823048033113,0.371036715589176,2.6356851598286823,0.5289632844108239,1.75,0.5714285714285715,3.0,0.125
0.175,0.625,0.2,0.8,2.0,1.5,0.35,0.26249999999999996,1.25,0.9375,0.4,0.30000000000000004,ok,`gtol` termination condition is satisfied.,True,True,True,4,5.684341886080802e-14,7.850462293418876e-16,-2.220446049250313e-16,-2.7755575615628914e-16,0.9330226307921508,0.9735780445850266,1.1566718343930206e-09,-1.5499384730010208,12.079060497294872,1.9224421860505265,0.1272726481577299,-1.5499384730010208,0.8234441244285443,0.2976420975223487,0.7852914858393469,1.008254410377118,0.7730823048033114,0.3314313197942273,2.741745589622882,0.46856868020577275,1.75,0.5714285714285715,3.125,0.12
0.175,0.65,0.175,0.825,2.0,1.5,0.35,0.26249999999999996,1.3,0.9750000000000001,0.35,0.26249999999999996,ok,`gtol` termination condition is satisfied.,True,True,True,4,5.684341886080802e-14,4.577566798522237e-16,-2.220446049250313e-16,6.106226635438361e-16,0.9282762307686142,0.9721410179592337,4.778663840734837e-10,-1.5182619760482634,12.01253675657923,1.9118546038826685,0.1253922248160871,-1.5182619760482634,0.8283087852530413,0.3002265552551786,0.7871987105197036,1.0526850577953175,0.7730823048033112,0.29148522574699476,2.847314942204683,0.4085147742530052,1.75,0.5714285714285715,3.25,0.11538461538461538
0.175,0.675,0.15,0.8500000000000001,2.0,1.5,0.35,0.26249999999999996,1.35,1.0125000000000002,0.3,0.22499999999999998,ok,`gtol` termination condition is satisfied.,True,True,True,4,5.684341886080802e-14,7.216449660063518e-16,0.0,9.159339953157541e-16,0.9233595087996382,0.970657961225469,1.9988128805147918e-09,-1.4883009892674255,11.94830569593902,1.9016319130817436,0.1236064526617333,-1.4883009892674255,0.8334694478056217,0.30296524783793566,0.789211052366259,1.0976419740578065,0.7730823048033112,0.25117485576392024,2.9523580259421944,0.34882514423607974,1.75,0.5714285714285715,3.375,0.1111111111111111
0.175,0.7,0.125,0.875,2.0,1.5,0.35,0.26249999999999996,1.4,1.0499999999999998,0.25,0.1875,ok,`gtol` termination condition is satisfied.,True,True,True,4,5.684341886080802e-14,1.0638028178764803e-15,-4.440892098500626e-16,-1.6653345369377348e-16,0.9182618257569571,0.9691260261089705,1.4858986948713976e-10,-1.4599218262583322,11.886014630596444,1.8917179821220125,0.12191070098089163,-1.4599218262583322,0.8389446550366036,0.3058691235023638,0.7913358974323664,1.1431642805563678,0.7730823048033113,0.2104743666562723,3.0568357194436313,0.2895256333437277,1.75,0.5714285714285715,3.5,0.10714285714285715
0.17500000000000002,0.7250000000000001,0.10000000000000002,0.9000000000000001,2.0,1.5,0.35,0.26249999999999996,1.45,1.0875,0.19999999999999998,0.15,ok,`gtol` termination condition is satisfied.,True,True,True,4,1.4948007848608423e-14,7.771561172376096e-16,-4.440892098500626e-16,8.326672684688674e-16,0.9129711208105807,0.9675418828265681,5.750490390463812e-10,-1.4330033712004768,11.82533988066025,1.8820612957488025,0.12030065975966082,-1.4330033712004768,0.8447548968703398,0.30895043478765155,0.7935816583693133,1.1892957039481113,0.7730823048033115,0.16935525936832063,3.1607042960518883,0.23064474063167933,1.75,0.5714285714285715,3.625,0.10344827586206896
0.175,0.75,0.075,0.925,2.0,1.5,0.35,0.26249999999999996,1.5,1.125,0.15,0.11249999999999999,ok,`gtol` termination condition is satisfied.,True,True,True,5,4.982669282869474e-15,3.1646225226420963e-16,-2.220446049250313e-16,4.996003610813204e-16,0.9074736698000594,0.9659016489062375,5.72706131028043e-15,-1.4074356569595643,11.765980246179954,1.8726139165011353,0.11877235138891587,-1.4074356569595643,0.8509229396791591,0.3122229657503362,0.7959579549491784,1.2360854065998865,0.7730823048033113,0.12778590672062834,3.2639145934001137,0.17221409327937165,1.75,0.5714285714285715,3.75,0.09999999999999999
0.175,0.775,0.05,0.95,2.0,1.5,0.35,0.26249999999999996,1.55,1.1625,0.1,0.07500000000000001,ok,`gtol` termination condition is satisfied.,True,True,True,5,1.8001901925205842e-14,9.930136612989092e-16,-4.440892098500626e-16,-8.326672684688674e-17,0.9017537813092571,0.9642007969075894,2.5648166275618433e-09,-1.3831186136808378,11.707651024120286,1.8633305324836344,0.11732214004184767,-1.3831186136808378,0.8574742379681661,0.3157023164693744,0.798475841635869,1.2835890184959204,0.7730823048033114,0.0857309745550357,3.36641098150408,0.11426902544496431,1.75,0.5714285714285715,3.875,0.0967741935483871
0.175,0.8,0.025,0.9750000000000001,2.0,1.5,0.35,0.26249999999999996,1.6,1.2000000000000002,0.05,0.037500000000000006,ok,`gtol` termination condition is satisfied.,True,True,True,5,8.71967124502158e-15,4.002966042486721e-16,0.0,1.3322676295501878e-15,0.8957934112225794,0.9624340349372982,1.3099415032769999e-09,-1.3599609584023113,11.650078307073537,1.8541675499784132,0.1159467407610261,-1.3599609584023113,0.8644374537903382,0.319406262806464,0.8011480969115821,1.3318699344854756,0.7730823048033114,0.043150702780243064,3.468130065514525,0.05684929721975694,1.75,0.5714285714285715,4.0,0.09374999999999999
0.175,0.825,0.0,1.0,2.0,1.5,0.35,0.26249999999999996,1.65,1.2374999999999998,0.0,0.0,ok,`gtol` termination condition is satisfied.,True,True,True,4,1.9930677131477896e-14,1.0235750533041806e-15,0.0,1.7763568394002505e-15,0.8895716687373683,0.960595151244432,7.633598834186339e-10,-1.3378792124261802,11.592993285053259,1.8450821865473763,0.11464323145101807,-1.3378792124261802,0.8718451196017399,0.32335521660648087,0.8039895950780498,1.3810009660783946,nan,nan,3.568999033921605,nan,1.75,0.5714285714285715,4.125,0.09090909090909091
0.2,0.0,0.8,0.2,2.0,1.5,0.4,0.30000000000000004,0.0,0.0,1.6,1.2000000000000002,ok,`gtol` termination condition is satisfied.,True,True,True,4,5.684341886080802e-14,7.216449660063518e-16,-6.661338147750939e-16,3.3306690738754696e-16,0.9887752152432354,1.0040612184098803,6.539755070252696e-09,-1.000000004014998,0.0,0.0,1.0,-1.000000004014998,0.7706028299219361,0.3069943608188873,nan,nan,0.7730823048033115,1.2326793885400746,nan,1.9673206114599255,2.0,0.5,0.0,nan
0.2,0.025,0.775,0.225,2.0,1.5,0.4,0.30000000000000004,0.05,0.037500000000000006,1.55,1.1625,ok,`gtol` termination condition is satisfied.,True,True,True,5,6.975736996017264e-14,3.925231146709438e-16,0.0,1.4398204850607499e-15,0.9903744179550976,1.004729463693053,1.3508571068416983e-08,-1.4152583181007523,0.0,0.0,1.0,-1.4152583181007523,0.7698814606965582,0.3065029895178862,0.7663391532300549,0.0386893653216717,0.7730823048033114,1.1943871972889066,0.11131063467832833,1.9056128027110935,2.0,0.5,0.125,2.9999999999999996
0.2,0.05,0.75,0.25,2.0,1.5,0.4,0.30000000000000004,0.1,0.07500000000000001,1.5,1.125,ok,`gtol` termination condition is satisfied.,True,True,True,5,1.0463605494025895e-13,4.965068306494546e-16,2.220446049250313e-16,1.8041124150158794e-16,0.9912737130503878,1.0048486035237572,1.3724590206264903e-09,-1.7910499218678053,0.0,0.0,1.0,-1.7910499218678053,0.7697540408567939,0.3064159269993333,0.7655092665146381,0.07722481252518863,0.7730823048033115,1.1568383090383276,0.2227751874748114,1.8431616909616724,2.0,0.5,0.25,1.4999999999999998
0.2,0.075,0.725,0.275,2.0,1.5,0.4,0.30000000000000004,0.15,0.11249999999999999,1.45,1.0875,ok,`gtol` termination condition is satisfied.,True,True,True,5,4.650491330678176e-14,6.661338147750939e-16,0.0,1.5092094240998222e-15,0.9917141849760538,1.004597250803956,1.979267595367138e-09,-2.133003014915644,0.0,0.0,1.0,-2.133003014915644,0.77002328505172,0.3065997978535132,0.7651100355469583,0.11572538446126485,0.7730823048033114,1.1197293323148723,0.3342746155387351,1.7802706676851277,2.0,0.5,0.375,1.0
0.2,0.1,0.7,0.30000000000000004,2.0,1.5,0.4,0.30000000000000004,0.2,0.15000000000000002,1.4,1.0499999999999998,ok,`gtol` termination condition is satisfied.,True,True,True,4,3.051884935757553e-14,3.973993651728112e-16,-4.440892098500626e-16,1.5161483180037294e-15,0.9918356559733116,1.0040787181208113,7.337815774684111e-10,-2.445412591467911,0.0,0.0,1.0,-2.445412591467911,0.7705837948328382,0.3069814272231677,0.7650007793375657,0.15425958418219046,0.7730823048033112,1.0828824689624337,0.44574041581780965,1.7171175310375661,2.0,0.5,0.5,0.7499999999999999
0.2,0.125,0.675,0.325,2.0,1.5,0.4,0.30000000000000004,0.25,0.1875,1.35,1.0125000000000002,ok,`gtol` termination condition is satisfied.,True,True,True,4,5.684341886080802e-14,9.50197851991224e-16,0.0,1.1830814106161824e-15,0.9917247870581436,1.0033567702821253,5.97927644344145e-09,-2.7316968417165133,0.0,0.0,1.0,-2.7316968417165133,0.7713754898361156,0.3075179288895291,0.7651004850700189,0.1928711712801936,0.7730823048033114,1.0461853015203395,0.5571288287198064,1.6538146984796607,2.0,0.5,0.625,0.6
0.2,0.15,0.65,0.35,2.0,1.5,0.4,0.30000000000000004,0.3,0.22499999999999998,1.3,0.9750000000000001,ok,`gtol` termination condition is satisfied.,True,True,True,5,5.81311416334772e-14,1.0235750533041806e-15,-2.220446049250313e-16,9.124645483638005e-16,0.9914380875773044,1.0024727233803175,1.6530453790869075e-09,-2.9362853467866064,15.162904811212412,2.4132512523363374,0.19011736602792648,-2.9362853467866064,0.772362715573392,0.3081830348337063,0.765359723324767,0.23159077694755914,0.7730823048033114,1.0095621744634133,0.6684092230524408,1.5904378255365867,2.0,0.5,0.75,0.5
0.2,0.175,0.625,0.375,2.0,1.5,0.4,0.30000000000000004,0.35,0.26249999999999996,1.25,0.9375,ok,`gtol` termination condition is satisfied.,True,True,True,5,1.3079506867532369e-14,3.8484284159040614e-16,-4.440892098500626e-16,9.124645483638005e-16,0.9910139016171047,1.0014543497749482,9.799835620978635e-10,-2.815935820986097,14.781985079309441,2.3526259940827403,0.1871326042120618,-2.815935820986097,0.7735239466164698,0.30896024238760367,0.7657469898886449,0.2704416618411642,0.7730823048033113,0.9729593530133447,0.7795583381588356,1.5270406469866553,2.0,0.5,0.875,0.4285714285714286
0.2,0.2,0.6,0.4,2.0,1.5,0.4,0.30000000000000004,0.4,0.30000000000000004,1.2,0.8999999999999999,ok,`gtol` termination condition is satisfied.,True,True,True,5,5.684341886080802e-14,4.577566798522237e-16,0.0,2.192690473634684e-15,0.9904790830033462,1.0003208349764674,4.4115201137192757e-10,-2.7048797293992366,14.454946860557104,2.300576244988337,0.1839322947713224,-2.7048797293992366,0.7748463256694264,0.30983912304002137,0.7662415489273707,0.30944279877328096,0.7730823048033113,0.9363367808651735,0.8905572012267192,1.4636632191348264,2.0,0.5,1.0,0.37499999999999994
0.2,0.225,0.575,0.42500000000000004,2.0,1.5,0.4,0.30000000000000004,0.45,0.3375,1.15,0.8624999999999999,ok,`gtol` termination condition is satisfied.,True,True,True,5,7.750818884463627e-15,2.7755575615628914e-16,0.0,1.2351231148954867e-15,0.9881971508851892,0.9990856884814633,4.0114469558195336e-10,-2.6022537063880864,14.171036224906928,2.2553904639282494,0.18061192840950288,-2.6022537063880864,0.7763225927023127,0.3108132171855113,0.7668294506405585,0.34861063353044086,0.7730823048033114,0.8996632399996658,1.0013893664695592,1.400336760000334,2.0,0.5,1.125,0.3333333333333333
0.2,0.25,0.55,0.45,2.0,1.5,0.4,0.30000000000000004,0.5,0.375,1.1,0.8250000000000001,ok,`gtol` termination condition is satisfied.,True,True,True,4,1.7465831412949998e-13,1.1710090180710446e-15,-4.440892098500626e-16,7.077671781985373e-16,0.9854877245725812,0.997758529630481,7.355956647078905e-10,-2.507283124896548,13.922152226363297,2.2157793453035546,0.17724171873941547,-2.507283124896548,0.7779492744297024,0.31187877680898013,0.7675012034787896,0.38796015021249236,0.7730823048033113,0.8629133718052834,1.1120398497875077,1.337086628194717,2.0,0.5,1.25,0.3
0.2,0.275,0.525,0.47500000000000003,2.0,1.5,0.4,0.30000000000000004,0.55,0.41250000000000003,1.05,0.7875000000000001,ok,`gtol` termination condition is satisfied.,True,True,True,5,3.170789543644211e-14,1.2412670766236366e-16,0.0,1.3322676295501878e-15,0.982653502870338,0.9963462236986682,1.3582814439385132e-09,-2.4192706543054765,13.70206513106691,2.1807513961763973,0.17387309605119167,-2.4192706543054765,0.7797255753830366,0.3130339863139199,0.7682503569085596,0.42750555183815236,0.7730823048033115,0.8260657675084748,1.2224944481618478,1.2739342324915253,2.0,0.5,1.375,0.2727272727272727
0.2,0.3,0.5,0.5,2.0,1.5,0.4,0.30000000000000004,0.6,0.44999999999999996,1.0,0.75,ok,`gtol` termination condition is satisfied.,True,True,True,5,5.81311416334772e-15,4.965068306494546e-16,-2.220446049250313e-16,1.0304257447302234e-15,0.979699202812869,0.9948536266506689,3.153702207982994e-10,-2.337587399829565,13.505900030026808,2.1495307506837444,0.17054340145139926,-2.337587399829565,0.7816526780827957,0.31427846555250644,0.7690726089869687,0.4672607196585221,0.7730823048033112,0.7891016983413598,1.3327392803414777,1.21089830165864,2.0,0.5,1.5,0.25
0.2,0.325,0.475,0.525,2.0,1.5,0.4,0.30000000000000004,0.65,0.48750000000000004,0.95,0.7124999999999999,ok,`gtol` termination condition is satisfied.,True,True,True,4,8.585522456636632e-14,2.2887833992611187e-16,0.0,1.033895191682177e-15,0.9766277222745644,0.9932840854864246,2.649434645153682e-09,-2.2616657026237643,13.329784916978538,2.121501159888924,0.1672793524546764,-2.2616657026237643,0.7837332917149517,0.31561294625238945,0.769965228809374,0.5072395416420135,0.7730823048033114,0.7520042415472947,1.4427604583579867,1.1479957584527052,2.0,0.5,1.625,0.23076923076923075
0.2,0.35,0.45,0.55,2.0,1.5,0.4,0.30000000000000004,0.7,0.5249999999999999,0.9,0.675,ok,`gtol` termination condition is satisfied.,True,True,True,4,5.684341886080802e-14,1.2959208739370123e-15,0.0,8.396061623727746e-16,0.9734405310946334,0.9916397809351574,1.656091780904948e-09,-2.190993029138961,13.170604306267487,2.0961667788498737,0.16409963962251448,-2.190993029138961,0.7859713575096174,0.3170390589891075,0.7709266747392982,0.5474561625891767,0.7730823048033113,0.7147576581186553,1.552543837410823,1.0852423418813446,2.0,0.5,1.75,0.2142857142857143
0.2,0.375,0.425,0.575,2.0,1.5,0.4,0.30000000000000004,0.75,0.5625,0.85,0.6375,ok,`gtol` termination condition is satisfied.,True,True,True,4,4.650491330678176e-14,6.684427777288335e-16,2.220446049250313e-16,1.6930901125533637e-15,0.9701379397461883,0.9899219654136096,2.3382775251523066e-09,-2.125106618014179,13.025822676657238,2.0731240668285027,0.16101689208002515,-2.125106618014179,0.7883718565423908,0.318559193183674,0.7719563384236134,0.587925187710241,0.7730823048033113,0.6773469340398471,1.662074812289759,1.022653065960153,2.0,0.5,1.875,0.19999999999999998
0.2,0.4,0.4,0.6000000000000001,2.0,1.5,0.4,0.30000000000000004,0.8,0.6000000000000001,0.8,0.6000000000000001,ok,`gtol` termination condition is satisfied.,True,True,True,4,1.743934249004316e-14,4.577566798522237e-16,-4.440892098500626e-16,4.85722573273506e-17,0.9667192839091262,0.9881311294256282,7.361889584493104e-10,-2.063588675350137,12.893355351433147,2.052041237220927,0.1580391742044092,-2.063588675350137,0.7909406869737676,0.3201764071266608,0.7730543721916142,0.6286618599353676,0.7730823048033114,0.6397574292112563,1.7713381400646329,0.9602425707887438,2.0,0.5,2.0,0.18749999999999997
0.2,0.425,0.375,0.625,2.0,1.5,0.4,0.30000000000000004,0.85,0.6375,0.75,0.5625,ok,`gtol` termination condition is satisfied.,True,True,True,4,2.6159013735064738e-14,6.758924343478424e-16,0.0,-1.1102230246251565e-16,0.9631830494700756,0.986267117684595,1.1625153002640648e-09,-2.0060620168129626,12.771472374986477,2.032642959040686,0.15517113010597935,-2.0060620168129626,0.7936845902753893,0.3218943736616421,0.7742215735050326,0.6696822246046317,0.7730823048033114,0.6019745975819285,1.8803177753953682,0.8980254024180715,2.0,0.5,2.125,0.17647058823529413
0.2,0.45,0.35,0.65,2.0,1.5,0.4,0.30000000000000004,0.9,0.675,0.7,0.5249999999999999,ok,`gtol` termination condition is satisfied.,True,True,True,4,5.684341886080802e-14,2.482534153247273e-16,-2.220446049250313e-16,7.216449660063518e-16,0.9595269538602602,0.9843292088520454,4.4178695830047713e-10,-1.9521860906491295,12.658725823555363,2.0146987880638596,0.1524148603095056,-1.9521860906491295,0.7966111136316751,0.32371735247426303,0.775459309792131,0.7110032913742326,0.7730823048033112,0.5639837538541193,1.9889967086257676,0.8360162461458807,2.0,0.5,2.25,0.16666666666666666
0.2,0.475,0.325,0.675,2.0,1.5,0.4,0.30000000000000004,0.95,0.7124999999999999,0.65,0.48750000000000004,ok,`gtol` termination condition is satisfied.,True,True,True,4,5.684341886080802e-14,5.661048867003676e-16,-2.220446049250313e-16,3.0531133177191805e-16,0.9557479941119439,0.9823161680614634,5.680542675866546e-09,-1.9016533437671188,12.553894064337591,1.998014295391332,0.14977059362038245,-1.9016533437671188,0.7997286005350697,0.32565018332673146,0.7767694730002517,0.7526432010453031,0.7730823048033114,0.5257698694822431,2.0973567989546966,0.7742301305177569,2.0,0.5,2.375,0.15789473684210525
0.2,0.5,0.3,0.7,2.0,1.5,0.4,0.30000000000000004,1.0,0.75,0.6,0.44999999999999996,ok,`gtol` termination condition is satisfied.,True,True,True,4,1.3951473992034527e-14,4.577566798522237e-16,-4.440892098500626e-16,1.0269562977782698e-15,0.9518424683415785,0.9802262782828911,3.2134395814861096e-09,-1.8541859063478474,12.455938463332988,1.9824241772879119,0.14723720187914383,-1.8541859063478474,0.8030462047765787,0.32769829683950646,0.7781544570513271,0.794621403957563,0.7730823048033114,0.4873173852918797,2.2053785960424372,0.7126826147081202,2.0,0.5,2.5,0.15
0.2,0.525,0.275,0.7250000000000001,2.0,1.5,0.4,0.30000000000000004,1.05,0.7875000000000001,0.55,0.41250000000000003,ok,`gtol` termination condition is satisfied.,True,True,True,4,5.684341886080802e-14,4.965068306494546e-16,0.0,9.992007221626409e-16,0.9478059748287998,0.9780624286653472,1.921215178740084e-10,-1.8095325781859777,12.363969381494199,1.9677868433016457,0.14481259398676555,-1.8095325781859777,0.8065739252454394,0.3298677410140212,0.7796171539501049,0.8369588562610053,0.7730823048033115,0.44861003088593465,2.313041143738995,0.6513899691140654,2.0,0.5,2.625,0.14285714285714285
0.2,0.55,0.25,0.75,2.0,1.5,0.4,0.30000000000000004,1.1,0.8250000000000001,0.5,0.375,ok,`gtol` termination condition is satisfied.,True,True,True,4,1.9024737261865264e-14,5.389157964038493e-16,-2.220446049250313e-16,1.0824674490095276e-15,0.9436333910113567,0.976808363582063,2.9459945779766296e-09,-1.7674660969434537,12.277219167075154,1.9539801178625729,0.14249401708831969,-1.7674660969434537,0.8103226606006294,0.33216522289471057,0.7811609660876876,0.879678240617631,0.7730823048033112,0.40963064266661114,2.4203217593823694,0.5903693573333888,2.0,0.5,2.75,0.13636363636363635
0.20000000000000004,0.5750000000000001,0.22500000000000003,0.7750000000000001,2.0,1.5,0.39999999999999997,0.3,1.15,0.8624999999999999,0.44999999999999996,0.33749999999999997,ok,`gtol` termination condition is satisfied.,True,True,True,4,1.2131716514812633e-14,4.440892098500626e-16,-4.440892098500626e-16,8.049116928532385e-16,0.9393188332725694,0.975513863601645,1.5909176119894488e-09,-1.727780667297174,12.195020482514748,1.9408977908991327,0.14027828613323462,-1.727780667297174,0.8143042842236956,0.3345981657687759,0.7827898336194474,0.9228042186286839,0.7730823048033113,0.37036097312076466,2.527195781371316,0.5296390268792353,1.9999999999999998,0.5000000000000001,2.875,0.13043478260869565
0.2,0.6,0.2,0.8,2.0,1.5,0.4,0.30000000000000004,1.2,0.8999999999999999,0.4,0.30000000000000004,ok,`gtol` termination condition is satisfied.,True,True,True,5,5.684341886080802e-14,5.551115123125783e-16,-2.220446049250313e-16,9.43689570931383e-16,0.9348555971655667,0.9741776406990451,1.3598171325927916e-09,-1.6902897363967528,12.116788734183944,1.9284468214455641,0.13816195871219794,-1.6902897363967528,0.8185317410886495,0.3371747832280767,0.7845082768822221,0.9663637235434132,0.7730823048033112,0.33078148417670344,2.6336362764565866,0.4692185158232966,2.0,0.5,3.0,0.125
0.2,0.625,0.175,0.825,2.0,1.5,0.4,0.30000000000000004,1.25,0.9375,0.35,0.26249999999999996,ok,`gtol` termination condition is satisfied.,True,True,True,5,5.580589596813811e-15,7.850462293418876e-16,-2.220446049250313e-16,4.163336342344337e-16,0.9302360765510939,0.9727980426230928,4.910567406167703e-10,-1.6548239928537254,12.04200766613762,1.9165450448163004,0.13614146787428558,-1.6548239928537254,0.8230191694334266,0.33990417237427745,0.7863214547966269,1.010386303662214,0.7730823048033112,0.290871117022623,2.739613696337786,0.40912888297737693,2.0,0.5,3.125,0.12
0.2,0.65,0.15,0.8500000000000001,2.0,1.5,0.4,0.30000000000000004,1.3,0.9750000000000001,0.3,0.22499999999999998,ok,`gtol` termination condition is satisfied.,True,True,True,4,2.179917811255395e-14,4.965068306494546e-16,-4.440892098500626e-16,8.049116928532385e-16,0.9254516588969391,0.9713730341872928,1.5784506231052669e-10,-1.6212295715636618,11.970217412292586,1.9051192710510412,0.13421322300619717,-1.6212295715636618,0.8277820515206589,0.34279642953552175,0.7882352411930554,1.054904529451243,0.7730823048033113,0.2506070297798463,2.8450954705487574,0.3493929702201537,2.0,0.5,3.25,0.11538461538461538
0.2,0.675,0.125,0.875,2.0,1.5,0.4,0.30000000000000004,1.35,1.0125000000000002,0.25,0.1875,ok,`gtol` termination condition is satisfied.,True,True,True,4,5.684341886080802e-14,8.95090418262362e-16,-2.220446049250313e-16,2.7755575615628914e-16,0.9204925925695062,0.9699001670550289,1.5241218085355895e-09,-1.5893664431002095,11.901004446688583,1.894103685449115,0.13237368650271714,-1.5893664431002095,0.832837399476849,0.34586279319128854,0.7902563221145641,1.0999544809792081,0.7730823048033113,0.20996429277211595,2.950045519020793,0.2900357072278841,2.0,0.5,3.375,0.1111111111111111
0.20000000000000004,0.7000000000000001,0.10000000000000002,0.9000000000000001,2.0,1.5,0.39999999999999997,0.3,1.4,1.0499999999999998,0.19999999999999998,0.15,ok,`gtol` termination condition is satisfied.,True,True,True,5,1.9930677131477896e-14,8.881784197001252e-16,2.220446049250313e-16,1.7763568394002505e-15,0.9153478201919631,0.9683765366403273,2.9467254667307247e-09,-1.5591069728951608,11.833992993854702,1.8834384814868332,0.13061943267094428,-1.5591069728951608,0.8382039843773591,0.34911582051187157,0.7923923185086478,1.145576337238476,0.7730823048033113,0.16891552866563522,3.0544236627615233,0.23108447133436474,1.9999999999999998,0.5000000000000001,3.5,0.10714285714285715
0.2,0.725,0.075,0.925,2.0,1.5,0.4,0.30000000000000004,1.45,1.0875,0.15,0.11249999999999999,ok,`gtol` termination condition is satisfied.,True,True,True,4,5.684341886080802e-14,7.771561172376096e-16,-2.220446049250313e-16,1.5265566588595902e-15,0.9100047698519791,0.9667987238763722,1.4258766185936646e-09,-1.5303346280534897,11.768837531590512,1.87306866759805,0.1289471935155799,-1.5303346280534897,0.8439026196435784,0.35256960620275474,0.7946519404786709,1.1918150957772824,0.7730823048033113,0.12743048120435574,3.1581849042227175,0.17256951879564425,2.0,0.5,3.625,0.10344827586206896
0.2,0.75,0.05,0.95,2.0,1.5,0.4,0.30000000000000004,1.5,1.125,0.1,0.07500000000000001,ok,`gtol` termination condition is satisfied.,True,True,True,4,1.743934249004316e-14,4.577566798522237e-16,-4.440892098500626e-16,5.551115123125783e-16,0.9044490928365653,0.9651627184990472,2.34831135882423e-09,-1.5029428190840721,11.705216079359815,1.8629429989888497,0.1273538957641744,-1.5029428190840721,0.849956513790123,0.356240055481694,0.7970451816415222,1.2387214606895984,0.7730823048033114,0.08547549120523118,3.2612785393104016,0.11452450879476883,2.0,0.5,3.75,0.09999999999999999
0.2,0.775,0.025,0.9750000000000001,2.0,1.5,0.4,0.30000000000000004,1.55,1.1625,0.05,0.037500000000000006,ok,`gtol` termination condition is satisfied.,True,True,True,4,4.795819184761869e-14,1.1102230246251565e-15,0.0,9.992007221626409e-16,0.8986643322372688,0.9634638190067638,1.339498486160692e-10,-1.4768338579018043,11.642823989949203,1.8530129895493193,0.12583669239974463,-1.4768338579018043,0.8563917131325891,0.3601452274288968,0.7995835654517183,1.2863529506772924,0.7730823048033114,0.04301285124328264,3.363647049322708,0.056987148756717364,2.0,0.5,3.875,0.0967741935483871
0.2,0.8,0.0,1.0,2.0,1.5,0.4,0.30000000000000004,1.6,1.2000000000000002,0.0,0.0,ok,`gtol` termination condition is satisfied.,True,True,True,4,4.35983562251079e-15,7.850462293418876e-16,-2.220446049250313e-16,2.7755575615628914e-16,0.8926315005663755,0.961696502373643,1.3001691420278436e-09,-1.4519180207468056,11.581367971492519,1.8432319604291911,0.12439299216499487,-1.4519180207468056,0.8632376630582276,0.36430577129175673,0.8022804600976426,1.334775298639382,nan,nan,3.4652247013606186,nan,2.0,0.5,4.0,0.09374999999999999
0.225,0.0,0.775,0.225,2.0,1.5,0.45,0.3375,0.0,0.0,1.55,1.1625,ok,`gtol` termination condition is satisfied.,True,True,True,4,1.9377047211159066e-14,5.117875266520903e-16,2.220446049250313e-16,1.078998002057574e-15,0.9866610378995598,1.0028816867851589,7.750814704733437e-09,-1.0000000052260585,0.0,0.0,1.0,-1.0000000052260585,0.7719036006902634,0.34635852353043367,nan,nan,0.7730823048033114,1.1978048798148888,nan,1.9021951201851113,2.25,0.4444444444444445,0.0,nan
0.225,0.025,0.75,0.25,2.0,1.5,0.45,0.3375,0.05,0.037500000000000006,1.5,1.125,ok,`gtol` termination condition is satisfied.,True,True,True,4,3.219646771412954e-13,6.684427777288335e-16,0.0,8.326672684688674e-17,0.9883313876569413,1.003560556000727,1.583362137423864e-08,-1.3712617649399588,0.0,0.0,1.0,-1.3712617649399588,0.7711506890953597,0.3457866174770827,0.7682975706878455,0.03886841904865864,0.7730823048033115,1.1593798140566594,0.11113158095134137,1.8406201859433406,2.25,0.4444444444444445,0.125,2.9999999999999996
0.225,0.05,0.725,0.275,2.0,1.5,0.45,0.3375,0.1,0.07500000000000001,1.45,1.0875,ok,`gtol` termination condition is satisfied.,True,True,True,5,5.684341886080802e-14,7.021666937153402e-16,4.440892098500626e-16,1.4016565685892601e-15,0.9893275149788952,1.003724983769879,5.422954065083167e-09,-1.7109181748262974,0.0,0.0,1.0,-1.7109181748262974,0.7709700650317015,0.3456489923775842,0.7673300950222067,0.07756077571931028,0.7730823048033114,1.1216454010920376,0.22243922428068977,1.7783545989079623,2.25,0.4444444444444445,0.25,1.4999999999999998
0.225,0.075,0.7,0.3,2.0,1.5,0.45,0.3375,0.15,0.11249999999999999,1.4,1.0499999999999998,ok,`gtol` termination condition is satisfied.,True,True,True,5,3.487868498008632e-14,4.041272810440265e-16,0.0,6.591949208711867e-17,0.9898687369730516,1.0035325030638012,1.2561510510446472e-09,-2.023111846012929,0.0,0.0,1.0,-2.023111846012929,0.7711815731017272,0.3458101325430754,0.7668144807305198,0.11619941898691297,0.7730823048033112,1.0843303225223104,0.33380058101308696,1.7156696774776894,2.25,0.4444444444444445,0.375,1.0
0.225,0.1,0.675,0.325,2.0,1.5,0.45,0.3375,0.2,0.15000000000000002,1.35,1.0125000000000002,ok,`gtol` termination condition is satisfied.,True,True,True,5,6.103769871515106e-14,7.816041058999314e-16,-2.220446049250313e-16,3.920475055707584e-16,0.9900867260443484,1.0030774235464819,2.464555772537665e-09,-2.311057819864719,0.0,0.0,1.0,-2.311057819864719,0.7716853335695366,0.34619301756241727,0.7666088133301443,0.1548569015550676,0.7730823048033114,1.0472698600705699,0.4451430984449325,1.6527301399294303,2.25,0.4444444444444445,0.5,0.7499999999999999
0.225,0.125,0.65,0.35,2.0,1.5,0.45,0.3375,0.25,0.1875,1.3,0.9750000000000001,ok,`gtol` termination condition is satisfied.,True,True,True,5,2.7902947984069054e-14,3.1401849173675503e-16,2.220446049250313e-16,8.222589276130066e-16,0.9900653056774947,1.002419523223244,2.4299063427649316e-09,-2.5773415951978444,0.0,0.0,1.0,-2.5773415951978444,0.7724227448919324,0.3467512624691364,0.7666289717381587,0.1935804050858948,0.7730823048033114,1.0103569740178384,0.5564195949141052,1.5896430259821617,2.25,0.4444444444444445,0.625,0.6
0.225,0.15,0.625,0.375,2.0,1.5,0.45,0.3375,0.3,0.22499999999999998,1.25,0.9375,ok,`gtol` termination condition is satisfied.,True,True,True,5,5.684341886080802e-14,5.551115123125783e-16,-4.440892098500626e-16,-3.0878077872387166e-16,0.9898603188844907,1.0015983695479722,2.403610188747798e-09,-2.8241071100715334,0.0,0.0,1.0,-2.8241071100715334,0.7733581745985719,0.3474558157741581,0.7668224461492485,0.2324032284716924,0.7730823048033113,0.9735180390813151,0.6675967715283075,1.526481960918685,2.25,0.4444444444444445,0.75,0.5
0.225,0.175,0.6,0.4,2.0,1.5,0.45,0.3375,0.35,0.26249999999999996,1.2,0.8999999999999999,ok,`gtol` termination condition is satisfied.,True,True,True,5,2.9896015697216847e-14,4.002966042486721e-16,-2.220446049250313e-16,7.216449660063518e-16,0.9895103317909918,1.0006410320371932,1.4995056306687782e-14,-2.9072788157618,14.893173421802443,2.370322168404696,0.19159249163473346,-2.9072788157618,0.7744696138701908,0.34828806243539284,0.7671551346501091,0.2713506756837509,0.7730823048033114,0.9366998336262692,0.7786493243162489,1.4633001663737306,2.25,0.4444444444444445,0.875,0.4285714285714286
0.225,0.2,0.575,0.42500000000000004,2.0,1.5,0.45,0.3375,0.4,0.30000000000000004,1.15,0.8624999999999999,ok,`gtol` termination condition is satisfied.,True,True,True,5,1.5501637768927254e-14,3.973993651728112e-16,-4.440892098500626e-16,6.036837696399289e-16,0.987978752863799,0.9995664934167168,1.2907599179183943e-09,-2.8013588930814493,14.55698350073312,2.3168158806488393,0.18897352728128528,-2.8013588930814493,0.7757435815499429,0.3492360078059778,0.76760422272084,0.3104432912239986,0.7730823048033113,0.8998621154015547,0.8895567087760016,1.4001378845984451,2.25,0.4444444444444445,1.0,0.37499999999999994
0.225,0.225,0.55,0.45,2.0,1.5,0.45,0.3375,0.45,0.3375,1.1,0.8250000000000001,ok,`gtol` termination condition is satisfied.,True,True,True,5,3.875409442231813e-14,8.326672684688674e-16,0.0,5.793976409762536e-16,0.9854194457439002,0.998388298678069,3.9213294872475377e-10,-2.702697120310628,14.26317530363329,2.270054853759483,0.1861748729948411,-2.702697120310628,0.7771721932301796,0.35029205311865413,0.7681541275622783,0.3496987465961174,0.7730823048033114,0.8629731622980878,1.0003012534038827,1.3370268377019123,2.25,0.4444444444444445,1.125,0.3333333333333333
0.225,0.25,0.525,0.475,2.0,1.5,0.45,0.3375,0.5,0.375,1.05,0.7875000000000001,ok,`gtol` termination condition is satisfied.,True,True,True,5,7.750818884463627e-15,7.850462293418876e-16,0.0,9.575673587391975e-16,0.9827234452387905,0.9971162112281907,3.602054319712888e-10,-2.6106981496290116,14.004092492644222,2.22882054372043,0.18326653032104773,-2.6106981496290116,0.778751400866964,0.3514516426911605,0.7687940813187188,0.38913300014264124,0.7730823048033114,0.8260069747763413,1.1108669998573588,1.2739930252236586,2.25,0.4444444444444445,1.25,0.3
0.225,0.275,0.5,0.5,2.0,1.5,0.45,0.3375,0.55,0.41250000000000003,1.0,0.75,ok,`gtol` termination condition is satisfied.,True,True,True,5,5.684341886080802e-14,8.252325904466732e-16,-2.220446049250313e-16,4.753142324176451e-16,0.9798981945392781,0.9957572834989973,1.6654094839836997e-09,-2.5248201794121687,13.773794094050984,2.1921674151981687,0.18030193223839436,-2.5248201794121687,0.7804798977028521,0.35271241273992365,0.7695166356484732,0.4287610469371933,0.7730823048033114,0.7889414523993423,1.221238953062807,1.2110585476006577,2.25,0.4444444444444445,1.375,0.2727272727272727
0.225,0.3,0.475,0.525,2.0,1.5,0.45,0.3375,0.6,0.44999999999999996,0.95,0.7124999999999999,ok,`gtol` termination condition is satisfied.,True,True,True,5,5.684341886080802e-14,3.510833468576701e-16,-2.220446049250313e-16,8.951173136040325e-16,0.9769487082936447,0.9943165685264967,9.292910310528431e-10,-2.444568814517388,13.567591817720258,2.1593493036433324,0.17732178184724623,-2.444568814517388,0.7823584180525844,0.3540736414011401,0.7703167069420798,0.4685974288573457,0.7730823048033113,0.7517571632249871,1.3314025711426543,1.1482428367750128,2.25,0.4444444444444445,1.5,0.25
0.225,0.325,0.45,0.55,2.0,1.5,0.45,0.3375,0.65,0.48750000000000004,0.9,0.675,ok,`gtol` termination condition is satisfied.,True,True,True,5,1.073190307079579e-14,6.497413668604471e-16,0.0,5.134781488891349e-16,0.973878138253371,0.9927976037582694,8.684747887203595e-10,-2.3694922241894805,13.3817319525372,2.1297687873770554,0.17435692043680237,-2.3694922241894805,0.7843892806287412,0.3555358866165006,0.7711909509057625,0.5086566006887663,0.7730823048033113,0.7144364854219192,1.441343399311234,1.0855635145780809,2.25,0.4444444444444445,1.625,0.23076923076923075
0.225,0.35,0.425,0.575,2.0,1.5,0.45,0.3375,0.7,0.5249999999999999,0.85,0.6375,ok,`gtol` termination condition is satisfied.,True,True,True,5,9.965338565738948e-15,6.206335383118183e-16,-2.220446049250313e-16,9.43689570931383e-16,0.9706881619959605,0.9912027458884874,5.434292330584067e-10,-2.299177168856183,13.2131709747926,2.1029414745565997,0.17143051024494993,-2.299177168856183,0.7865760875000419,0.35710074537549763,0.7721373446347475,0.548953208680955,0.7730823048033112,0.6769629885375579,1.5510467913190447,1.023037011462442,2.25,0.4444444444444445,1.75,0.2142857142857143
0.225,0.375,0.4,0.6,2.0,1.5,0.45,0.3375,0.75,0.5625,0.8,0.6000000000000001,ok,`gtol` termination condition is satisfied.,True,True,True,4,7.440786129085082e-14,2.9893669801409083e-16,2.220446049250313e-16,4.579669976578771e-16,0.9673792522264629,0.9895334054816978,1.535968868838783e-09,-2.233245619725466,13.059413659325639,2.0784702377634927,0.16855971908411502,-2.233245619725466,0.7889235259829261,0.35877069407222056,0.7731549035004349,0.5895023162201821,0.7730823048033115,0.6393209720171533,1.660497683779818,0.9606790279828468,2.25,0.4444444444444445,1.875,0.19999999999999998
0.225,0.4,0.375,0.625,2.0,1.5,0.45,0.3375,0.8,0.6000000000000001,0.75,0.5625,ok,`gtol` termination condition is satisfied.,True,True,True,4,5.81311416334772e-14,5.661048867003676e-16,0.0,-1.3877787807814457e-17,0.9639508630918793,0.9877902123452336,1.6939473380173073e-09,-2.17135177619245,12.918393949532094,2.0560262538764653,0.16575703252813695,-2.17135177619245,0.7914372410628047,0.36054898502455346,0.7742434882695726,0.630319598913176,0.7730823048033114,0.6014951081040928,1.7696804010868243,0.8985048918959072,2.25,0.4444444444444445,2.0,0.18749999999999997
0.225,0.425,0.35,0.65,2.0,1.5,0.45,0.3375,0.85,0.6375,0.7,0.5249999999999999,ok,`gtol` termination condition is satisfied.,True,True,True,4,5.684341886080802e-14,6.407872222066844e-16,0.0,1.1518563880486e-15,0.9604015570460719,0.9859731317275976,2.753326925147856e-09,-2.113179378020985,12.788385735499137,2.035334803970571,0.16303128348147516,-2.113179378020985,0.7941237580547579,0.3624395834179491,0.7754036744603946,0.6714215241972344,0.7730823048033112,0.5634701541163346,1.8785784758027653,0.8365298458836653,2.25,0.4444444444444445,2.125,0.17647058823529413
0.225,0.45,0.325,0.675,2.0,1.5,0.45,0.3375,0.9,0.675,0.65,0.48750000000000004,ok,`gtol` termination condition is satisfied.,True,True,True,4,5.684341886080802e-14,7.850462293418876e-16,0.0,9.43689570931383e-16,0.9567290876659142,0.9840815445716186,2.1812840984531883e-10,-2.058439240875047,12.667934985227303,2.0161644716656815,0.1603884633339252,-2.058439240875047,0.7969904426929748,0.3644471346812638,0.7766366660420021,0.7128255264128883,0.7730823048033114,0.5252307101355996,1.9871744735871117,0.7747692898644004,2.25,0.4444444444444445,2.25,0.16666666666666666
0.225,0.475,0.3,0.7,2.0,1.5,0.45,0.3375,0.95,0.7124999999999999,0.6,0.44999999999999996,ok,`gtol` termination condition is satisfied.,True,True,True,4,3.6714405242196123e-14,6.753223014464259e-16,2.220446049250313e-16,7.632783294297951e-16,0.9529304485258334,0.9821143006171631,6.236599793923549e-10,-2.0068669749486063,12.555807388685682,1.9983188104190688,0.1578323627101179,-2.0068669749486063,0.8000454906250001,0.36657695601725004,0.777944241924123,0.754550185908962,0.7730823048033113,0.48676100506553605,2.0954498140910376,0.713238994934464,2.25,0.4444444444444445,2.375,0.15789473684210525
0.225,0.5,0.275,0.725,2.0,1.5,0.45,0.3375,1.0,0.75,0.55,0.41250000000000003,ok,`gtol` termination condition is satisfied.,True,True,True,4,5.684341886080802e-14,3.510833468576701e-16,0.0,3.608224830031759e-16,0.9490018946749225,0.9800697501899588,1.1913073579378122e-09,-1.958220866542427,12.450947445937533,1.9816298321983679,0.1553650785808708,-1.958220866542427,0.8032979414817579,0.36883504831847697,0.7793287277933554,0.7966154195465899,0.7730823048033113,0.44804469835908023,2.20338458045341,0.6519553016409199,2.25,0.4444444444444445,2.5,0.15
0.225,0.525,0.25,0.75,2.0,1.5,0.45,0.3375,1.05,0.7875000000000001,0.5,0.375,ok,`gtol` termination condition is satisfied.,True,True,True,4,5.684341886080802e-14,1.1102230246251565e-15,2.220446049250313e-16,1.5543122344752192e-15,0.9449389407611946,0.9779457584696957,1.9002685707741084e-09,-1.9122799125895524,12.352446135953087,1.9659528618133162,0.1529874159696653,-1.9122799125895524,0.8067577149442474,0.3712281264893498,0.7807929886150848,0.8390426895749038,0.7730823048033113,0.40906468738633833,2.3109573104250964,0.5909353126136616,2.25,0.4444444444444445,2.625,0.14285714285714285
0.225,0.55,0.225,0.775,2.0,1.5,0.45,0.3375,1.1,0.8250000000000001,0.45,0.3375,ok,`gtol` termination condition is satisfied.,True,True,True,5,1.5501637768927254e-14,3.3766115072321297e-16,0.0,1.27675647831893e-15,0.9407363379957887,0.9758681990044281,2.7330029574768145e-09,-1.868841995112911,12.259515071876221,1.951162423598693,0.15069920613623913,-1.868841995112911,0.8104356679302299,0.3737636675703127,0.7823404390681753,0.8818552380874213,0.7730823048033113,0.3698029119430566,2.418144761912579,0.5301970880569434,2.25,0.4444444444444445,2.75,0.13636363636363635
0.225,0.575,0.2,0.7999999999999999,2.0,1.5,0.45,0.3375,1.15,0.8624999999999999,0.4,0.30000000000000004,ok,`gtol` termination condition is satisfied.,True,True,True,5,1.819757477221895e-14,4.002966042486721e-16,0.0,-1.942890293094024e-16,0.9363880306747635,0.974589153773936,1.749954234609397e-10,-1.8277221952974005,12.17146562923699,1.937148919566173,0.14849955894973021,-1.8277221952974005,0.8143436734380188,0.37644997722221907,0.7839750706437779,0.9250783550680387,0.7730823048033115,0.33024014809169505,2.524921644931961,0.469759851908305,2.25,0.4444444444444445,2.875,0.13043478260869565
0.225,0.6,0.175,0.825,2.0,1.5,0.45,0.3375,1.2,0.8999999999999999,0.35,0.26249999999999996,ok,`gtol` termination condition is satisfied.,True,True,True,4,5.684341886080802e-14,5.661048867003676e-16,2.220446049250313e-16,1.7208456881689926e-15,0.931887091687273,0.973266404492342,5.050078570303284e-10,-1.7887512346785357,12.087691906588702,1.9238159175054887,0.14638706278744526,-1.7887512346785357,0.8184947228941885,0.3792962762235915,0.785701495338773,0.9687396894155778,0.7730823048033112,0.290355783543744,2.631260310584422,0.409644216456256,2.25,0.4444444444444445,3.0,0.125
0.225,0.625,0.15,0.85,2.0,1.5,0.45,0.3375,1.25,0.9375,0.3,0.22499999999999998,ok,`gtol` termination condition is satisfied.,True,True,True,4,1.9377047211159066e-14,7.108895957933346e-16,0.0,1.0269562977782698e-15,0.9272256351883851,0.9718983023322032,1.6216670569062781e-09,-1.7517740450629298,12.007656662304925,1.9110779127561581,0.14435994353606094,-1.7517740450629298,0.8229030552073872,0.3823128097829838,0.7875250069661756,1.012869614388153,0.7730823048033113,0.2501275661925299,2.737130385611847,0.3498724338074701,2.25,0.4444444444444445,3.125,0.12
0.225,0.65,0.125,0.875,2.0,1.5,0.45,0.3375,1.3,0.9750000000000001,0.25,0.1875,ok,`gtol` termination condition is satisfied.,True,True,True,5,2.146380614159158e-14,6.961062950497062e-16,-2.220446049250313e-16,9.71445146547012e-16,0.9223947032693477,0.9704827878275599,9.385943682825811e-10,-1.7166484535498105,11.930879564900964,1.89885845818807,0.14241619099475922,-1.7166484535498105,0.8275843172744861,0.38551098379258836,0.7894516622180588,1.0575016618077644,0.7730823048033114,0.20953131616627582,2.842498338192236,0.29046868383372415,2.25,0.4444444444444445,3.25,0.11538461538461538
0.225,0.675,0.1,0.9,2.0,1.5,0.45,0.3375,1.35,1.0125000000000002,0.2,0.15000000000000002,ok,`gtol` termination condition is satisfied.,True,True,True,4,1.162622832669544e-14,5.978733960281817e-16,0.0,8.881784197001252e-16,0.9173841218773767,0.9690173583052307,1.8130871010328139e-09,-1.6832439793135827,11.856927235103933,1.8870885793477106,0.14055366015895698,-1.6832439793135827,0.8325557625786009,0.38890353378493386,0.7914883848753405,1.1026730433915923,0.7730823048033114,0.1685405897850598,2.9473269566084084,0.2314594102149402,2.25,0.4444444444444445,3.375,0.1111111111111111
0.22500000000000003,0.7000000000000001,0.07500000000000001,0.925,2.0,1.5,0.45000000000000007,0.3375,1.4000000000000001,1.05,0.15000000000000002,0.11250000000000002,ok,`gtol` termination condition is satisfied.,True,True,True,4,5.684341886080802e-14,7.771561172376096e-16,-2.220446049250313e-16,7.771561172376096e-16,0.9121823192502428,0.9674990211724164,8.766162620546593e-10,-1.6514407321640965,11.785404663764172,1.8757054085763447,0.138770153018323,-1.6514407321640965,0.8378364969655883,0.3925047344793713,0.7936430981042614,1.1484252831589778,0.7730823048033114,0.1271262808687309,3.0515747168410225,0.17287371913126914,2.2500000000000004,0.4444444444444444,3.5000000000000004,0.10714285714285712
0.225,0.725,0.05,0.95,2.0,1.5,0.45,0.3375,1.45,1.0875,0.1,0.07500000000000001,ok,`gtol` termination condition is satisfied.,True,True,True,5,1.9377047211159066e-14,5.978733960281817e-16,-6.661338147750939e-16,1.6653345369377348e-16,0.9067760975081914,0.9659242304792232,1.414313521311294e-09,-1.62112840628405,11.71594765187452,1.864650981801714,0.1370634859158599,-1.62112840628405,0.8434477839698609,0.3963306606669559,0.7959248917938749,1.194804992653037,0.7730823048033112,0.08525614062035063,3.1551950073469626,0.11474385937964938,2.25,0.4444444444444445,3.625,0.10344827586206896
0.225,0.75,0.025,0.975,2.0,1.5,0.45,0.3375,1.5,1.125,0.05,0.037500000000000006,ok,`gtol` termination condition is satisfied.,True,True,True,5,9.300982661356352e-15,1.4252967779868361e-15,4.440892098500626e-16,1.7208456881689926e-15,0.9011503444555427,0.9642888029109568,2.329860634271295e-09,-1.5922053578699917,11.648215978740781,1.853871151218595,0.13543154627849927,-1.5922053578699917,0.8494134265964739,0.4003995141456274,0.798344234630277,1.2418648317085097,0.7730823048033114,0.04289419127228945,3.2581351682914903,0.05710580872771055,2.25,0.4444444444444445,3.75,0.09999999999999999
0.225,0.775,0.0,1.0,2.0,1.5,0.45,0.3375,1.55,1.1625,0.0,0.0,ok,`gtol` termination condition is satisfied.,True,True,True,4,9.000950962602921e-15,9.992007221626409e-16,-2.220446049250313e-16,3.3306690738754696e-16,0.8952876675867608,0.9625878076441875,6.646618187942355e-10,-1.5645777594706263,11.581887003700079,1.8433145669706483,0.13387234269933368,-1.5645777594706263,0.8557602488840106,0.40473203703709193,0.8009132444571904,1.2896647132346848,nan,nan,3.3603352867653156,nan,2.25,0.4444444444444445,3.875,0.0967741935483871
0.25,0.0,0.75,0.25,2.0,1.5,0.5,0.375,0.0,0.0,1.5,1.125,ok,`gtol` termination condition is satisfied.,True,True,True,4,5.684341886080802e-14,3.885780586188048e-16,-2.220446049250313e-16,8.187894806610529e-16,0.9844779084373854,1.001678217400795,1.0463603072670991e-08,-1.000000007938846,0.0,0.0,1.0,-1.000000007938846,0.7732664860150035,0.38598547546612044,nan,nan,0.7730823048033114,1.1628210978430857,nan,1.8371789021569143,2.5,0.4,0.0,nan
0.25,0.025,0.725,0.275,2.0,1.5,0.5,0.375,0.05,0.037500000000000006,1.45,1.0875,ok,`gtol` termination condition is satisfied.,True,True,True,5,3.487868498008632e-14,1.1443916996305594e-15,0.0,5.655198531684391e-16,0.9862250200561719,1.0023707791122827,2.658121515031638e-09,-1.335699039077111,0.0,0.0,1.0,-1.335699039077111,0.7724778077091257,0.38532538248633186,0.7704213486783564,0.03905910583339672,0.7730823048033114,1.1242551517013728,0.1109408941666033,1.775744848298627,2.5,0.4,0.125,2.9999999999999996
0.25,0.05,0.7,0.3,2.0,1.5,0.5,0.375,0.1,0.07500000000000001,1.4,1.0499999999999998,ok,`gtol` termination condition is satisfied.,True,True,True,5,5.684341886080802e-14,9.694605782913356e-16,-2.220446049250313e-16,9.367506770274758e-17,0.987316359613153,1.0025763881382546,1.4871507974065803e-08,-1.6455318296251207,0.0,0.0,1.0,-1.6455318296251207,0.772245945249052,0.38513072638937906,0.7693078485669992,0.07791908247812554,0.7730823048033114,1.086337021760222,0.2220809175218745,1.7136629782397779,2.5,0.4,0.25,1.4999999999999998
0.25,0.075,0.675,0.325,2.0,1.5,0.5,0.375,0.15,0.11249999999999999,1.35,1.0125000000000002,ok,`gtol` termination condition is satisfied.,True,True,True,5,4.650491330678176e-14,3.510833468576701e-16,-2.220446049250313e-16,1.304512053934559e-15,0.987954756347987,1.002436441585471,5.5934315655470865e-09,-1.9326427258565573,0.0,0.0,1.0,-1.9326427258565573,0.7724036471591853,0.3852631524137023,0.7686695721780855,0.11670619032487414,0.7730823048033114,1.0488200800857599,0.3332938096751258,1.6511799199142403,2.5,0.4,0.375,1.0
0.25,0.1,0.65,0.35,2.0,1.5,0.5,0.375,0.2,0.15000000000000002,1.3,0.9750000000000001,ok,`gtol` termination condition is satisfied.,True,True,True,4,3.836655347809495e-14,4.388541835720876e-16,0.0,1.1171619185290638e-15,0.9882654691240422,1.0020379977100384,1.0152268925381586e-09,-2.199507495748257,0.0,0.0,1.0,-2.199507495748257,0.7728552976743032,0.3856417119113809,0.7683624339526061,0.15549717317021122,0.7730823048033114,1.0115501963331146,0.44450282682978887,1.5884498036668855,2.5,0.4,0.5,0.7499999999999999
0.25,0.125,0.625,0.375,2.0,1.5,0.5,0.375,0.25,0.1875,1.25,0.9375,ok,`gtol` termination condition is satisfied.,True,True,True,4,1.3951473992034527e-14,4.041272810440265e-16,0.0,1.3183898417423734e-15,0.988330027557909,1.0014374671865514,2.935206055561305e-10,-2.4481358274533886,0.0,0.0,1.0,-2.4481358274533886,0.7735434123727691,0.3862165325938772,0.7682989079622048,0.19434270095501782,0.7730823048033113,0.9744248919053405,0.5556572990449822,1.5255751080946593,2.5,0.4,0.625,0.6
0.25,0.15,0.6,0.4,2.0,1.5,0.5,0.375,0.3,0.22499999999999998,1.2,0.8999999999999999,ok,`gtol` termination condition is satisfied.,True,True,True,4,1.1858752893229348e-13,6.206335383118183e-17,-2.220446049250313e-16,8.604228440844963e-16,0.9882037316337154,1.000672860614145,4.146107662899849e-09,-2.6802035587244486,0.0,0.0,1.0,-2.6802035587244486,0.7744323032557245,0.3869557843211769,0.7684232774335785,0.2332788025895858,0.7730823048033113,0.9373723599344552,0.6667211974104141,1.4626276400655447,2.5,0.4,0.75,0.5
0.25,0.175,0.575,0.425,2.0,1.5,0.5,0.375,0.35,0.26249999999999996,1.15,0.8624999999999999,ok,`gtol` termination condition is satisfied.,True,True,True,5,9.965338565738948e-15,5.79553433516819e-16,4.440892098500626e-16,1.6861512186494565e-15,0.987454463594879,0.9997705712544083,2.31961147871169e-09,-2.8971413214428314,0.0,0.0,1.0,-2.8971413214428314,0.775499490821197,0.38783872676317166,0.7686987629541652,0.2723328922865025,0.7730823048033113,0.900339897484685,0.7776671077134973,1.3996601025153148,2.5,0.4,0.875,0.4285714285714286
0.25,0.2,0.55,0.45,2.0,1.5,0.5,0.375,0.4,0.30000000000000004,1.1,0.8250000000000001,ok,`gtol` termination condition is satisfied.,True,True,True,5,2.6159013735064738e-14,4.75098925995612e-16,2.220446049250313e-16,1.294103713078698e-15,0.9850610348491615,0.9987493439317338,4.1988216855058756e-10,-2.883972636839874,14.644499014455329,2.3307444072549552,0.19322101180816956,-2.883972636839874,0.7767309085446826,0.3888517741032797,0.7691004066865443,0.31152715562656824,0.7730823048033115,0.8632871519619691,0.888472844373432,1.336712848038031,2.5,0.4,1.0,0.37499999999999994
0.25,0.225,0.525,0.475,2.0,1.5,0.5,0.375,0.45,0.3375,1.05,0.7875000000000001,ok,`gtol` termination condition is satisfied.,True,True,True,5,1.5501637768927254e-14,5.026748538604307e-16,-2.220446049250313e-16,9.228728892196614e-16,0.9825152737356335,0.9976227042906007,2.6844922096264744e-09,-2.7893136535039624,14.342797232006959,2.2827270772386616,0.19089843872681317,-2.7893136535039624,0.7781180905923517,0.3899861577156383,0.7696109361684156,0.3508805592834932,0.7730823048033114,0.8261819859116937,0.9991194407165069,1.2738180140883064,2.5,0.4,1.125,0.3333333333333333
0.25,0.25,0.5,0.5,2.0,1.5,0.5,0.375,0.5,0.375,1.0,0.75,ok,`gtol` termination condition is satisfied.,True,True,True,5,3.4878684980086318e-15,4.440892098500626e-16,0.0,1.214306433183765e-15,0.9798281644482023,0.9964005021728742,4.234886692798952e-09,-2.700479474096459,14.075374386680823,2.2401654095093075,0.18842191225634028,-2.700479474096459,0.7796564551595462,0.3912364824482379,0.7702182574190796,0.3904101041920173,0.7730823048033113,0.7889978394718614,1.1095898958079826,1.2110021605281385,2.5,0.4,1.25,0.3
0.25,0.275,0.475,0.525,2.0,1.5,0.5,0.375,0.55,0.41250000000000003,0.95,0.7124999999999999,ok,`gtol` termination condition is satisfied.,True,True,True,5,1.9024737261865264e-14,4.440892098500626e-16,-2.220446049250313e-16,3.7470027081099033e-16,0.9770074219853868,0.9950899231565893,1.3073600569209246e-09,-2.6170433120816066,13.836562233414401,2.2021572748465372,0.18584472682774417,-2.6170433120816066,0.7813442219919928,0.39259980621321144,0.7709138813348791,0.4301316445621281,0.7730823048033113,0.7517119860468475,1.219868355437872,1.1482880139531524,2.5,0.4,1.375,0.2727272727272727
0.25,0.3,0.45,0.55,2.0,1.5,0.5,0.375,0.6,0.44999999999999996,0.9,0.675,ok,`gtol` termination condition is satisfied.,True,True,True,5,1.743934249004316e-14,2.220446049250313e-16,0.0,1.3183898417423734e-15,0.9740583050029618,0.9936961688985144,3.043554790633627e-09,-2.538612330231662,13.621856541729178,2.1679858027048695,0.18320878912409805,-2.538612330231662,0.7831817122177449,0.39407503859347714,0.7716919065311272,0.47006044915995154,0.7730823048033113,0.7143043396369015,1.3299395508400482,1.0856956603630985,2.5,0.4,1.5,0.25
0.25,0.325,0.425,0.575,2.0,1.5,0.5,0.375,0.65,0.48750000000000004,0.85,0.6375,ok,`gtol` termination condition is satisfied.,True,True,True,5,5.684341886080802e-14,5.389157964038493e-16,0.0,1.2698175844150228e-15,0.9709841715612276,0.9922229244771559,5.695280761414364e-10,-2.464824134917002,13.427627184386152,2.1370732403901647,0.1805470210722194,-2.464824134917002,0.7851708872016118,0.3956625410642228,0.7725483458384546,0.510211605820012,0.7730823048033113,0.6767566128562564,1.4397883941799883,1.0232433871437436,2.5,0.4,1.625,0.23076923076923075
0.25,0.35,0.4,0.6,2.0,1.5,0.5,0.375,0.7,0.5249999999999999,0.8,0.6000000000000001,ok,`gtol` termination condition is satisfied.,True,True,True,4,9.965338565738947e-14,4.742874840267547e-16,0.0,9.159339953157541e-16,0.9677868642613577,0.9906726847166568,2.4079259956808416e-09,-2.3953439661905076,13.250912241207711,2.1089481836651127,0.17788520302352415,-2.3953439661905076,0.7873150419909037,0.39736385899046184,0.7734806718637353,0.5506003294170612,0.7730823048033115,0.6390517030985742,1.5493996705829385,0.9609482969014259,2.5,0.4,1.75,0.2142857142857143
0.25,0.375,0.375,0.625,2.0,1.5,0.5,0.375,0.75,0.5625,0.75,0.5625,ok,`gtol` termination condition is satisfied.,True,True,True,5,5.684341886080802e-14,7.301351988545593e-16,2.220446049250313e-16,1.8596235662471372e-15,0.9644669788984434,0.9890469845936668,2.2706191774329246e-09,-2.3298623854086733,13.089268588339086,2.0832217972916407,0.1752434118193122,-2.3298623854086733,0.7896186021169509,0.3991815426449899,0.7744875063530126,0.5912422107234439,0.7730823048033114,0.6011732296575979,1.6587577892765561,0.8988267703424021,2.5,0.4,1.875,0.19999999999999998
0.25,0.4,0.35,0.65,2.0,1.5,0.5,0.375,0.8,0.6000000000000001,0.7,0.5249999999999999,ok,`gtol` termination condition is satisfied.,True,True,True,4,8.022097545419854e-14,4.47545209131181e-16,-4.440892098500626e-16,2.220446049250313e-16,0.9610240512920902,0.9873465626770586,9.547116346860044e-10,-2.268093294190847,12.940661376312603,2.05957022491852,0.17263715632694007,-2.268093294190847,0.7920869919218553,0.40111903047204467,0.7755684066629385,0.6321534304470318,0.7730823048033111,0.563105171649695,1.7678465695529686,0.8368948283503049,2.5,0.4,2.0,0.18749999999999997
0.25,0.425,0.325,0.675,2.0,1.5,0.5,0.375,0.85,0.6375,0.65,0.48750000000000004,ok,`gtol` termination condition is satisfied.,True,True,True,5,8.206749407079134e-15,1.4002130849932114e-15,-2.220446049250313e-16,-1.3877787807814457e-16,0.957456684883968,0.9855714765503041,1.5852523251585782e-09,-2.2097721914378363,12.803380858151233,2.0377213518629214,0.17007828321816643,-2.2097721914378363,0.7947265543096054,0.40318057757277337,0.7767237197272889,0.6733509550429576,0.7730823048033114,0.52483157312025,1.876649044957042,0.7751684268797501,2.5,0.4,2.125,0.17647058823529413
0.25,0.45,0.3,0.7,2.0,1.5,0.5,0.375,0.9,0.675,0.6,0.44999999999999996,ok,`gtol` termination condition is satisfied.,True,True,True,5,2.325245665339088e-14,3.1401849173675503e-16,2.220446049250313e-16,8.881784197001252e-16,0.9537626339816283,0.9837211827985345,3.647721259157672e-15,-2.154654597214944,12.67597883084116,2.0174446894565947,0.16757570432133628,-2.154654597214944,0.7975445091494068,0.40537121854005215,0.7779544844246188,0.7148527263644013,0.7730823048033113,0.48633629202433354,1.9851472736355988,0.7136637079756665,2.5,0.4,2.25,0.16666666666666666
0.25,0.475,0.275,0.725,2.0,1.5,0.5,0.375,0.95,0.7124999999999999,0.55,0.41250000000000003,ok,`gtol` termination condition is satisfied.,True,True,True,4,3.6714405242196123e-14,9.424642647609475e-16,-4.440892098500626e-16,1.27675647831893e-15,0.9499388524504376,0.9817945899723204,1.6434666723894557e-09,-2.102514595080144,12.557219380146234,1.9985435358396193,0.1651359832220707,-2.102514595080144,0.8005489423051373,0.4076967577951856,0.7792623699241754,0.7566778546312455,0.7730823048033113,0.44760277626817624,2.093322145368754,0.6523972237318238,2.5,0.4,2.375,0.15789473684210525
0.25,0.5,0.25,0.75,2.0,1.5,0.5,0.375,1.0,0.75,0.5,0.375,ok,`gtol` termination condition is satisfied.,True,True,True,5,6.9757369960172635e-15,2.0014830212433605e-16,-2.220446049250313e-16,3.885780586188048e-16,0.9459815141932588,0.9797900901256347,1.9631959525298968e-10,-2.0531434765791907,12.446040221235696,1.9808488231302077,0.16276381056922518,-2.0531434765791907,0.8037488204713457,0.4101637833305112,0.7806496419518927,0.7988468228686443,0.7730823048033114,0.4086138540786406,2.2011531771313555,0.5913861459213594,2.5,0.4,2.5,0.15
0.25,0.525,0.225,0.775,2.0,1.5,0.5,0.375,1.05,0.7875000000000001,0.45,0.3375,ok,`gtol` termination condition is satisfied.,True,True,True,4,1.3287118087651931e-14,2.220446049250313e-16,-2.220446049250313e-16,8.326672684688674e-16,0.9418860092919854,0.9777055725563353,1.1278664304639222e-09,-2.0063484628833885,12.341521991129815,1.9642142301656407,0.1604623895858982,-2.0063484628833885,0.8071540292863704,0.4127797017541609,0.7821191518802458,0.8413817105268073,0.7730823048033112,0.3693515284540603,2.308618289473193,0.5306484715459397,2.5,0.4,2.625,0.14285714285714285
0.25,0.55,0.2,0.8,2.0,1.5,0.5,0.375,1.1,0.8250000000000001,0.4,0.30000000000000004,ok,`gtol` termination condition is satisfied.,True,True,True,5,1.2683158174576843e-14,5.551115123125783e-16,-2.220446049250313e-16,8.326672684688674e-16,0.937646917825006,0.975538421934481,3.606352087392958e-10,-1.9619515030259622,12.242863589922939,1.9485122579360228,0.15823374970303847,-1.9619515030259622,0.8107754339543217,0.41555279409014145,0.783674345653649,0.8843064442504264,0.7730823048033115,0.32979676682415865,2.415693555749574,0.4702032331758414,2.5,0.4,2.75,0.13636363636363635
0.25,0.575,0.175,0.825,2.0,1.5,0.5,0.375,1.15,0.8624999999999999,0.35,0.26249999999999996,ok,`gtol` termination condition is satisfied.,True,True,True,5,1.819757477221895e-14,3.510833468576701e-16,-4.440892098500626e-16,6.661338147750939e-16,0.9332579618595314,0.9735568620607192,2.77209108339233e-09,-1.91978814029026,12.149362156840839,1.9336310426748307,0.15607900200370795,-1.91978814029026,0.814624963098086,0.41849229312786773,0.7853192911610472,0.927647084653673,0.7730823048033112,0.2899292775836879,2.522352915346327,0.41007072241631204,2.5,0.4,2.875,0.13043478260869565
0.25,0.6,0.15,0.85,2.0,1.5,0.5,0.375,1.2,0.8999999999999999,0.3,0.22499999999999998,ok,`gtol` termination condition is satisfied.,True,True,True,5,6.9757369960172635e-15,5.117875266520903e-16,-4.440892098500626e-16,6.106226635438361e-16,0.9287119347596644,0.9722454209017144,5.00167734669317e-10,-1.879706443770602,12.060396633937811,1.9194717399400585,0.1539985475719396,-1.879706443770602,0.8187157179735864,0.42160848440417265,0.7870587239919566,0.9714321594998037,0.7730823048033113,0.24972726500065032,2.628567840500196,0.35027273499934963,2.5,0.4,3.0,0.125
0.25,0.625,0.125,0.875,2.0,1.5,0.5,0.375,1.25,0.9375,0.25,0.1875,ok,`gtol` termination condition is satisfied.,True,True,True,5,1.1161179193627622e-14,2.7755575615628914e-16,-4.440892098500626e-16,9.43689570931383e-16,0.9240006055979488,0.9708864652521273,1.6066342914159176e-10,-1.8415660074563525,11.975414118933617,1.9059463526007598,0.15199224816608925,-1.8415660074563525,0.8230621106601127,0.4249128342795331,0.7888981127317649,1.0156930559935473,0.7730823048033112,0.20916715317059406,2.7343069440064527,0.2908328468294059,2.5,0.4,3.125,0.12
0.25,0.65,0.1,0.9,2.0,1.5,0.5,0.375,1.3,0.9750000000000001,0.2,0.15000000000000002,ok,`gtol` termination condition is satisfied.,True,True,True,5,5.365951535397895e-15,6.473657049138938e-16,2.220446049250313e-16,4.163336342344337e-16,0.9191145949669227,0.9694778859035676,1.8604969944657882e-09,-1.805237007721315,11.893918384220278,1.892975903580226,0.1500595661572873,-1.805237007721315,0.8276800365596476,0.428418150183075,0.7908437462097916,1.0604644881760534,0.7730823048033115,0.16822326814016775,2.839535511823947,0.23177673185983227,2.5,0.4,3.25,0.11538461538461538
0.25,0.675,0.075,0.925,2.0,1.5,0.5,0.375,1.35,1.0125000000000002,0.15,0.11249999999999999,ok,`gtol` termination condition is satisfied.,True,True,True,5,2.066885035856967e-14,4.002966042486721e-16,-2.220446049250313e-16,8.049116928532385e-16,0.9140432166999326,0.9680170962392045,2.396691240109326e-09,-1.770599325817013,11.815460080112832,1.8804888766549188,0.1481996805354214,-1.770599325817013,0.8325870886724271,0.43213878011905377,0.7929028465510186,1.105785059997914,0.7730823048033113,0.12686746490955633,2.9442149400020865,0.17313253509044366,2.5,0.4,3.375,0.1111111111111111
0.25,0.7,0.05,0.95,2.0,1.5,0.5,0.375,1.4,1.0499999999999998,0.1,0.07500000000000001,ok,`gtol` termination condition is satisfied.,True,True,True,4,5.684341886080802e-14,6.753223014464259e-16,2.220446049250313e-16,1.4710455076283324e-15,0.9087742777284493,0.9665009806776058,1.0142108935761522e-09,-1.7375417229575336,11.739628215222023,1.86841986051367,0.14641158353431985,-1.7375417229575336,0.8378028239045642,0.43609086117718465,0.7950837136646081,1.1516979510461065,0.7730823048033112,0.08506868248248504,3.048302048953893,0.11493131751751497,2.5,0.4,3.5,0.10714285714285715
0.25,0.725,0.025,0.975,2.0,1.5,0.5,0.375,1.45,1.0875,0.05,0.037500000000000006,ok,`gtol` termination condition is satisfied.,True,True,True,4,5.684341886080802e-14,5.266250202865052e-16,-4.440892098500626e-16,4.163336342344337e-16,0.9032938252518279,0.9649258244352573,1.4029328276949425e-09,-1.7059610738793443,11.666042585588267,1.8567083438169283,0.14469416301667515,-1.7059610738793443,0.8433490954426347,0.44029263039212946,0.7973959091471432,1.1982517608957781,0.7730823048033114,0.04279240503984321,3.1517482391042213,0.057207594960156795,2.5,0.4,3.625,0.10344827586206896
0.25,0.75,0.0,1.0,2.0,1.5,0.5,0.375,1.5,1.125,0.0,0.0,ok,`gtol` termination condition is satisfied.,True,True,True,4,3.4878684980086318e-15,5.551115123125783e-16,0.0,1.27675647831893e-15,0.8975858261719248,0.9632872201136532,9.518784022214621e-10,-1.675761645725553,11.594346844601075,1.8452976122401805,0.14304627398143815,-1.675761645725553,0.8492504704983705,0.4447648163328966,0.799850490798804,1.2455015608497857,nan,nan,3.2544984391502143,nan,2.5,0.4,3.75,0.09999999999999999
0.275,0.0,0.725,0.275,2.0,1.5,0.55,0.41250000000000003,0.0,0.0,1.45,1.0875,ok,`gtol` termination condition is satisfied.,True,True,True,4,9.512368630932632e-15,6.106226635438361e-16,0.0,1.3530843112619095e-15,0.9822253255686292,1.0004515039901651,9.512366815572872e-09,-0.9999999879628777,0.0,0.0,1.0,-0.9999999879628777,0.7746922939166055,0.4258884713099713,nan,nan,0.7730823048033114,1.1277189225566127,nan,1.7722810774433873,2.75,0.36363636363636365,0.0,nan
0.275,0.025,0.7,0.30000000000000004,2.0,1.5,0.55,0.41250000000000003,0.05,0.037500000000000006,1.4,1.0499999999999998,ok,`gtol` termination condition is satisfied.,True,True,True,5,5.2318027470129476e-14,2.7336071744532853e-16,0.0,9.853229343548264e-16,0.9840541165313818,1.0011600868003796,2.6261412120414052e-09,-1.3063572950721405,0.0,0.0,1.0,-1.3063572950721405,0.7738642323713246,0.425132137622955,0.7727192324827521,0.03926202936920034,0.7730823048033112,1.0890051292467386,0.11073797063079968,1.7109948707532612,2.75,0.36363636363636365,0.125,2.9999999999999996
0.275,0.05,0.675,0.325,2.0,1.5,0.55,0.41250000000000003,0.1,0.07500000000000001,1.35,1.0125000000000002,ok,`gtol` termination condition is satisfied.,True,True,True,5,6.103769871515106e-14,6.753223014464259e-16,-2.220446049250313e-16,6.071532165918825e-16,0.9852400557833528,1.0014038039654989,1.154424251806613e-09,-1.5911653198839972,0.0,0.0,1.0,-1.5911653198839972,0.773582247159711,0.42487379641759354,0.7714503411715276,0.07830074880158588,0.7730823048033114,1.0509035888360652,0.22169925119841416,1.649096411163935,2.75,0.36363636363636365,0.25,1.4999999999999998
0.275,0.075,0.65,0.35000000000000003,2.0,1.5,0.55,0.41250000000000003,0.15,0.11249999999999999,1.3,0.9750000000000001,ok,`gtol` termination condition is satisfied.,True,True,True,5,3.487868498008632e-14,5.389157964038493e-16,-2.220446049250313e-16,9.922618282587337e-16,0.9859732851807026,1.0013114304138768,1.1460756471838424e-09,-1.8568715090434809,0.0,0.0,1.0,-1.8568715090434809,0.7736889541900576,0.4249716041178575,0.7706821766429225,0.11724691554421937,0.7730823048033114,1.0131870954035405,0.33275308445578056,1.5868129045964596,2.75,0.36363636363636365,0.375,1.0
0.275,0.1,0.625,0.375,2.0,1.5,0.55,0.41250000000000003,0.2,0.15000000000000002,1.25,0.9375,ok,`xtol` termination condition is satisfied.,True,True,True,5,6.103769871515106e-14,4.965068306494546e-16,2.220446049250313e-16,1.582067810090848e-15,0.986374010971916,1.0009641184575657,1.9546068261587013e-09,-2.1054274337644245,0.0,0.0,1.0,-2.1054274337644245,0.7740920229002585,0.42534053393562404,0.7702676769721826,0.15618166504877906,0.7730823048033113,0.9757101800990554,0.443818334951221,1.5242898199009445,2.75,0.36363636363636365,0.5,0.7499999999999999
0.275,0.125,0.6,0.4,2.0,1.5,0.55,0.41250000000000003,0.25,0.1875,1.2,0.8999999999999999,ok,`gtol` termination condition is satisfied.,True,True,True,4,8.370884395220716e-14,6.38378239159465e-16,0.0,8.187894806610529e-16,0.9865219470747097,1.000415432862998,7.666763936812349e-09,-2.3384306132989034,0.0,0.0,1.0,-2.3384306132989034,0.774734773065862,0.4259271810379769,0.7701156098547746,0.1951592694258766,0.7730823048033114,0.9383742264715254,0.5548407305741234,1.4616257735284746,2.75,0.36363636363636365,0.625,0.6
0.275,0.15,0.575,0.42500000000000004,2.0,1.5,0.55,0.41250000000000003,0.3,0.22499999999999998,1.15,0.8624999999999999,ok,`gtol` termination condition is satisfied.,True,True,True,5,6.341579087288422e-15,2.482534153247273e-16,0.0,1.0894063429134349e-15,0.9864719932513292,0.9997020157268365,9.059518744435175e-09,-2.5572200845211297,0.0,0.0,1.0,-2.5572200845211297,0.7755813764711068,0.4266969060265122,0.7701669009927123,0.23421858084008243,0.7730823048033113,0.9011090218844691,0.6657814191599175,1.3988909781155308,2.75,0.36363636363636365,0.75,0.5
0.275,0.175,0.55,0.45,2.0,1.5,0.55,0.41250000000000003,0.35,0.26249999999999996,1.1,0.8250000000000001,ok,`gtol` termination condition is satisfied.,True,True,True,5,1.9930677131477896e-14,1.1921980955184335e-15,-4.440892098500626e-16,-6.245004513516506e-17,0.9844051451017487,0.9988496335936875,3.615200827723642e-09,-2.7629424879938793,0.0,0.0,1.0,-2.7629424879938793,0.7766088778422934,0.427626810330304,0.7703819931833489,0.27338921002091227,0.7730823048033114,0.86386234317756,0.7766107899790875,1.3361376568224401,2.75,0.36363636363636365,0.875,0.4285714285714286
0.275,0.2,0.525,0.47500000000000003,2.0,1.5,0.55,0.41250000000000003,0.4,0.30000000000000004,1.05,0.7875000000000001,ok,`gtol` termination condition is satisfied.,True,True,True,5,6.975736996017264e-14,5.978733960281817e-16,-2.220446049250313e-16,1.2628786905111156e-15,0.982025830176254,0.9978767853531603,4.1002612377072956e-10,-2.955455767511562,14.719521234410609,2.3426845644025653,0.1968559056830421,-2.955455767511562,0.7778026469510082,0.4287016815123665,0.7707337059719821,0.31269506528285035,0.7730823048033114,0.8265937565998509,0.8873049347171498,1.2734062434001492,2.75,0.36363636363636365,1.0,0.37499999999999994
0.275,0.225,0.5,0.5,2.0,1.5,0.55,0.41250000000000003,0.45,0.3375,1.0,0.75,ok,`gtol` termination condition is satisfied.,True,True,True,5,3.170789543644211e-15,3.973993651728112e-16,0.0,8.881784197001252e-16,0.9794893538584446,0.9967969468507043,2.2514795359806858e-09,-2.864707231125111,14.411481298097717,2.293658485868656,0.19496497473655436,-2.864707231125111,0.779153665952074,0.4299115458043479,0.7712030104146985,0.3521564859531467,0.7730823048033113,0.7892707580311658,0.9978435140468533,1.2107292419688342,2.75,0.36363636363636365,1.125,0.3333333333333333
0.275,0.25,0.475,0.525,2.0,1.5,0.55,0.41250000000000003,0.5,0.375,0.95,0.7124999999999999,ok,`gtol` termination condition is satisfied.,True,True,True,5,5.684341886080802e-14,7.301351988545593e-16,0.0,1.915134717478395e-15,0.9768069317907381,0.995620016867979,6.918125440280252e-10,-2.7790765703377156,14.137193308829268,2.250004196545846,0.19288750540218358,-2.7790765703377156,0.7806568498959614,0.431250135763103,0.7717764294868408,0.391791589400938,0.7730823048033113,0.7518662753720944,1.108208410599062,1.1481337246279055,2.75,0.36363636363636365,1.25,0.3
0.275,0.275,0.45,0.55,2.0,1.5,0.55,0.41250000000000003,0.55,0.41250000000000003,0.9,0.675,ok,`gtol` termination condition is satisfied.,True,True,True,5,5.684341886080802e-14,8.08254562088053e-16,-4.440892098500626e-16,1.1102230246251565e-15,0.9739865063863448,0.9943532761710059,2.566620297195977e-09,-2.698223050209779,13.891241206087944,2.2108597036307183,0.19067548064065046,-2.698223050209779,0.7823099749526389,0.4327139021262246,0.7724443852818389,0.43161716001912515,0.7730823048033112,0.7143569954623089,1.218382839980875,1.0856430045376912,2.75,0.36363636363636365,1.375,0.2727272727272727
0.275,0.3,0.425,0.575,2.0,1.5,0.55,0.41250000000000003,0.6,0.44999999999999996,0.85,0.6375,ok,`gtol` termination condition is satisfied.,True,True,True,5,5.684341886080802e-14,6.131407058289218e-16,-2.220446049250313e-16,4.0245584642661925e-16,0.9710335387225973,0.9930020392012181,1.794814347021483e-09,-2.6218309942673304,13.669295944143101,2.175536018096371,0.18837070898492703,-2.6218309942673304,0.7841129781060413,0.4343013618635011,0.7732001187938102,0.4716492627801029,0.7730823048033113,0.6767222066781147,1.328350737219897,1.0232777933218853,2.75,0.36363636363636365,1.5,0.25
0.275,0.325,0.4,0.6000000000000001,2.0,1.5,0.55,0.41250000000000003,0.65,0.48750000000000004,0.8,0.6000000000000001,ok,`gtol` termination condition is satisfied.,True,True,True,5,1.6097854606193685e-14,3.3306690738754696e-16,4.440892098500626e-16,9.298117831235686e-16,0.9679515545592449,0.9915701057156304,5.043456238623162e-09,-2.549607123989393,13.467849352530587,2.143474797272225,0.1860068705842357,-2.549607123989393,0.7860674919408639,0.43601266120810617,0.7740389676973943,0.5119036873415057,0.7730823048033114,0.6389429728477131,1.4380963126584945,0.961057027152287,2.75,0.36363636363636365,1.625,0.23076923076923075
0.275,0.35,0.375,0.625,2.0,1.5,0.55,0.41250000000000003,0.7,0.5249999999999999,0.75,0.5625,ok,`gtol` termination condition is satisfied.,True,True,True,5,1.9930677131477896e-14,8.622116668970984e-16,-4.440892098500626e-16,6.453171330633722e-16,0.9647425253828277,0.9900600785429339,2.8985472052543944e-09,-2.481278447153143,13.284023950115145,2.1142180758119506,0.1836110922868543,-2.481278447153143,0.7881765331449021,0.4378492806897856,0.7749578747951513,0.5523962866814314,0.7730823048033114,0.6010015246009847,1.5476037133185683,0.8989984753990153,2.75,0.36363636363636365,1.75,0.2142857142857143
0.275,0.375,0.35,0.65,2.0,1.5,0.55,0.41250000000000003,0.75,0.5625,0.7,0.5249999999999999,ok,`gtol` termination condition is satisfied.,True,True,True,5,5.684341886080802e-14,4.484050470211362e-16,-4.440892098500626e-16,1.457167719820518e-15,0.9614071356468994,0.9884735893677714,1.989549748518135e-09,-2.4165905495676627,13.115434195560585,2.087386183019943,0.18120518251437842,-2.4165905495676627,0.790444294810513,0.4398138370331625,0.7759550493142068,0.5931432504335692,0.7730823048033112,0.5628807955520224,1.6568567495664308,0.8371192044479775,2.75,0.36363636363636365,1.875,0.19999999999999998
0.275,0.4,0.325,0.675,2.0,1.5,0.55,0.41250000000000003,0.8,0.6000000000000001,0.65,0.48750000000000004,ok,`gtol` termination condition is satisfied.,True,True,True,5,1.2683158174576843e-14,7.021666937153402e-16,0.0,4.996003610813204e-16,0.9579449692722003,0.9868114596998778,1.8836702349309712e-09,-2.3553061798003823,12.96008337650366,2.0626613322536587,0.1788066141092183,-2.3553061798003823,0.7928760112425164,0.44190995341299644,0.7770297322787545,0.6341613392309712,0.7730823048033116,0.5245640555990706,1.7658386607690293,0.7754359444009294,2.75,0.36363636363636365,2.0,0.18749999999999997
0.275,0.425,0.3,0.7,2.0,1.5,0.55,0.41250000000000003,0.85,0.6375,0.6,0.44999999999999996,ok,`gtol` termination condition is satisfied.,True,True,True,5,8.206749407079134e-15,3.1401849173675503e-16,2.220446049250313e-16,1.1657341758564144e-15,0.9543546371125062,0.9850738149456604,1.1178065981574238e-09,-2.2972040376135388,12.816285697749473,2.0397752208747897,0.17642931566812584,-2.2972040376135388,0.795477875368301,0.44414217981898146,0.778182034749152,0.6754680981608361,0.7730823048033112,0.4860346089849876,1.8745319018391637,0.7139653910150123,2.75,0.36363636363636365,2.125,0.17647058823529413
0.275,0.45,0.275,0.7250000000000001,2.0,1.5,0.55,0.41250000000000003,0.9,0.675,0.55,0.41250000000000003,ok,`gtol` termination condition is satisfied.,True,True,True,4,9.512368630932633e-14,7.406111315403549e-16,-4.440892098500626e-16,8.326672684688674e-17,0.950633859755348,0.9832601635534649,5.201755894015262e-17,-2.242077711401726,12.682606511889366,2.0184995176566534,0.17408431505520844,-2.242077711401726,0.7982569960410301,0.4465159518269181,0.7794128286482209,0.7170820625707116,0.7730823048033113,0.447275534401066,1.9829179374292885,0.6527244655989342,2.75,0.36363636363636365,2.25,0.16666666666666666
0.275,0.475,0.25,0.75,2.0,1.5,0.55,0.41250000000000003,0.95,0.7124999999999999,0.5,0.375,ok,`gtol` termination condition is satisfied.,True,True,True,5,7.342881048439225e-15,4.440892098500626e-16,-2.220446049250313e-16,7.216449660063518e-16,0.9467795151389861,0.9813694492682689,1.8273725297773759e-09,-2.189734710043199,12.557815832149902,1.99863846412432,0.17178026563316123,-2.189734710043199,0.8012213872388986,0.44903758040355657,0.7807236768936651,0.7590229666740387,0.7730823048033114,0.40826945051183533,2.090977033325961,0.5917305494881646,2.75,0.36363636363636365,2.375,0.15789473684210525
0.275,0.5,0.225,0.775,2.0,1.5,0.55,0.41250000000000003,1.0,0.75,0.45,0.3375,ok,`gtol` termination condition is satisfied.,True,True,True,4,5.684341886080802e-14,1.6653345369377348e-16,-4.440892098500626e-16,-1.3877787807814457e-17,0.9427876570909229,0.979400081845288,9.706710220959898e-10,-2.1399955741420826,12.440851712555926,1.9800230463265471,0.1695238797121223,-2.1399955741420826,0.8043799843870236,0.4517142683706133,0.7821167941763424,0.8013119639682432,0.7730823048033114,0.3689982940961856,2.198688036031757,0.5310017059038143,2.75,0.36363636363636365,2.5,0.15
0.275,0.525,0.2,0.8,2.0,1.5,0.55,0.41250000000000003,1.05,0.7875000000000001,0.4,0.30000000000000004,ok,`gtol` termination condition is satisfied.,True,True,True,5,3.321779521912983e-14,7.005190574351762e-16,2.220446049250313e-16,5.551115123125783e-16,0.9386535084511891,0.977349949668154,1.487782997619261e-09,-2.092693037805438,12.330791054544312,1.9625063485640521,0.16732028642730867,-2.092693037805438,0.8077426853649209,0.4545541513575035,0.7835950328893184,0.8439718680114344,0.7730823048033112,0.3294431002890189,2.306028131988566,0.47055689971098114,2.75,0.36363636363636365,2.625,0.14285714285714285
0.275,0.55,0.175,0.8250000000000001,2.0,1.5,0.55,0.41250000000000003,1.1,0.8250000000000001,0.35,0.26249999999999996,ok,`gtol` termination condition is satisfied.,True,True,True,4,9.512368630932632e-15,5.117875266520903e-16,0.0,4.440892098500626e-16,0.9343714305648559,0.9752164162997508,1.0708248820386167e-09,-2.047671234814434,12.226826067906082,1.945959807032095,0.16517332847077523,-2.047671234814434,0.8113204155914333,0.45756636282682567,0.7851618909877257,0.8870274224091431,0.7730823048033112,0.28958377560579496,2.4129725775908573,0.410416224394205,2.75,0.36363636363636365,2.75,0.13636363636363635
0.275,0.575,0.15,0.85,2.0,1.5,0.55,0.41250000000000003,1.15,0.8624999999999999,0.3,0.22499999999999998,ok,`gtol` termination condition is satisfied.,True,True,True,5,9.512368630932632e-15,4.002966042486721e-16,0.0,1.2490009027033011e-15,0.9299348693598019,0.9729963018652216,3.4310050507871845e-10,-2.004784942437784,12.128245075481521,1.9302701547928214,0.16308580888675314,-2.004784942437784,0.8151252181596641,0.46076112430067173,0.7868215403062767,0.9305056098761575,0.7730823048033113,0.24939885478287105,2.5194943901238425,0.35060114521712893,2.75,0.36363636363636365,2.875,0.13043478260869565
0.275,0.6,0.125,0.875,2.0,1.5,0.55,0.41250000000000003,1.2,0.8999999999999999,0.25,0.1875,ok,`gtol` termination condition is satisfied.,True,True,True,4,5.70742117855958e-14,3.510833468576701e-16,0.0,7.771561172376096e-16,0.9253362767799095,0.971120359612843,1.9817815428721957e-09,-1.9638988562301607,12.034416684782803,1.9153369026107627,0.161059696688554,-1.9638988562301607,0.819170371521024,0.4641498634332533,0.7885788753266322,0.9744360119987787,0.7730823048033114,0.20886523207908028,2.625563988001221,0.29113476792091975,2.75,0.36363636363636365,3.0,0.125
0.275,0.625,0.1,0.9,2.0,1.5,0.55,0.41250000000000003,1.25,0.9375,0.2,0.15000000000000002,ok,`gtol` termination condition is satisfied.,True,True,True,5,1.1161179193627622e-14,2.220446049250313e-16,2.220446049250313e-16,6.106226635438361e-16,0.9205670048614852,0.9697681533434956,3.184133860675531e-10,-1.9248868983921157,11.944776571085345,1.901070235416493,0.1590962991770909,-1.9248868983921157,0.8234705388606601,0.4677453642321563,0.7904395837560341,1.0188512339660958,0.7730823048033115,0.16795785656463644,2.731148766033904,0.23204214343536358,2.75,0.36363636363636365,3.125,0.12
0.275,0.65,0.075,0.925,2.0,1.5,0.55,0.41250000000000003,1.3,0.9750000000000001,0.15,0.11249999999999999,ok,`gtol` termination condition is satisfied.,True,True,True,5,5.684341886080802e-14,5.978733960281817e-16,-4.440892098500626e-16,2.220446049250313e-16,0.9156171680646356,0.9683638876528219,1.8441121392816124e-09,-1.8876315550540876,11.858816296619729,1.887389232825754,0.1571964067948132,-1.8876315550540876,0.8280419552418545,0.4715619557023961,0.7924102417116708,1.0637874123146729,0.7730823048033113,0.12664937898183953,2.8362125876853277,0.17335062101816046,2.75,0.36363636363636365,3.25,0.11538461538461538
0.275,0.675,0.05,0.9500000000000001,2.0,1.5,0.55,0.41250000000000003,1.35,1.0125000000000002,0.1,0.07500000000000001,ok,`gtol` termination condition is satisfied.,True,True,True,5,1.0334425179284835e-14,7.021666937153402e-16,0.0,1.0824674490095276e-15,0.910475467420092,0.966904859036541,5.940664199135014e-10,-1.8520232423144176,11.776073694143797,1.8742203386374217,0.15536041592403035,-1.8520232423144176,0.8329026610359348,0.4756157476897539,0.7944984379660264,1.1092848290398354,0.7730823048033114,0.08490973479976395,2.940715170960165,0.11509026520023606,2.75,0.36363636363636365,3.375,0.1111111111111111
0.275,0.7,0.025,0.975,2.0,1.5,0.55,0.41250000000000003,1.4,1.0499999999999998,0.05,0.037500000000000006,ok,`gtol` termination condition is satisfied.,True,True,True,4,5.684341886080802e-14,2.220446049250313e-16,-2.220446049250313e-16,2.220446049250313e-16,0.905128967388785,0.9653877895274546,1.4369381475197653e-09,-1.8179597017732005,11.696124436633605,1.8614960191081478,0.15358843428205457,-1.8179597017732005,0.8380727933794354,0.47992492602430176,0.7967129337934142,1.1553886628882615,0.7730823048033115,0.04270564376221346,3.044611337111738,0.057294356237786545,2.75,0.36363636363636365,3.5,0.10714285714285715
0.275,0.725,0.0,1.0,2.0,1.5,0.55,0.41250000000000003,1.45,1.0875,0.0,0.0,ok,`gtol` termination condition is satisfied.,True,True,True,4,3.170789543644211e-15,1.1157603309187458e-15,0.0,1.0547118733938987e-15,0.8995628127214168,0.9638087477214368,1.8092645995384246e-09,-1.7853454198290053,11.618574461918106,1.8491535572955247,0.15188037266942683,-1.7853454198290053,0.8435749518186548,0.48451012363386486,0.7990638677323848,1.2021499192149194,nan,nan,3.14785008078508,nan,2.75,0.36363636363636365,3.625,0.10344827586206896
0.3,0.0,0.7,0.3,2.0,1.5,0.6,0.44999999999999996,0.0,0.0,1.4,1.0499999999999998,ok,`gtol` termination condition is satisfied.,True,True,True,4,5.684341886080802e-14,3.6506759942727966e-16,0.0,8.81239525796218e-16,0.9799020508772128,0.9992016036949254,5.813111234955582e-09,-0.9999999916621266,0.0,0.0,1.0,-0.9999999916621266,0.7761824969502799,0.4660816160102537,nan,nan,0.7730823048033112,1.0924897349472946,nan,1.7075102650527052,3.0,0.33333333333333337,0.0,nan
0.3,0.025,0.675,0.325,2.0,1.5,0.6,0.44999999999999996,0.05,0.037500000000000006,1.35,1.0125000000000002,ok,`gtol` termination condition is satisfied.,True,True,True,5,8.71967124502158e-15,4.041272810440265e-16,-2.220446049250313e-16,7.979727989493313e-16,0.9818170559994523,0.9999280872379573,3.5553614324093856e-09,-1.2817356054201714,0.0,0.0,1.0,-1.2817356054201714,0.7753117743857156,0.46522051992397606,0.7752005721113004,0.039477852181034674,0.7730823048033114,1.053621727444595,0.11052214781896536,1.6463782725554053,3.0,0.33333333333333337,0.125,2.9999999999999996
0.3,0.05,0.65,0.35,2.0,1.5,0.6,0.44999999999999996,0.1,0.07500000000000001,1.3,0.9750000000000001,ok,`gtol` termination condition is satisfied.,True,True,True,5,8.71967124502158e-15,6.961062950497062e-16,-4.440892098500626e-16,4.128641872824801e-16,0.9830977510967052,1.0002075992450101,3.946883985042297e-09,-1.54525020152747,0.0,0.0,1.0,-1.54525020152747,0.7749801408012453,0.46489157334111003,0.7737660822888442,0.07870693239056455,0.7730823048033113,1.0153359433705218,0.2212930676094355,1.5846640566294783,3.0,0.33333333333333337,0.25,1.4999999999999998
0.3,0.075,0.625,0.375,2.0,1.5,0.6,0.44999999999999996,0.15,0.11249999999999999,1.25,0.9375,ok,`gtol` termination condition is satisfied.,True,True,True,5,5.81311416334772e-15,7.771561172376096e-16,0.0,1.0547118733938987e-15,0.9839244216495063,1.0001588722432795,1.2992678913956896e-08,-1.79248928441034,0.0,0.0,1.0,-1.79248928441034,0.7750378186377338,0.4649488237200057,0.7728599688938637,0.1178230693163705,0.7730823048033114,0.9774207166499603,0.33217693068362947,1.5225792833500398,3.0,0.33333333333333337,0.375,1.0
0.3,0.1,0.6,0.4,2.0,1.5,0.6,0.44999999999999996,0.2,0.15000000000000002,1.2,0.8999999999999999,ok,`gtol` termination condition is satisfied.,True,True,True,5,8.71967124502158e-15,3.554447978966673e-16,-2.220446049250313e-16,9.43689570931383e-16,0.9844133103289708,0.9998582059422388,4.082489218257303e-09,-2.0250216222224187,0.0,0.0,1.0,-2.0250216222224187,0.7753949804371939,0.4653029654578769,0.7723314807722883,0.15691203535518858,0.7730823048033113,0.9397377233886839,0.4430879646448115,1.460262276611316,3.0,0.33333333333333337,0.5,0.7499999999999999
0.3,0.125,0.575,0.425,2.0,1.5,0.6,0.44999999999999996,0.25,0.1875,1.15,0.8624999999999999,ok,`gtol` termination condition is satisfied.,True,True,True,4,6.278163296415537e-14,8.400361489980555e-16,0.0,1.294103713078698e-15,0.9846427347152966,0.9993567580955709,2.749987404780624e-09,-2.2441411432699385,0.0,0.0,1.0,-2.2441411432699385,0.775995477646385,0.4658969710427523,0.7720853743380258,0.19603185681384974,0.7730823048033114,0.9021916129156118,0.5539681431861503,1.397808387084388,3.0,0.33333333333333337,0.625,0.6
0.3,0.15,0.55,0.44999999999999996,2.0,1.5,0.6,0.44999999999999996,0.3,0.22499999999999998,1.1,0.8250000000000001,ok,`gtol` termination condition is satisfied.,True,True,True,5,5.684341886080802e-14,4.002966042486721e-16,0.0,1.1449174941446927e-15,0.9834361198399806,0.9986899786840786,1.2229745904147297e-09,-2.450937822694644,0.0,0.0,1.0,-2.450937822694644,0.7768032554423039,0.4666933314776163,0.7720590489812188,0.23522432863812903,0.7730823048033115,0.864713546846351,0.6647756713618709,1.3352864531536492,3.0,0.33333333333333337,0.75,0.5
0.3,0.175,0.525,0.475,2.0,1.5,0.6,0.44999999999999996,0.35,0.26249999999999996,1.05,0.7875000000000001,ok,`gtol` termination condition is satisfied.,True,True,True,5,5.684341886080802e-14,8.326672684688674e-17,0.0,9.992007221626409e-16,0.9812447677069293,0.9978830677456454,1.3214569492347692e-09,-2.64634754776482,0.0,0.0,1.0,-2.64634754776482,0.7777948664595915,0.4676669391034383,0.772210053207353,0.27452136189052573,0.7730823048033114,0.827251718182838,0.775478638109474,1.272748281817162,3.0,0.33333333333333337,0.875,0.4285714285714286
0.3,0.2,0.5,0.5,2.0,1.5,0.6,0.44999999999999996,0.4,0.30000000000000004,1.0,0.75,ok,`gtol` termination condition is satisfied.,True,True,True,5,5.684341886080802e-14,7.108895957933346e-16,0.0,1.5126788710517758e-15,0.9788756232006113,0.9969542864878129,9.213854488972909e-09,-2.831187955631071,0.0,0.0,1.0,-2.831187955631071,0.7789551268612448,0.468800909380974,0.7725088926828495,0.31394868117539815,0.7730823048033112,0.7897656111565825,0.886051318824602,1.2102343888434175,3.0,0.33333333333333337,1.0,0.37499999999999994
0.3,0.225,0.475,0.525,2.0,1.5,0.6,0.44999999999999996,0.45,0.3375,0.95,0.7124999999999999,ok,`gtol` termination condition is satisfied.,True,True,True,5,2.90655708167386e-15,4.2276033262255756e-16,-2.220446049250313e-16,1.7069679003611782e-15,0.9763445135212621,0.9959170464826467,2.2040572083020308e-09,-2.9308837378641606,14.470563448033168,2.3030617020793795,0.19851028325274625,-2.9308837378641606,0.7802744865311693,0.4700840231344098,0.7729347067000706,0.353528084340227,0.7730823048033113,0.7522223758029567,0.9964719156597731,1.1477776241970432,3.0,0.33333333333333337,1.125,0.3333333333333333
0.3,0.25,0.45,0.55,2.0,1.5,0.6,0.44999999999999996,0.5,0.375,0.9,0.675,ok,`gtol` termination condition is satisfied.,True,True,True,5,5.81311416334772e-15,7.2377686124476805e-16,-4.440892098500626e-16,1.6167622796103842e-15,0.9736628549291906,0.9947812718106955,3.391921542147256e-10,-2.8484048069893757,14.190590234614943,2.258502581230547,0.1967994757467677,-2.8484048069893757,0.781747380407484,0.47150910610805025,0.7734725722800405,0.3932788852323036,0.7730823048033112,0.71459445207405,1.1067211147676965,1.0854055479259501,3.0,0.33333333333333337,1.25,0.3
0.3,0.275,0.425,0.575,2.0,1.5,0.6,0.44999999999999996,0.55,0.41250000000000003,0.85,0.6375,ok,`gtol` termination condition is satisfied.,True,True,True,5,5.81311416334772e-15,3.608224830031759e-16,-2.220446049250313e-16,1.6375789613221059e-15,0.9708387843390158,0.9935543118930663,1.575151020466297e-09,-2.7701703325017917,13.93861648954742,2.2183997141736733,0.19492834891145178,-2.7701703325017917,0.7833711651949224,0.4730719735103326,0.7741117703738686,0.4332188743327081,0.7730823048033113,0.6768579600270163,1.216781125667292,1.0231420399729836,3.0,0.33333333333333337,1.375,0.2727272727272727
0.3,0.3,0.4,0.6,2.0,1.5,0.6,0.44999999999999996,0.6,0.44999999999999996,0.8,0.6000000000000001,ok,`gtol` termination condition is satisfied.,True,True,True,5,5.3728018282110566e-17,5.302695275805846e-16,-4.440892098500626e-16,1.3739009929736312e-15,0.9678779324586735,0.9922415673270695,5.88188082444682e-10,-2.695923807459782,13.710476868697498,2.1820901658002976,0.1929378577177217,-2.695923807459782,0.7851454183630416,0.47477072774410584,0.7748446413872154,0.4733649861955156,0.7730823048033114,0.6389915743523333,1.3266350138044842,0.9610084256476668,3.0,0.33333333333333337,1.5,0.25
0.3,0.325,0.375,0.625,2.0,1.5,0.6,0.44999999999999996,0.65,0.48750000000000004,0.75,0.5625,ok,`gtol` termination condition is satisfied.,True,True,True,5,5.365951535397895e-15,5.79553433516819e-16,0.0,1.3739009929736312e-15,0.9647839607217141,0.9908469269325454,2.2060930776095686e-09,-2.625425636977514,13.502780024730171,2.149034186418312,0.19086160883423972,-2.625425636977514,0.7870714689594858,0.47660528436784527,0.7756658132903999,0.5137337847012461,0.7730823048033114,0.60097571291375,1.4362662152987542,0.89902428708625,3.0,0.33333333333333337,1.625,0.23076923076923075
0.30000000000000004,0.35000000000000003,0.35000000000000003,0.6500000000000001,2.0,1.5,0.6,0.44999999999999996,0.7,0.5249999999999999,0.7,0.5249999999999999,ok,`gtol` termination condition is satisfied.,True,True,True,5,8.71967124502158e-15,1.6653345369377348e-16,-4.440892098500626e-16,4.718447854656915e-16,0.9615589381478907,0.9893730772267904,6.6231949389821834e-15,-2.558451487034806,13.312731896568788,2.1187870873960652,0.18872722581179224,-2.558451487034806,0.7891520815125593,0.47857705026169706,0.7765716721538624,0.554341833873102,0.7730823048033111,0.5627919328633874,1.5456581661268975,0.8372080671366126,3.0,0.33333333333333337,1.75,0.2142857142857143
0.3,0.375,0.325,0.675,2.0,1.5,0.6,0.44999999999999996,0.75,0.5625,0.65,0.48750000000000004,ok,`gtol` termination condition is satisfied.,True,True,True,5,5.684341886080802e-14,6.753223014464259e-16,0.0,6.38378239159465e-16,0.9582036067330326,0.9878217234743356,7.355972751947009e-10,-2.4947909586213974,13.138006154254166,2.0909786218212925,0.18655742173640416,-2.4947909586213974,0.791391244271004,0.48068870655377827,0.7775599947208391,0.5952059972005865,0.7730823048033114,0.5244224657381781,1.6547940027994135,0.775577534261822,3.0,0.33333333333333337,1.875,0.19999999999999998
0.3,0.4,0.3,0.7,2.0,1.5,0.6,0.44999999999999996,0.8,0.6000000000000001,0.6,0.44999999999999996,ok,`gtol` termination condition is satisfied.,True,True,True,5,1.743934249004316e-14,4.440892098500626e-16,0.0,9.992007221626409e-16,0.954717567014117,0.9861937478827981,6.969662178020147e-10,-2.434246501315049,12.976647504896919,2.065297595165455,0.18437085541051984,-2.434246501315049,0.7937940309763679,0.48294406612119656,0.778629692167927,0.6363436938347653,0.7730823048033113,0.4858498459734825,1.763656306165235,0.7141501540265174,3.0,0.33333333333333337,2.0,0.18749999999999997
0.3,0.425,0.275,0.725,2.0,1.5,0.6,0.44999999999999996,0.85,0.6375,0.55,0.41250000000000003,ok,`gtol` termination condition is satisfied.,True,True,True,5,2.4620248221237404e-14,6.597425008528065e-16,0.0,4.440892098500626e-16,0.9510994047063155,0.9844893219293698,6.621964366148237e-10,-2.376632512872727,12.826998356191934,2.0414801934195625,0.18218282463408475,-2.376632512872727,0.7963665164560343,0.4853479862404244,0.7797806322545622,0.6777731313190195,0.7730823048033113,0.4470566015895204,1.8722268686809804,0.6529433984104798,3.0,0.33333333333333337,2.125,0.17647058823529413
0.3,0.45,0.25,0.75,2.0,1.5,0.6,0.44999999999999996,0.9,0.675,0.5,0.375,ok,`gtol` termination condition is satisfied.,True,True,True,5,7.750818884463627e-15,8.068235998053638e-16,2.220446049250313e-16,1.4155343563970746e-15,0.9473467722925802,0.9827079842216458,8.409784941537344e-10,-2.321774569666483,12.687642367370026,2.0193009989490966,0.18000583369998413,-2.321774569666483,0.7991157334070126,0.4879063238953649,0.7810135184029696,0.7195135293341397,0.7730823048033115,0.40802498483868344,1.9804864706658605,0.5919750151613166,3.0,0.33333333333333337,2.25,0.16666666666666666
0.30000000000000004,0.47500000000000003,0.22500000000000003,0.7750000000000001,2.0,1.5,0.6,0.44999999999999996,0.9499999999999998,0.7124999999999999,0.44999999999999996,0.33749999999999997,ok,`gtol` termination condition is satisfied.,True,True,True,5,8.71967124502158e-15,7.947987303456224e-16,-4.440892098500626e-16,1.1379786002407855e-15,0.9434564347191474,0.9808486915656567,2.2077633766852284e-09,-2.2695087469682154,12.557360405385353,1.9985659807035256,0.17785006189820127,-2.2695087469682154,0.8020496624301384,0.4906259258907011,0.782329811577204,0.7615853459508543,0.7730823048033113,0.3687367263174698,2.0884146540491453,0.5312632736825301,3.0,0.33333333333333337,2.3749999999999996,0.15789473684210528
0.3,0.5,0.2,0.8,2.0,1.5,0.6,0.44999999999999996,1.0,0.75,0.4,0.30000000000000004,ok,`gtol` termination condition is satisfied.,True,True,True,5,5.684341886080802e-14,6.661338147750939e-16,-2.220446049250313e-16,6.106226635438361e-16,0.9394242850419241,0.9789098483389443,7.679802682411301e-10,-2.2196810093264396,12.43509574519115,1.9791069556681673,0.17572375358111947,-2.2196810093264396,0.8051772506237771,0.4935146491722619,0.783731685711306,0.8040105163576596,0.7730823048033114,0.32917279960196505,2.1959894836423404,0.470827200398035,3.0,0.33333333333333337,2.5,0.15
0.3,0.525,0.175,0.825,2.0,1.5,0.6,0.44999999999999996,1.05,0.7875000000000001,0.35,0.26249999999999996,ok,`gtol` termination condition is satisfied.,True,True,True,5,8.71967124502158e-15,1.0778315928076987e-15,-2.220446049250313e-16,9.992007221626409e-16,0.9352453334357318,0.9768893174169118,9.200538891118349e-10,-2.1721466427124057,12.319926240800676,1.9607771597509798,0.17363354431352368,-2.1721466427124057,0.8085084564381806,0.4965814091872987,0.7852220108120808,0.846812713562255,0.7730823048033112,0.2893131855436866,2.3031872864377454,0.41068681445631333,3.0,0.33333333333333337,2.625,0.14285714285714285
0.3,0.55,0.15,0.8500000000000001,2.0,1.5,0.6,0.44999999999999996,1.1,0.8250000000000001,0.3,0.22499999999999998,ok,`gtol` termination condition is satisfied.,True,True,True,5,5.684341886080802e-14,4.440892098500626e-16,0.0,8.881784197001252e-16,0.930913671065711,0.9747844144994103,1.0599810831868131e-09,-2.126769721835843,12.211041811845233,1.9434476646569825,0.1715847353227909,-2.126769721835843,0.8120543204017189,0.49983625609283483,0.7868043603146978,0.8900176409524571,0.7730823048033113,0.24913662635922593,2.409982359047543,0.350863373640774,3.0,0.33333333333333337,2.75,0.13636363636363635
0.3,0.575,0.125,0.875,2.0,1.5,0.6,0.44999999999999996,1.15,0.8624999999999999,0.25,0.1875,ok,`gtol` termination condition is satisfied.,True,True,True,4,1.091854486333137e-13,1.0532500405730103e-15,-2.220446049250313e-16,1.1102230246251565e-15,0.9264224086800205,0.9725918865436977,4.416889341213499e-09,-2.0834226009402124,12.107726021409182,1.9270044459096387,0.1695815252704801,-2.0834226009402124,0.8158270630192028,0.5032904803997962,0.788483041177455,0.9336533677903861,0.7730823048033115,0.20862035977325122,2.5163466322096135,0.2913796402267488,3.0,0.33333333333333337,2.875,0.13043478260869565
0.30000000000000004,0.6000000000000001,0.10000000000000002,0.9000000000000001,2.0,1.5,0.6,0.44999999999999996,1.2,0.8999999999999999,0.19999999999999998,0.15,ok,`gtol` termination condition is satisfied.,True,True,True,4,8.138359828686808e-14,6.753223014464259e-16,0.0,5.828670879282072e-16,0.9217635882240005,0.9703078739914972,6.543865047868506e-10,-2.0419854197901053,12.009340816274333,1.9113459541853175,0.16762720668474912,-2.0419854197901053,0.8198402128142621,0.5069567514329661,0.7902631468283824,0.977750720760052,0.7730823048033113,0.1677398228091957,2.6222492792399477,0.23226017719080427,3.0,0.33333333333333337,3.0,0.125
0.3,0.625,0.075,0.925,2.0,1.5,0.6,0.44999999999999996,1.25,0.9375,0.15,0.11249999999999999,ok,`gtol` termination condition is satisfied.,True,True,True,5,1.6741768790441432e-14,7.021666937153402e-16,-2.220446049250313e-16,6.106226635438361e-16,0.9169280641284802,0.9685473163443312,9.465917761362598e-10,-2.0023456283668652,11.915313730822717,1.8963810787511688,0.1657243336436716,-2.0023456283668652,0.8241087693277842,0.510849293987507,0.7921506346235322,1.0223437477652257,0.7730823048033113,0.1264683133356992,2.727656252234774,0.1735316866643008,3.0,0.33333333333333337,3.125,0.12
0.3,0.65,0.05,0.95,2.0,1.5,0.6,0.44999999999999996,1.3,0.9750000000000001,0.1,0.07500000000000001,ok,`gtol` termination condition is satisfied.,True,True,True,5,1.073190307079579e-14,6.473657049138938e-16,-2.220446049250313e-16,1.609823385706477e-15,0.9119053490119063,0.9671446456537,4.569980288938385e-10,-1.9643975219501968,11.825126991132382,1.8820274133281099,0.16387486554972977,-1.9643975219501968,0.828649408093602,0.5149841109887805,0.7941524311258382,1.0674702745893656,0.7730823048033114,0.08477659503159879,2.8325297254106347,0.11522340496840122,3.0,0.33333333333333337,3.25,0.11538461538461538
0.3,0.675,0.025,0.9750000000000001,2.0,1.5,0.6,0.44999999999999996,1.35,1.0125000000000002,0.05,0.037500000000000006,ok,`gtol` termination condition is satisfied.,True,True,True,5,1.0334425179284835e-14,7.771561172376096e-16,0.0,1.4155343563970746e-15,0.9066834161436815,0.9656843765275412,2.945247971957253e-10,-1.9280417875921116,11.738308078114347,1.8682097541674243,0.1620802916082037,-1.9280417875921116,0.8334807374396995,0.5193792630874571,0.7962765704570086,1.1131725812758901,0.7730823048033114,0.04263242776025373,2.9368274187241106,0.05736757223974628,3.0,0.33333333333333337,3.375,0.1111111111111111
0.3,0.7,0.0,1.0,2.0,1.5,0.6,0.44999999999999996,1.4,1.0499999999999998,0.0,0.0,ok,`gtol` termination condition is satisfied.,True,True,True,4,9.965338565738948e-15,5.661048867003676e-16,0.0,1.4432899320127035e-15,0.9012484478559645,0.964163023379562,2.8504097311679236e-10,-1.8931850603422338,11.654421379208152,1.8548587713768419,0.16034173995387505,-1.8931850603422338,0.8386236207516076,0.5240552203280242,0.7985323734511502,1.1594982339324882,nan,nan,3.040501766067511,nan,3.0,0.33333333333333337,3.5,0.10714285714285715
0.325,0.0,0.675,0.325,2.0,1.5,0.65,0.48750000000000004,0.0,0.0,1.35,1.0125000000000002,ok,`gtol` termination condition is satisfied.,True,True,True,4,5.684341886080802e-14,1.0605390551611693e-15,-2.220446049250313e-16,4.0245584642661925e-16,0.9775063173248411,0.9979281510463348,1.3414871577114062e-09,-0.9999999961337557,0.0,0.0,1.0,-0.9999999961337557,0.7777390597415635,0.5065799459630075,nan,nan,0.7730823048033114,1.0571250638270393,nan,1.6428749361729609,3.25,0.3076923076923077,0.0,nan
0.325,0.025,0.65,0.35000000000000003,2.0,1.5,0.65,0.48750000000000004,0.05,0.037500000000000006,1.3,0.9750000000000001,ok,`gtol` termination condition is satisfied.,True,True,True,5,3.487868498008632e-14,5.933464366067994e-16,0.0,1.7139067942650854e-15,0.9795118785651223,0.9986741373294505,2.702119849663614e-09,-1.260779950260727,0.0,0.0,1.0,-1.260779950260727,0.7768225749994325,0.5056050365936925,0.7778753045022446,0.03970729306732588,0.7730823048033114,1.018096813349327,0.11029270693267415,1.5819031866506732,3.25,0.3076923076923077,0.125,2.9999999999999996
0.325,0.05,0.625,0.375,2.0,1.5,0.65,0.48750000000000004,0.1,0.07500000000000001,1.25,0.9375,ok,`gtol` termination condition is satisfied.,True,True,True,5,5.684341886080802e-14,6.004449063730082e-16,-4.440892098500626e-16,7.355227538141662e-16,0.9808880948170344,0.998987705255192,3.54911943300579e-09,-1.5059585064497671,0.0,0.0,1.0,-1.5059585064497671,0.7764412651106193,0.5051982318370775,0.776264222719636,0.07913891776456243,0.7730823048033112,0.9796250547114498,0.2208610822354376,1.5203749452885502,3.25,0.3076923076923077,0.25,1.4999999999999998
0.325,0.075,0.6,0.4,2.0,1.5,0.65,0.48750000000000004,0.15,0.11249999999999999,1.2,0.8999999999999999,ok,`gtol` termination condition is satisfied.,True,True,True,5,8.138359828686808e-14,5.117875266520903e-16,-4.440892098500626e-16,1.4016565685892601e-15,0.981807567567588,0.9989794921593862,7.024773711568059e-10,-1.7371100947479323,0.0,0.0,1.0,-1.7371100947479323,0.7764512227710753,0.5052088644084755,0.7752113383610569,0.11843634597586625,0.7730823048033112,0.9415107228506461,0.3315636540241337,1.4584892771493538,3.25,0.3076923076923077,0.375,1.0
0.325,0.1,0.575,0.42500000000000004,2.0,1.5,0.65,0.48750000000000004,0.2,0.15000000000000002,1.15,0.8624999999999999,ok,`gtol` termination condition is satisfied.,True,True,True,5,5.684341886080802e-14,5.461927758452897e-16,0.0,5.898059818321144e-16,0.9823834649360544,0.9987217844555615,1.8187387027340828e-09,-1.955516827954392,0.0,0.0,1.0,-1.955516827954392,0.7767644841873338,0.5055431077805158,0.7745615628715099,0.1576902687224948,0.7730823048033114,0.9036214248264222,0.4423097312775053,1.3963785751735776,3.25,0.3076923076923077,0.5,0.7499999999999999
0.325,0.125,0.55,0.45,2.0,1.5,0.65,0.48750000000000004,0.25,0.1875,1.1,0.8250000000000001,ok,`gtol` termination condition is satisfied.,True,True,True,4,5.684341886080802e-14,2.0014830212433605e-16,0.0,8.673617379884035e-16,0.9821288097010177,0.9982637040002323,5.598421647175063e-09,-2.1622437393027436,0.0,0.0,1.0,-2.1622437393027436,0.7773251924135,0.5061401842460029,0.7742153328966922,0.19696265054549641,0.7730823048033113,0.8658645657106024,0.5530373494545036,1.3341354342893976,3.25,0.3076923076923077,0.625,0.6
0.325,0.15,0.525,0.475,2.0,1.5,0.65,0.48750000000000004,0.3,0.22499999999999998,1.05,0.7875000000000001,ok,`gtol` termination condition is satisfied.,True,True,True,4,6.975736996017264e-14,5.79553433516819e-16,0.0,6.730727086790012e-16,0.9801538286113396,0.9976396701946003,1.4275267056321277e-09,-2.358192083775624,0.0,0.0,1.0,-2.358192083775624,0.7780969802431755,0.5069596290807178,0.7741063377806663,0.23629837184012845,0.7730823048033114,0.8281724728796167,0.6637016281598714,1.2718275271203834,3.25,0.3076923076923077,0.75,0.5
0.325,0.175,0.5,0.5,2.0,1.5,0.65,0.48750000000000004,0.35,0.26249999999999996,1.0,0.75,ok,`gtol` termination condition is satisfied.,True,True,True,5,9.965338565738948e-15,7.301351988545593e-16,-2.220446049250313e-16,8.465450562766819e-16,0.9779740505146551,0.996874380669368,4.725972637924942e-09,-2.544137852703111,0.0,0.0,1.0,-2.544137852703111,0.7790558844573803,0.5079740584337975,0.7741891016611263,0.2757317640673597,0.7730823048033113,0.7904936786374646,0.77426823593264,1.2095063213625354,3.25,0.3076923076923077,0.875,0.4285714285714286
0.325,0.2,0.475,0.525,2.0,1.5,0.65,0.48750000000000004,0.4,0.30000000000000004,0.95,0.7124999999999999,ok,`gtol` termination condition is satisfied.,True,True,True,5,2.6159013735064738e-14,7.216449660063518e-16,-4.440892098500626e-16,1.2351231148954867e-15,0.9756114794163256,0.9959858768527765,4.699289472703863e-09,-2.7207598305347784,0.0,0.0,1.0,-2.7207598305347784,0.7801861694204985,0.5091648605759146,0.7744317148065435,0.3152904733057359,0.7730823048033113,0.752787564576965,0.8847095266942643,1.1472124354230349,3.25,0.3076923076923077,1.0,0.37499999999999994
0.325,0.225,0.45,0.55,2.0,1.5,0.65,0.48750000000000004,0.45,0.3375,0.9,0.675,ok,`gtol` termination condition is satisfied.,True,True,True,5,2.325245665339088e-14,4.710277376051325e-16,-4.440892098500626e-16,7.355227538141662e-16,0.9730821006582205,0.9949875020566513,2.1585075196641708e-14,-2.8886604999766115,0.0,0.0,1.0,-2.8886604999766115,0.7814777653320992,0.5105195255376613,0.7748114020704403,0.35499785044206805,0.7730823048033113,0.7150209359028789,0.995002149557932,1.084979064097121,3.25,0.3076923076923077,1.125,0.3333333333333333
0.325,0.25,0.425,0.575,2.0,1.5,0.65,0.48750000000000004,0.5,0.375,0.85,0.6375,ok,`gtol` termination condition is satisfied.,True,True,True,5,5.684341886080802e-14,6.206335383118183e-16,0.0,9.575673587391975e-16,0.9703975105801317,0.9938891915877911,2.661695846665579e-09,-2.9099780571087943,14.236461973109963,2.2658032951602483,0.2002624369173828,-2.9099780571087943,0.7829246443579878,0.5120299356708925,0.7753117263238439,0.3948744926121544,0.7730823048033113,0.6771657510641895,1.1051255073878457,1.0228342489358104,3.25,0.3076923076923077,1.25,0.3
0.325,0.275,0.4,0.6000000000000001,2.0,1.5,0.65,0.48750000000000004,0.55,0.41250000000000003,0.8,0.6000000000000001,ok,`gtol` termination condition is satisfied.,True,True,True,5,6.341579087288422e-15,7.676812899781355e-16,0.0,1.5057399771478686e-15,0.9675660159317244,0.9926983451377545,2.166094603957932e-09,-2.834334327966884,13.979382968716134,2.224887900845827,0.19870792405926244,-2.834334327966884,0.7845237634760035,0.5136912424172914,0.7759207712505544,0.43493927788869574,0.7730823048033114,0.6391975675655507,1.2150607221113043,0.9608024324344494,3.25,0.3076923076923077,1.375,0.2727272727272727
0.325,0.3,0.375,0.625,2.0,1.5,0.65,0.48750000000000004,0.6,0.44999999999999996,0.75,0.5625,ok,`gtol` termination condition is satisfied.,True,True,True,5,1.743934249004316e-14,5.855045090355223e-16,-4.440892098500626e-16,2.220446049250313e-16,0.9645933906121484,0.9914204295420963,5.784197349831471e-10,-2.762266608702218,13.745917510738423,2.1877307191674613,0.19701329065190779,-2.762266608702218,0.7862743619888207,0.5155011134164175,0.7766299309983056,0.47521008869985987,0.7730823048033114,0.6010944448152651,1.32478991130014,0.8989055551847349,3.25,0.3076923076923077,1.5,0.25
0.325,0.325,0.35,0.65,2.0,1.5,0.65,0.48750000000000004,0.65,0.48750000000000004,0.7,0.5249999999999999,ok,`gtol` termination condition is satisfied.,True,True,True,5,1.073190307079579e-14,9.309503074677273e-16,2.220446049250313e-16,2.373101715136272e-15,0.9614834044099956,0.9900594024914707,1.9937762166320098e-15,-2.69357731334855,13.532784353435062,2.153809523645849,0.19521156406603704,-2.69357731334855,0.7881774882537007,0.5174592212100314,0.7774330873987905,0.5157043401349725,0.7730823048033112,0.562836145564461,1.4342956598650276,0.8371638544355389,3.25,0.3076923076923077,1.625,0.23076923076923075
0.325,0.35,0.325,0.675,2.0,1.5,0.65,0.48750000000000004,0.7,0.5249999999999999,0.65,0.48750000000000004,ok,`gtol` termination condition is satisfied.,True,True,True,5,1.9930677131477896e-14,5.302695275805846e-16,-2.220446049250313e-16,5.967448757360216e-16,0.9582381958312559,0.9886180141993999,5.115557210351162e-10,-2.628080599510865,13.33726977080099,2.122692411373088,0.19333031111310958,-2.628080599510865,0.7902356791782027,0.5195668944812796,0.7783260416290937,0.5564393847318596,0.7730823048033113,0.5244035358935352,1.54356061526814,0.7755964641064649,3.25,0.3076923076923077,1.75,0.2142857142857143
0.325,0.375,0.3,0.7,2.0,1.5,0.65,0.48750000000000004,0.75,0.5625,0.6,0.44999999999999996,ok,`gtol` termination condition is satisfied.,True,True,True,5,5.684341886080802e-14,4.47545209131181e-16,0.0,1.2212453270876722e-15,0.9548585353996285,0.9870980237806338,2.1761600219615308e-09,-2.5656013063704575,13.15710600105756,2.0940184568523508,0.19139258178490642,-2.5656013063704575,0.7924527447389468,0.5218268821038452,0.7793061173090421,0.5974328395325224,0.7730823048033113,0.48577811862765197,1.6525671604674776,0.714221881372348,3.25,0.3076923076923077,1.875,0.19999999999999998
0.325,0.4,0.275,0.7250000000000001,2.0,1.5,0.65,0.48750000000000004,0.8,0.6000000000000001,0.55,0.41250000000000003,ok,`gtol` termination condition is satisfied.,True,True,True,5,1.743934249004316e-14,7.494005416219807e-16,-2.220446049250313e-16,8.604228440844963e-16,0.9513440098263646,0.9855003545165205,1.1463352443114474e-09,-2.5059740817795757,12.990380154218848,2.067483214186787,0.18941766303877183,-2.5059740817795757,0.7948336271503944,0.5242431981683225,0.7803718820917406,0.6387028658950809,0.7730823048033115,0.44694165648809436,1.7612971341049195,0.6530583435119057,3.25,0.3076923076923077,2.0,0.18749999999999997
0.325,0.425,0.25,0.75,2.0,1.5,0.65,0.48750000000000004,0.85,0.6375,0.5,0.375,ok,`gtol` termination condition is satisfied.,True,True,True,5,8.206749407079134e-15,4.965068306494546e-16,0.0,1.3600232051658168e-15,0.9476931472126242,0.9838252041543362,1.089869486048763e-09,-2.449042670832189,12.835464881246745,2.042827682732847,0.18742169055499336,-2.449042670832189,0.79738431515338,0.5268210274153431,0.781522953352436,0.6802684233601413,0.7730823048033113,0.40787585468836507,1.8697315766398586,0.5921241453116349,3.25,0.3076923076923077,2.125,0.17647058823529413
0.325,0.45,0.225,0.775,2.0,1.5,0.65,0.48750000000000004,0.9,0.675,0.45,0.3375,ok,`gtol` termination condition is satisfied.,True,True,True,5,1.5501637768927254e-14,6.473657049138938e-16,-4.440892098500626e-16,5.551115123125783e-17,0.9439034967003609,0.9820721211209552,3.1160795898499394e-09,-2.394659319173016,12.69096484007046,2.0198297869026587,0.18541815111331592,-2.394659319173016,0.8001118008853326,0.5295666778340533,0.7827598653382102,0.7221495133701429,0.7730823048033112,0.3685620811636062,1.9778504866298574,0.5314379188363938,3.25,0.3076923076923077,2.25,0.16666666666666666
0.325,0.475,0.2,0.8,2.0,1.5,0.65,0.48750000000000004,0.95,0.7124999999999999,0.4,0.30000000000000004,ok,`gtol` termination condition is satisfied.,True,True,True,4,2.092721098805179e-13,5.117875266520903e-16,-4.440892098500626e-16,7.771561172376096e-16,0.9399716713908524,0.9802400539761792,1.3889478556981155e-09,-2.342684262583277,12.555674806427527,1.998297709297317,0.18341829966366985,-2.342684262583277,0.8030240714755942,0.5324875721430381,0.7840839828031301,0.7643674254748019,0.7730823048033114,0.3289811079771802,2.0856325745251976,0.4710188920228198,3.25,0.3076923076923077,2.375,0.15789473684210525
0.325,0.5,0.175,0.825,2.0,1.5,0.65,0.48750000000000004,1.0,0.75,0.35,0.26249999999999996,ok,`gtol` termination condition is satisfied.,True,True,True,5,2.7902947984069054e-14,8.514223576271388e-16,-6.661338147750939e-16,-4.440892098500626e-16,0.9358933600883675,0.9783273789495491,3.6081945890727397e-09,-2.2929852807658087,12.428546485416371,1.9780646086014184,0.18143150883743286,-2.2929852807658087,0.8061301307964814,0.5355922733965867,0.7854974513031644,0.8069449970602013,0.7730823048033112,0.2891128607383332,2.193055002939799,0.41088713926166676,3.25,0.3076923076923077,2.5,0.15
0.325,0.525,0.15,0.8500000000000001,2.0,1.5,0.65,0.48750000000000004,1.05,0.7875000000000001,0.3,0.22499999999999998,ok,`gtol` termination condition is satisfied.,True,True,True,5,1.3287118087651931e-14,4.440892098500626e-16,-4.440892098500626e-16,6.106226635438361e-16,0.9316633109841997,0.976331908596338,7.283591536225829e-10,-2.245437293240913,12.308661897588154,1.9589843838480232,0.1794655638893243,-2.245437293240913,0.8094400492620601,0.5388905426401143,0.7870031779215589,0.8499068971969633,0.7730823048033113,0.2489361647138283,2.300093102803037,0.3510638352861717,3.25,0.3076923076923077,2.625,0.14285714285714285
0.325,0.55,0.125,0.875,2.0,1.5,0.65,0.48750000000000004,1.1,0.8250000000000001,0.25,0.1875,ok,`gtol` termination condition is satisfied.,True,True,True,5,5.684341886080802e-14,7.2377686124476805e-16,-2.220446049250313e-16,1.3877787807814457e-15,0.9272752884302119,0.9742508832123246,6.995677630764519e-10,-2.199921986972175,12.195211788230814,1.9409282381494866,0.17752691341116714,-2.199921986972175,0.8129650415753639,0.5423934287661539,0.7886048388394122,0.8932799457153081,0.7730823048033113,0.20842847707935405,2.4067200542846923,0.2915715229206459,3.25,0.3076923076923077,2.75,0.13636363636363635
0.32500000000000007,0.5750000000000001,0.10000000000000002,0.9000000000000001,2.0,1.5,0.65,0.48750000000000004,1.15,0.8624999999999999,0.19999999999999998,0.15,ok,`gtol` termination condition is satisfied.,True,True,True,5,1.2131716514812633e-14,7.108895957933346e-16,-2.220446049250313e-16,1.0547118733938987e-15,0.9227220022142627,0.972080945481462,7.083649637327246e-15,-2.1563274625503412,12.087477898132601,1.9237818570018368,0.17562088359887434,-2.1563274625503412,0.8167175741463973,0.5461133927815296,0.7903069122550396,0.937093480039071,0.7730823048033112,0.16756559460989118,2.5129065199609286,0.2324344053901088,3.25,0.3076923076923077,2.875,0.13043478260869565
0.325,0.6,0.075,0.925,2.0,1.5,0.65,0.48750000000000004,1.2,0.8999999999999999,0.15,0.11249999999999999,ok,`gtol` termination condition is satisfied.,True,True,True,5,1.162622832669544e-14,8.881784197001252e-16,-2.220446049250313e-16,9.71445146547012e-16,0.9179950070441386,0.9698180977581581,3.241614594531409e-10,-2.1145478925305405,11.984818227964002,1.9074430630383208,0.1737518624081538,-2.1145478925305405,0.820711505755191,0.5500644708260567,0.7921147369692387,0.9813797847320851,0.7730823048033113,0.12632132509509503,2.6186202152679146,0.17367867490490496,3.25,0.3076923076923077,3.0,0.125
0.325,0.625,0.05,0.95,2.0,1.5,0.65,0.48750000000000004,1.25,0.9375,0.1,0.07500000000000001,ok,`gtol` termination condition is satisfied.,True,True,True,4,1.450953295171591e-13,1.0053497077208614e-15,0.0,1.3877787807814457e-15,0.9130845680859805,0.9674576402873282,1.5635495466830826e-10,-2.074483189492602,11.886654615731729,1.8918198389197984,0.1719234591523419,-2.074483189492602,0.8249622671218725,0.5542624827170334,0.7940345987162363,1.0261746023505454,0.7730823048033114,0.08466710881160289,2.7238253976494544,0.11533289118839712,3.25,0.3076923076923077,3.125,0.12
0.325,0.65,0.025,0.9750000000000001,2.0,1.5,0.65,0.48750000000000004,1.3,0.9750000000000001,0.05,0.037500000000000006,ok,`gtol` termination condition is satisfied.,True,True,True,5,2.146380614159158e-14,5.661048867003676e-16,0.0,2.7755575615628914e-16,0.9079794861832042,0.9658225477380569,1.6611574972855641e-09,-2.036038676604104,11.792462102123505,1.8768286347767988,0.17013864362292652,-2.036038676604104,0.8294870876032109,0.5587252958034726,0.7960738482393541,1.0715177494404875,0.7730823048033114,0.042571573288128536,2.828482250559513,0.05742842671187147,3.25,0.3076923076923077,3.25,0.11538461538461538
0.325,0.675,0.0,1.0,2.0,1.5,0.65,0.48750000000000004,1.35,1.0125000000000002,0.0,0.0,ok,`gtol` termination condition is satisfied.,True,True,True,4,1.0334425179284835e-14,1.1157603309187458e-15,0.0,1.8318679906315083e-15,0.9026668735441578,0.9643578651586525,1.4603114289537903e-10,-1.9991247593713672,11.701759645325707,1.8623928904268503,0.16839986883393868,-1.9991247593713672,0.8343052805625496,0.5634731578542012,0.7982410574168828,1.1174538689903308,nan,nan,2.93254613100967,nan,3.25,0.3076923076923077,3.375,0.1111111111111111
0.35,0.0,0.65,0.35,2.0,1.5,0.7,0.5249999999999999,0.0,0.0,1.3,0.9750000000000001,ok,`gtol` termination condition is satisfied.,True,True,True,4,5.684341886080802e-14,5.551115123125783e-16,-2.220446049250313e-16,9.992007221626409e-16,0.9750359378463125,0.9966304746170809,4.982668629301223e-09,-0.999999992492573,0.0,0.0,1.0,-0.999999992492573,0.7793643521271304,0.5473995230765957,nan,nan,0.7730823048033114,1.021616369263002,nan,1.578383630736998,3.5,0.28571428571428575,0.0,nan
0.35,0.025,0.625,0.375,2.0,1.5,0.7,0.5249999999999999,0.05,0.037500000000000006,1.25,0.9375,ok,`gtol` termination condition is satisfied.,True,True,True,5,4.35983562251079e-14,5.578801654593729e-16,-4.440892098500626e-16,6.522560269672795e-16,0.9771363271576944,0.997397394940582,4.25253389763991e-09,-1.2427283956643052,0.0,0.0,1.0,-1.2427283956643052,0.7783990757834045,0.5463011592093072,0.780753961421437,0.03995112758178295,0.7730823048033113,0.9824220195756056,0.11004887241821706,1.5175779804243943,3.5,0.28571428571428575,0.125,2.9999999999999996
0.35,0.05,0.6,0.39999999999999997,2.0,1.5,0.7,0.5249999999999999,0.1,0.07500000000000001,1.2,0.8999999999999999,ok,`gtol` termination condition is satisfied.,True,True,True,5,5.684341886080802e-14,5.978733960281817e-16,2.220446049250313e-16,1.5126788710517758e-15,0.9786093311482216,0.99774372576258,4.980816420476994e-09,-1.4719538892921116,0.0,0.0,1.0,-1.4719538892921116,0.7779676530809985,0.5458088516071359,0.7789545384616395,0.07959811067279289,0.7730823048033114,0.9437618221842934,0.22040188932720717,1.4562381778157065,3.5,0.28571428571428575,0.25,1.4999999999999998
0.35,0.075,0.575,0.425,2.0,1.5,0.7,0.5249999999999999,0.15,0.11249999999999999,1.15,0.8624999999999999,ok,`gtol` termination condition is satisfied.,True,True,True,5,5.684341886080802e-14,4.718447854656915e-16,0.0,9.645062526431047e-16,0.9796215792081242,0.9977735148442386,7.597057744080202e-09,-1.6889703745789157,0.0,0.0,1.0,-1.6889703745789157,0.7779306758652186,0.5457666143710603,0.777745346450313,0.11908864039300802,0.7730823048033113,0.9054470360967971,0.3309113596069919,1.3945529639032026,3.5,0.28571428571428575,0.375,1.0
0.35,0.1,0.55,0.44999999999999996,2.0,1.5,0.7,0.5249999999999999,0.2,0.15000000000000002,1.1,0.8250000000000001,ok,`gtol` termination condition is satisfied.,True,True,True,5,5.684341886080802e-14,7.216449660063518e-16,0.0,6.661338147750939e-16,0.9802839048746647,0.9975557152184421,2.6364285493547963e-09,-1.8948407957358626,0.0,0.0,1.0,-1.8948407957358626,0.7782015094932343,0.5460758214652481,0.7769663560892337,0.15851863979926786,0.7730823048033115,0.8673502122983541,0.44148136020073225,1.332649787701646,3.5,0.28571428571428575,0.5,0.7499999999999999
0.35,0.125,0.525,0.475,2.0,1.5,0.7,0.5249999999999999,0.25,0.1875,1.05,0.7875000000000001,ok,`gtol` termination condition is satisfied.,True,True,True,5,5.580589596813811e-14,7.28550816809042e-16,0.0,7.077671781985373e-16,0.978725517726153,0.9971377288954477,7.760561172920492e-10,-2.0904539373111657,0.0,0.0,1.0,-2.0904539373111657,0.7787243741506413,0.5466717847586375,0.7765133711951021,0.19795422390043346,0.7730823048033114,0.8293810729788292,0.5520457760995665,1.2706189270211707,3.5,0.28571428571428575,0.625,0.6
0.35,0.15,0.5,0.5,2.0,1.5,0.7,0.5249999999999999,0.3,0.22499999999999998,1.0,0.75,ok,`gtol` termination condition is satisfied.,True,True,True,4,5.684341886080802e-14,7.135936359693696e-16,-4.440892098500626e-16,1.2351231148954867e-15,0.9767640665632974,0.9965530911984761,4.400418607930279e-09,-2.2765652288392353,0.0,0.0,1.0,-2.2765652288392353,0.7794625058356732,0.5475109744818436,0.7763161742392555,0.23744352232653945,0.7730823048033113,0.7914729168153865,0.6625564776734605,1.2085270831846135,3.5,0.28571428571428575,0.75,0.5
0.35000000000000003,0.17500000000000002,0.47500000000000003,0.525,2.0,1.5,0.7000000000000001,0.525,0.35000000000000003,0.2625,0.9500000000000001,0.7125,ok,`gtol` termination condition is satisfied.,True,True,True,5,2.989601569721684e-14,8.053900950903363e-16,0.0,8.951173136040325e-16,0.9745926361683004,0.9958260616704074,4.193110040396616e-10,-2.4538268267054346,0.0,0.0,1.0,-2.4538268267054346,0.7803913964753109,0.548563648370874,0.7763261229771844,0.27702342244715195,0.7730823048033113,0.753574531868635,0.7729765775528481,1.146425468131365,3.5000000000000004,0.2857142857142857,0.8750000000000001,0.4285714285714285
0.35,0.2,0.45,0.55,2.0,1.5,0.7,0.5249999999999999,0.4,0.30000000000000004,0.9,0.675,ok,`gtol` termination condition is satisfied.,True,True,True,5,1.743934249004316e-14,5.214799211354908e-16,0.0,6.522560269672795e-16,0.9722333219290403,0.9949744854185553,1.9150273194952794e-09,-2.6228099728250576,0.0,0.0,1.0,-2.6228099728250576,0.7814947542545267,0.549809403150718,0.7765087815877627,0.31672360853136616,0.7730823048033114,0.7156451631820969,0.883276391468634,1.0843548368179032,3.5,0.28571428571428575,1.0,0.37499999999999994
0.35,0.225,0.425,0.575,2.0,1.5,0.7,0.5249999999999999,0.45,0.3375,0.85,0.6375,ok,`gtol` termination condition is satisfied.,True,True,True,5,2.325245665339088e-14,7.027150473277823e-16,-4.440892098500626e-16,9.783840404509192e-16,0.9697022645134498,0.9940116403861573,2.819933925934885e-09,-2.7840218818429125,0.0,0.0,1.0,-2.7840218818429125,0.7827619968117844,0.5512343875121883,0.7768393711052148,0.35656908798228704,0.7730823048033112,0.6776512576388856,0.993430912017713,1.0223487423611144,3.5,0.28571428571428575,1.125,0.3333333333333333
0.35,0.25,0.4,0.6,2.0,1.5,0.7,0.5249999999999999,0.5,0.375,0.8,0.6000000000000001,ok,`gtol` termination condition is satisfied.,True,True,True,5,2.7902947984069054e-14,4.236704743275018e-16,0.0,6.106226635438361e-16,0.9670112270643559,0.9929474656580648,6.529763881646474e-10,-2.937918439058463,0.0,0.0,1.0,-2.937918439058463,0.7841866465071743,0.552829501600293,0.7772998672297177,0.39658183534362934,0.7730823048033115,0.639564284812062,1.1034181646563708,0.9604357151879381,3.5,0.28571428571428575,1.25,0.3
0.35,0.275,0.375,0.625,2.0,1.5,0.7,0.5249999999999999,0.55,0.41250000000000003,0.75,0.5625,ok,`gtol` termination condition is satisfied.,True,True,True,5,2.7755575615628914e-15,1.0881460057406233e-15,0.0,1.429412144204889e-15,0.9641686673718258,0.9917893986269212,9.121426180899382e-10,-2.891884970282134,14.01414824979935,2.2304209671782003,0.20209666330296747,-2.891884970282134,0.7857652770005499,0.5545892047867013,0.7778770968149279,0.4367819040795364,0.7730823048033115,0.6013592312462926,1.2132180959204637,0.8986407687537074,3.5,0.28571428571428575,1.375,0.2727272727272727
0.35000000000000003,0.30000000000000004,0.35000000000000003,0.6500000000000001,2.0,1.5,0.7,0.5249999999999999,0.6,0.44999999999999996,0.7,0.5249999999999999,ok,`gtol` termination condition is satisfied.,True,True,True,5,5.684341886080802e-14,7.575797802392804e-16,-2.220446049250313e-16,1.5126788710517758e-15,0.9611804805688244,0.9905429573244747,8.325153234705719e-15,-2.821981769903786,13.776082517689726,2.1925316291321626,0.20067927010346484,-2.821981769903786,0.7874968083478369,0.5565107113904926,0.778561459683562,0.4771882085210094,0.7730823048033112,0.5630135279506113,1.3228117914789905,0.8369864720493886,3.5,0.28571428571428575,1.5,0.25
0.35,0.325,0.325,0.675,2.0,1.5,0.7,0.5249999999999999,0.65,0.48750000000000004,0.65,0.48750000000000004,ok,`gtol` termination condition is satisfied.,True,True,True,5,1.6097854606193685e-14,4.440892098500626e-16,2.220446049250313e-16,9.43689570931383e-16,0.9580505206873852,0.9892121520922416,2.6729281788473246e-10,-2.7551313946245672,13.55820078019025,2.15785467359967,0.19913779746823673,-2.7551313946245672,0.7893820294021905,0.5585934416725683,0.7793460535107262,0.5178190974709078,0.7730823048033113,0.5245062627403141,1.4321809025290924,0.775493737259686,3.5,0.28571428571428575,1.625,0.23076923076923075
0.35,0.35,0.3,0.7,2.0,1.5,0.7,0.5249999999999999,0.7,0.5249999999999999,0.6,0.44999999999999996,ok,`gtol` termination condition is satisfied.,True,True,True,5,1.9930677131477896e-14,7.575797802392804e-16,0.0,1.3461454173580023e-15,0.9547809697365551,0.9877997800068623,1.5124555375891926e-09,-2.6911786359876615,13.357865550763965,2.125970331561028,0.19749940573300956,-2.6911786359876615,0.7914232729968447,0.5608386459591462,0.7802260655108864,0.558692795033811,0.7730823048033113,0.4858175828640289,1.5413072049661887,0.7141824171359711,3.5,0.28571428571428575,1.75,0.2142857142857143
0.35,0.375,0.275,0.725,2.0,1.5,0.7,0.5249999999999999,0.75,0.5625,0.55,0.41250000000000003,ok,`gtol` termination condition is satisfied.,True,True,True,5,9.300982661356352e-15,8.881784197001252e-16,2.220446049250313e-16,1.5265566588595902e-15,0.9513725987832083,0.9863076367473484,2.384910709270116e-09,-2.6299766380788525,13.172865709499876,2.0965266923526324,0.19578710093655147,-2.6299766380788525,0.7936241970256036,0.5632491498798242,0.781198345232684,0.5998277574009038,0.7730823048033115,0.4469282257925442,1.6501722425990963,0.6530717742074559,3.5,0.28571428571428575,1.875,0.19999999999999998
0.35,0.4,0.25,0.75,2.0,1.5,0.7,0.5249999999999999,0.8,0.6000000000000001,0.5,0.375,ok,`gtol` termination condition is satisfied.,True,True,True,5,4.982669282869474e-15,5.551115123125783e-16,0.0,1.457167719820518e-15,0.9478249503392162,0.9847366688566296,4.525649684114044e-10,-2.5713861812562153,13.001330346075125,2.0692259913485187,0.1940204064506459,-2.5713861812562153,0.7959896414211527,0.5658291872503938,0.7822611033916069,0.6412429782946285,0.7730823048033113,0.40781913607920617,1.7587570217053718,0.5921808639207938,3.5,0.28571428571428575,2.0,0.18749999999999997
0.35000000000000003,0.42500000000000004,0.22500000000000003,0.7750000000000001,2.0,1.5,0.7,0.5249999999999999,0.8499999999999999,0.6375,0.44999999999999996,0.33749999999999997,ok,`gtol` termination condition is satisfied.,True,True,True,5,5.684341886080802e-14,4.742874840267547e-16,-4.440892098500626e-16,1.1379786002407855e-15,0.944136461554309,0.9830870817945737,4.3057112599875327e-10,-2.5152750935167156,12.841662960835013,2.0438141377369967,0.19221590794230645,-2.5152750935167156,0.7985255416696047,0.5685842989090619,0.783413700734059,0.6829582660991326,0.7730823048033112,0.368471138789378,1.8670417339008671,0.5315288612106219,3.5,0.28571428571428575,2.1249999999999996,0.17647058823529413
0.35,0.45,0.2,0.8,2.0,1.5,0.7,0.5249999999999999,0.9,0.675,0.4,0.30000000000000004,ok,`gtol` termination condition is satisfied.,True,True,True,5,9.965338565738948e-15,5.661048867003676e-16,-6.661338147750939e-16,4.163336342344337e-16,0.9403045411875695,0.9813584141810217,2.8740981937478204e-09,-2.4615177633418384,12.692490500926606,2.020072603369396,0.1903877016562371,-2.4615177633418384,0.8012388864273634,0.571521283553897,0.7846565031123682,0.7249945098963256,0.7730823048033114,0.3288646479690239,1.9750054901036744,0.4711353520309761,3.5,0.28571428571428575,2.25,0.16666666666666666
0.35,0.475,0.175,0.825,2.0,1.5,0.7,0.5249999999999999,0.95,0.7124999999999999,0.35,0.26249999999999996,ok,`gtol` termination condition is satisfied.,True,True,True,5,5.684341886080802e-14,9.50197851991224e-16,2.220446049250313e-16,7.216449660063518e-16,0.9363256088329837,0.9795495852206662,3.9237134427262054e-10,-2.4099947292595094,12.552623381580338,1.9978120599494136,0.188547767278766,-2.4099947292595094,0.8041377114969123,0.5746481919248969,0.7859907869576885,0.7673739482976847,0.7730823048033111,0.2889793936303874,2.0826260517023147,0.4110206063696126,3.5,0.28571428571428575,2.375,0.15789473684210525
0.35,0.5,0.15,0.85,2.0,1.5,0.7,0.5249999999999999,1.0,0.75,0.3,0.22499999999999998,ok,`gtol` termination condition is satisfied.,True,True,True,5,2.7902947984069054e-14,1.0053497077208614e-15,4.440892098500626e-16,1.609823385706477e-15,0.9321951016360255,0.9776589198955115,4.263720272794139e-15,-2.3605923321164157,12.421023721740097,1.9768673235766272,0.1867062819114187,-2.3605923321164157,0.8072311257587433,0.5779743594949371,0.787418684767396,0.8101204533213163,0.7730823048033113,0.24879415374953143,2.1898795466786836,0.3512058462504686,3.5,0.28571428571428575,2.5,0.15
0.35,0.525,0.125,0.875,2.0,1.5,0.7,0.5249999999999999,1.05,0.7875000000000001,0.25,0.1875,ok,`gtol` termination condition is satisfied.,True,True,True,5,1.3287118087651931e-14,4.718447854656915e-16,-4.440892098500626e-16,6.106226635438361e-16,0.9279074512646915,0.9756841547299802,1.4416570558886728e-09,-2.313202404346338,12.296779806946562,1.957093290388148,0.18487188620564876,-2.313202404346338,0.810529367205185,0.5815104757959801,0.7889431640548655,0.8532598411865739,0.7730823048033113,0.2082864793653825,2.296740158813426,0.29171352063461753,3.5,0.28571428571428575,2.625,0.14285714285714285
0.35,0.55,0.1,0.9,2.0,1.5,0.7,0.5249999999999999,1.1,0.8250000000000001,0.2,0.15000000000000002,ok,`gtol` termination condition is satisfied.,True,True,True,5,5.684341886080802e-14,3.510833468576701e-16,0.0,1.4710455076283324e-15,0.9234560318535143,0.9736224255292041,6.510734303582527e-15,-2.2677219944128333,12.179085317137908,1.9383616305604219,0.183051912479086,-2.2677219944128333,0.8140438893520762,0.5852686910295095,0.7905680360639973,0.896820222591585,0.7730823048033114,0.16743240135680734,2.403179777408415,0.23256759864319268,3.5,0.28571428571428575,2.75,0.13636363636363635
0.35000000000000003,0.5750000000000001,0.07500000000000001,0.925,2.0,1.5,0.7000000000000001,0.525,1.1500000000000001,0.8625,0.15000000000000002,0.11250000000000002,ok,`gtol` termination condition is satisfied.,True,True,True,5,5.684341886080802e-14,5.978733960281817e-16,-2.220446049250313e-16,6.938893903907228e-16,0.9188330777732786,0.971470237285328,3.3351820091780175e-15,-2.224053108779137,12.067222212944504,1.920558064578438,0.18125258146358414,-2.224053108779137,0.8177874802913442,0.589262763009185,0.7922979928450187,0.9408324067794692,0.7730823048033113,0.12620610699118776,2.509167593220531,0.1737938930088123,3.5000000000000004,0.2857142857142857,2.8750000000000004,0.13043478260869562
0.35,0.6,0.05,0.95,2.0,1.5,0.7,0.5249999999999999,1.2,0.8999999999999999,0.1,0.07500000000000001,ok,`gtol` termination condition is satisfied.,True,True,True,4,2.092721098805179e-13,4.577566798522237e-16,-2.220446049250313e-16,1.1102230246251565e-15,0.9140295681815244,0.9692234152996765,3.5328935967137083e-09,-2.182102463858309,11.960546458908045,1.9035800910154803,0.17947917317246903,-2.182102463858309,0.8217744187253276,0.593508250035281,0.7941386733243948,0.98533037661325,0.7730823048033114,0.0845795728842088,2.6146696233867495,0.11542042711579122,3.5,0.28571428571428575,3.0,0.125
0.35,0.625,0.025,0.975,2.0,1.5,0.7,0.5249999999999999,1.25,0.9375,0.05,0.037500000000000006,ok,`gtol` termination condition is satisfied.,True,True,True,5,5.684341886080802e-14,4.002966042486721e-16,0.0,3.0531133177191805e-16,0.9090350731705688,0.9668770353525785,1.8595453448505224e-09,-2.141781246213463,11.858475929267343,1.8873350616791547,0.17773617699238944,-2.141781246213463,0.8260206737267798,0.5980227582899369,0.7960967610297118,1.0303518562553986,0.7730823048033114,0.04252213845319104,2.7196481437446014,0.057477861546808964,3.5,0.28571428571428575,3.125,0.12
0.35,0.65,0.0,1.0,2.0,1.5,0.7,0.5249999999999999,1.3,0.9750000000000001,0.0,0.0,ok,`gtol` termination condition is satisfied.,True,True,True,4,1.9930677131477896e-14,7.771561172376096e-16,-2.220446049250313e-16,1.7763568394002505e-15,0.903837553707512,0.964425329329711,3.793171314943102e-15,-2.10300487012794,11.760479986026963,1.8717385229094954,0.17602742442968106,-2.10300487012794,0.8305441579744836,0.6028262561148267,0.7981801183935748,1.0759389993815387,nan,nan,2.8240610006184617,nan,3.5,0.28571428571428575,3.25,0.11538461538461538
0.375,0.0,0.625,0.375,2.0,1.5,0.75,0.5625,0.0,0.0,1.25,0.9375,ok,`gtol` termination condition is satisfied.,True,True,True,4,5.684341886080802e-14,5.117875266520903e-16,-4.440892098500626e-16,7.91033905045424e-16,0.9724883599209567,0.9953076617476889,6.975737827759226e-09,-0.9999999904995038,0.0,0.0,1.0,-0.9999999904995038,0.7810611089035987,0.5885575427492273,nan,nan,0.7730823048033113,0.9859548957259738,nan,1.5140451042740262,3.75,0.26666666666666666,0.0,nan
0.375,0.025,0.6,0.4,2.0,1.5,0.75,0.5625,0.05,0.037500000000000006,1.2,0.8999999999999999,ok,`gtol` termination condition is satisfied.,True,True,True,5,5.684341886080802e-14,3.3766115072321297e-16,-2.220446049250313e-16,7.840950111415168e-16,0.974687864596712,0.996096847136746,4.143115431396248e-09,-1.2270164661173337,0.0,0.0,1.0,-1.2270164661173337,0.7800440103669107,0.5873254287038906,0.7838476943677747,0.04021019050504444,0.7730823048033113,0.9465886517299335,0.10978980949495559,1.4534113482700666,3.75,0.26666666666666666,0.125,2.9999999999999996
0.375,0.05,0.575,0.425,2.0,1.5,0.75,0.5625,0.1,0.07500000000000001,1.15,0.8624999999999999,ok,`gtol` termination condition is satisfied.,True,True,True,5,4.35983562251079e-14,3.885780586188048e-16,-2.220446049250313e-16,-1.6653345369377348e-16,0.976259351080758,0.9964750031187928,7.621024858061728e-09,-1.4422368388603308,0.0,0.0,1.0,-1.4422368388603308,0.7795616932469058,0.5867395249306409,0.7818474389417301,0.08008603841552903,0.7730823048033113,0.907736930580785,0.21991396158447102,1.3922630694192148,3.75,0.26666666666666666,0.25,1.4999999999999998
0.375,0.075,0.55,0.45,2.0,1.5,0.75,0.5625,0.15,0.11249999999999999,1.1,0.8250000000000001,ok,`gtol` termination condition is satisfied.,True,True,True,5,4.650491330678176e-15,8.763908156876301e-16,0.0,1.304512053934559e-15,0.9773648591533652,0.9965407774085129,1.6251764033237428e-10,-1.6467386699221125,0.0,0.0,1.0,-1.6467386699221125,0.7794781374710457,0.5866379142292087,0.7804717162633631,0.11978204080400037,0.7730823048033114,0.8692195149147545,0.3302179591959996,1.3307804850852456,3.75,0.26666666666666666,0.375,1.0
0.375,0.1,0.525,0.475,2.0,1.5,0.75,0.5625,0.2,0.15000000000000002,1.05,0.7875000000000001,ok,`gtol` termination condition is satisfied.,True,True,True,5,4.650491330678176e-15,6.206335383118183e-16,0.0,7.008282842946301e-16,0.9769209732273461,0.9963603491850587,8.502469738611874e-09,-1.841414380213495,0.0,0.0,1.0,-1.841414380213495,0.7797075809436392,0.5869168581287204,0.779554983122734,0.15939969558340514,0.7730823048033114,0.830913085386869,0.4406003044165949,1.2690869146131312,3.75,0.26666666666666666,0.5,0.7499999999999999
0.375,0.125,0.5,0.5,2.0,1.5,0.75,0.5625,0.25,0.1875,1.0,0.75,ok,`gtol` termination condition is satisfied.,True,True,True,5,1.3951473992034527e-14,2.237726045655905e-16,0.0,3.885780586188048e-16,0.9752160082378757,0.9959796721328643,2.6577621246068658e-17,-2.0270145670060367,0.0,0.0,1.0,-2.0270145670060367,0.7801941263303194,0.5875075677946977,0.7789880915375749,0.19900950644100227,0.7730823048033115,0.7927293012757235,0.5509904935589978,1.2072706987242765,3.75,0.26666666666666666,0.625,0.6
0.375,0.15,0.475,0.525,2.0,1.5,0.75,0.5625,0.3,0.22499999999999998,0.95,0.7124999999999999,ok,`gtol` termination condition is satisfied.,True,True,True,5,1.743934249004316e-14,6.758924343478424e-16,0.0,9.71445146547012e-16,0.9732653028124179,0.9954315300086188,6.768224019722983e-10,-2.2041799803237185,0.0,0.0,1.0,-2.2041799803237185,0.7809005297462194,0.5883633174695537,0.7786967081716396,0.23866303597579616,0.7730823048033112,0.7546022522747794,0.6613369640242037,1.1453977477252204,3.75,0.26666666666666666,0.75,0.5
0.375,0.175,0.45,0.55,2.0,1.5,0.75,0.5625,0.35,0.26249999999999996,0.9,0.675,ok,`gtol` termination condition is satisfied.,True,True,True,5,9.965338565738948e-15,4.847302891456678e-16,0.0,1.1310397063368782e-15,0.9710992694490935,0.9947398069166669,3.275680893953043e-09,-2.373465208742898,0.0,0.0,1.0,-2.373465208742898,0.7818017052969078,0.5894519098317352,0.7786288714442956,0.2783998780413529,0.7730823048033113,0.7164808956325281,0.7716001219586469,1.083519104367472,3.75,0.26666666666666666,0.875,0.4285714285714286
0.375,0.2,0.425,0.575,2.0,1.5,0.75,0.5625,0.4,0.30000000000000004,0.85,0.6375,ok,`gtol` termination condition is satisfied.,True,True,True,5,0.0,6.661338147750939e-16,-2.220446049250313e-16,8.743006318923108e-16,0.968740117810452,0.9939221781322305,7.495482807280586e-10,-2.5353567489732876,0.0,0.0,1.0,-2.5353567489732876,0.7828807957764257,0.5907510766443567,0.7787475002674973,0.31825188345273125,0.7730823048033113,0.6783242966834472,0.8817481165472689,1.0216757033165527,3.75,0.26666666666666666,1.0,0.37499999999999994
0.375,0.225,0.4,0.6,2.0,1.5,0.75,0.5625,0.45,0.3375,0.8,0.6000000000000001,ok,`gtol` termination condition is satisfied.,True,True,True,5,1.5501637768927254e-14,5.117875266520903e-16,0.0,8.604228440844963e-16,0.9662041467812478,0.9929918636111196,1.036535060488821e-09,-2.6902867167468316,0.0,0.0,1.0,-2.6902867167468316,0.7841267090865062,0.5922455695419399,0.7790257162149318,0.3582458289642287,0.7730823048033114,0.6400985194515753,0.9917541710357713,0.9599014805484248,3.75,0.26666666666666666,1.125,0.3333333333333333
0.375,0.25,0.375,0.625,2.0,1.5,0.75,0.5625,0.5,0.375,0.75,0.5625,ok,`gtol` termination condition is satisfied.,True,True,True,5,5.684341886080802e-14,4.002966042486721e-16,-2.220446049250313e-16,1.582067810090848e-15,0.963503278123779,0.9919588033528114,7.347255700373717e-15,-2.838643454937515,0.0,0.0,1.0,-2.838643454937515,0.785532527327387,0.5939252653479367,0.7794438302790169,0.3984051685441385,0.7730823048033114,0.6017745261142707,1.1015948314558615,0.8982254738857293,3.75,0.26666666666666666,1.25,0.3
0.375,0.275,0.35,0.65,2.0,1.5,0.75,0.5625,0.55,0.41250000000000003,0.7,0.5249999999999999,ok,`gtol` termination condition is satisfied.,True,True,True,5,1.9024737261865264e-14,8.005932084973442e-16,-2.220446049250313e-16,4.163336342344337e-16,0.9606461059703945,0.990830464020554,4.482555352696851e-09,-2.94377493540867,14.043439474916003,2.235082810444733,0.205160288552789,-2.94377493540867,0.7870944547100995,0.5957839029668035,0.7799873497346136,0.4387512258707328,0.7730823048033112,0.5633267131350818,1.2112487741292672,0.8366732868649182,3.75,0.26666666666666666,1.375,0.2727272727272727
0.375,0.3,0.325,0.675,2.0,1.5,0.75,0.5625,0.6,0.44999999999999996,0.65,0.48750000000000004,ok,`gtol` termination condition is satisfied.,True,True,True,5,1.162622832669544e-14,8.886119947416683e-16,-2.220446049250313e-16,1.5681900222830336e-15,0.9576386277521821,0.9896124033126672,2.7992991616534385e-09,-2.8759916604311915,13.801382979726982,2.196558322727901,0.20400208201722544,-2.8759916604311915,0.7888111092181814,0.5978182265433044,0.7806456298592744,0.47930403779067554,0.7730823048033114,0.5247318597639009,1.3206959622093244,0.7752681402360991,3.75,0.26666666666666666,1.5,0.25
0.375,0.325,0.3,0.7,2.0,1.5,0.75,0.5625,0.65,0.48750000000000004,0.6,0.44999999999999996,ok,`gtol` termination condition is satisfied.,True,True,True,5,0.0,4.041272810440265e-16,0.0,1.4155343563970746e-15,0.9544847596114806,0.9883086708599533,5.265463772434755e-10,-2.81097444394383,13.579336204748577,2.1612184808924737,0.20270633083434553,-2.81097444394383,0.7906830403469468,0.6000273980640224,0.7814109448378466,0.5200829758160571,0.7730823048033114,0.4859683491130806,1.429917024183943,0.7140316508869193,3.75,0.26666666666666666,1.625,0.23076923076923075
0.375,0.35,0.275,0.725,2.0,1.5,0.75,0.5625,0.7,0.5249999999999999,0.55,0.41250000000000003,ok,`gtol` termination condition is satisfied.,True,True,True,5,2.9896015697216847e-14,4.965068306494546e-16,0.0,8.743006318923108e-16,0.9511867020692213,0.9869220960040254,4.8564836681720686e-15,-2.748592633891877,13.374733414994298,2.1286549355326887,0.20129957737869666,-2.748592633891877,0.792712400006555,0.6024125940762111,0.7822778382568821,0.5611072253664999,0.7730823048033113,0.44701557193435015,1.5388927746334997,0.6529844280656499,3.75,0.26666666666666666,1.75,0.2142857142857143
0.375,0.375,0.25,0.75,2.0,1.5,0.75,0.5625,0.75,0.5625,0.5,0.375,ok,`gtol` termination condition is satisfied.,True,True,True,5,1.8601965322712704e-14,5.273559366969494e-16,-2.220446049250313e-16,9.159339953157541e-16,0.9477451988012645,0.9854544953591474,4.705468353571528e-09,-2.6887222223018727,13.185417536358385,2.0985243776419975,0.1998045353872193,-2.6887222223018727,0.7949027204208434,0.6049767321811818,0.7832426647102967,0.6023961745624391,0.7730823048033112,0.4078534535343086,1.647603825437561,0.5921465464656914,3.75,0.26666666666666666,1.875,0.19999999999999998
0.375,0.4,0.225,0.775,2.0,1.5,0.75,0.5625,0.8,0.6000000000000001,0.45,0.3375,ok,`gtol` termination condition is satisfied.,True,True,True,5,4.650491330678176e-15,3.608224830031759e-16,2.220446049250313e-16,1.4710455076283324e-15,0.9441597168721104,0.983906822036868,2.2339378922110924e-09,-2.631245252735969,13.009558383362208,2.0705355241547023,0.19824069527220925,-2.631245252735969,0.797258769338059,0.6077242921902809,0.7843032652722971,0.643969747608922,0.7730823048033114,0.3684620630861045,1.7560302523910782,0.5315379369138955,3.75,0.26666666666666666,2.0,0.18749999999999997
0.375,0.425,0.2,0.8,2.0,1.5,0.75,0.5625,0.85,0.6375,0.4,0.30000000000000004,ok,`gtol` termination condition is satisfied.,True,True,True,5,5.684341886080802e-14,6.407872222066844e-16,-2.220446049250313e-16,9.43689570931383e-16,0.9404285673233325,0.9822792712593001,1.7012672196021033e-09,-2.576049325572055,12.845589995173372,2.044439144663638,0.19662481511355565,-2.576049325572055,0.7997864633483668,0.6106612091511097,0.7854587391972117,0.6858487076400293,0.7730823048033115,0.3288212764542765,1.8641512923599706,0.47117872354572354,3.75,0.26666666666666666,2.125,0.17647058823529413
0.375,0.45,0.175,0.825,2.0,1.5,0.75,0.5625,0.9,0.675,0.35,0.26249999999999996,ok,`gtol` termination condition is satisfied.,True,True,True,5,7.750818884463627e-15,2.7755575615628914e-16,2.220446049250313e-16,1.0547118733938987e-15,0.9365489786618929,0.9805713523143421,1.217427500789118e-09,-2.5230271837160165,12.692161966482178,2.0200203154885896,0.19497132418075486,-2.5230271837160165,0.8024928269930774,0.6137948236242848,0.7867092868368937,0.7280549477898978,0.7730823048033112,0.28891047115096113,1.9719450522101023,0.4110895288490388,3.75,0.26666666666666666,2.25,0.16666666666666666
0.375,0.475,0.15,0.85,2.0,1.5,0.75,0.5625,0.95,0.7124999999999999,0.3,0.22499999999999998,ok,`gtol` termination condition is satisfied.,True,True,True,5,2.7755575615628914e-15,7.021666937153402e-16,-4.440892098500626e-16,8.881784197001252e-16,0.9325171313633821,0.9787819335215935,1.164040348851697e-09,-2.4720763658975082,12.548101155320314,1.9970923252863508,0.19329265903242107,-2.4720763658975082,0.8053859900703736,0.6171338802500018,0.7880561071337048,0.7706117857819093,0.7730823048033113,0.24870823670757558,2.07938821421809,0.3512917632924244,3.75,0.26666666666666666,2.375,0.15789473684210525
0.375,0.5,0.125,0.875,2.0,1.5,0.75,0.5625,1.0,0.75,0.25,0.1875,ok,`gtol` termination condition is satisfied.,True,True,True,5,5.684341886080802e-14,1.0053497077208614e-15,-4.440892098500626e-16,4.996003610813204e-16,0.9283281582634711,0.9769092645285109,3.71712716129255e-10,-2.4230989166604777,12.412381188756044,1.9754918217313804,0.19159954694031012,-2.4230989166604777,0.8084752189558045,0.6206885697920996,0.7895013387723991,0.8135442756742279,0.7730823048033113,0.208192086473343,2.1864557243257723,0.291807913526657,3.75,0.26666666666666666,2.5,0.15
0.375,0.525,0.1,0.9,2.0,1.5,0.75,0.5625,1.05,0.7875000000000001,0.2,0.15000000000000002,ok,`gtol` termination condition is satisfied.,True,True,True,5,9.300982661356352e-15,7.771561172376096e-16,-8.881784197001252e-16,3.3306690738754696e-16,0.9239761131789243,0.9749509784873557,1.070187306464192e-09,-2.376001131541347,12.28409787880605,1.955074898836649,0.18990124700417133,-2.376001131541347,0.8117709804146299,0.6244706131333643,0.7910480381593846,0.8568795501368178,0.7730823048033114,0.16733815815725686,2.2931204498631823,0.23266184184274316,3.75,0.26666666666666666,2.625,0.14285714285714285
0.375,0.55,0.075,0.925,2.0,1.5,0.75,0.5625,1.1,0.8250000000000001,0.15,0.11249999999999999,ok,`gtol` termination condition is satisfied.,True,True,True,4,4.482452620206994e-13,7.771561172376096e-16,-2.220446049250313e-16,1.1102230246251565e-16,0.9194539079434735,0.9729040752341933,1.3716251271983802e-09,-2.3306933386124435,12.16244916987946,1.9357139054902353,0.18820575803285367,-2.3306933386124435,0.8152850386654701,0.6284933885716468,0.7927001904873269,0.9006472075813449,0.7730823048033113,0.1261208905837027,2.3993527924186555,0.17387910941629728,3.75,0.26666666666666666,2.75,0.13636363636363635
0.375,0.575,0.05,0.95,2.0,1.5,0.75,0.5625,1.15,0.8624999999999999,0.1,0.07500000000000001,ok,`gtol` termination condition is satisfied.,True,True,True,5,4.650491330678176e-15,4.577566798522237e-16,-2.220446049250313e-16,1.6653345369377348e-16,0.9147532160058679,0.9707648853252374,1.980682589408447e-09,-2.287089691700274,12.046718563904816,1.9172948074823501,0.18651999865326363,-2.287089691700274,0.8190305886499214,0.6327721065864882,0.7944627526761765,0.9448797606287462,0.7730823048033114,0.08451266322723182,2.5051202393712533,0.11548733677276819,3.75,0.26666666666666666,2.875,0.13043478260869565
0.375,0.6,0.025,0.975,2.0,1.5,0.75,0.5625,1.2,0.8999999999999999,0.05,0.037500000000000006,ok,`gtol` termination condition is satisfied.,True,True,True,5,9.300982661356352e-15,3.510833468576701e-16,-2.220446049250313e-16,1.1102230246251565e-15,0.9098643385874733,0.9685290135373086,1.2729599885566779e-09,-2.245107982595387,11.936261238116515,1.8997149780824303,0.18484996578315885,-2.245107982595387,0.8230224308281052,0.6373240393353495,0.796341729287893,0.9896131659630756,0.7730823048033114,0.042483383072441865,2.610386834036924,0.05751661692755814,3.75,0.26666666666666666,3.0,0.125
0.375,0.625,0.0,1.0,2.0,1.5,0.75,0.5625,1.25,0.9375,0.0,0.0,ok,`gtol` termination condition is satisfied.,True,True,True,4,2.325245665339088e-14,5.551115123125783e-16,-2.220446049250313e-16,1.1657341758564144e-15,0.9047760268927039,0.9661912590668904,2.4575441366557985e-09,-2.2046694527979387,11.83049221988368,1.8828813160046978,0.18320087492357512,-2.2046694527979387,0.8272771956299456,0.6421688158529535,0.7983442848737122,1.034887460964705,nan,nan,2.715112539035295,nan,3.75,0.26666666666666666,3.125,0.12
0.4,0.0,0.6,0.4,2.0,1.5,0.8,0.6000000000000001,0.0,0.0,1.2,0.8999999999999999,ok,`gtol` termination condition is satisfied.,True,True,True,4,5.684341886080802e-14,5.474255194514172e-16,-4.440892098500626e-16,-1.6653345369377348e-16,0.9698606885031724,0.993958593628155,4.359832692326381e-09,-0.9999999931154108,0.0,0.0,1.0,-0.9999999931154108,0.7828324172832413,0.6300724575865806,nan,nan,0.7730823048033112,0.950131561520807,nan,1.449868438479193,4.0,0.25,0.0,nan
0.4,0.025,0.575,0.42500000000000004,2.0,1.5,0.8,0.6000000000000001,0.05,0.037500000000000006,1.15,0.8624999999999999,ok,`gtol` termination condition is satisfied.,True,True,True,5,5.684341886080802e-14,3.608224830031759e-16,-4.440892098500626e-16,4.85722573273506e-16,0.972163674984701,0.9947713237921505,5.247117340144153e-09,-1.2132170994096907,0.0,0.0,1.0,-1.2132170994096907,0.7817604101913511,0.6286955737414833,0.7871683124744113,0.040485379814607814,0.7730823048033113,0.9105876097669274,0.10951462018539221,1.3894123902330724,4.0,0.25,0.125,2.9999999999999996
0.4,0.05,0.55,0.45,2.0,1.5,0.8,0.6000000000000001,0.1,0.07500000000000001,1.1,0.8250000000000001,ok,`gtol` termination condition is satisfied.,True,True,True,5,1.743934249004316e-14,2.220446049250313e-16,0.0,4.440892098500626e-16,0.9738357180070449,0.9951806577384821,5.293891676120776e-09,-1.4160447715573083,0.0,0.0,1.0,-1.4160447715573083,0.7812261144888969,0.6280074745537837,0.7849539927387009,0.08060435433043159,0.7730823048033114,0.8715407356423021,0.21939564566956846,1.328459264357698,4.0,0.25,0.25,1.4999999999999998
0.4,0.075,0.525,0.47500000000000003,2.0,1.5,0.8,0.6000000000000001,0.15,0.11249999999999999,1.05,0.7875000000000001,ok,`gtol` termination condition is satisfied.,True,True,True,5,5.81311416334772e-15,5.551115123125783e-16,0.0,1.3739009929736312e-15,0.9746866894555393,0.9952808016719712,3.917218050756905e-09,-1.6093910478951092,0.0,0.0,1.0,-1.6093910478951092,0.7810959754466607,0.6278396803269979,0.7834008449289915,0.12051882986766965,0.7730823048033114,0.8328177955286468,0.3294811701323303,1.2671822044713532,4.0,0.25,0.375,1.0
0.4,0.1,0.5,0.5,2.0,1.5,0.8,0.6000000000000001,0.2,0.15000000000000002,1.0,0.75,ok,`gtol` termination condition is satisfied.,True,True,True,5,2.6159013735064738e-14,5.095246377785861e-16,0.0,9.783840404509192e-16,0.9732888798163667,0.9951356284259164,1.921458324057022e-09,-1.7940133456466907,0.0,0.0,1.0,-1.7940133456466907,0.7812847050119388,0.6280829930671923,0.7823372577662832,0.1603362506636701,0.7730823048033112,0.7942989186819549,0.43966374933633,1.205701081318045,4.0,0.25,0.5,0.7499999999999999
0.4,0.125,0.475,0.525,2.0,1.5,0.8,0.6000000000000001,0.25,0.1875,0.95,0.7124999999999999,ok,`gtol` termination condition is satisfied.,True,True,True,5,2.092721098805179e-14,4.965068306494546e-16,0.0,6.938893903907228e-16,0.971597758331767,0.9947898789347779,1.9535559520639082e-09,-1.970552391739556,0.0,0.0,1.0,-1.970552391739556,0.7817361087084137,0.628664304100478,0.7816488051019292,0.20013177219895834,0.7730823048033113,0.7558973693230403,0.5498682278010416,1.1441026306769597,4.0,0.25,0.625,0.6
0.4,0.15,0.45,0.55,2.0,1.5,0.8,0.6000000000000001,0.3,0.22499999999999998,0.9,0.675,ok,`gtol` termination condition is satisfied.,True,True,True,5,3.487868498008632e-14,5.23691153334427e-16,0.0,1.1379786002407855e-15,0.9696552831105192,0.9942757054490602,3.738615527219174e-09,-2.1395572842858783,0.0,0.0,1.0,-2.1395572842858783,0.78241238056627,0.6295335398648985,0.7812568171728999,0.23996059322214547,0.7730823048033113,0.7175478610202936,0.6600394067778544,1.0824521389797064,4.0,0.25,0.75,0.5
0.4,0.175,0.425,0.575,2.0,1.5,0.8,0.6000000000000001,0.35,0.26249999999999996,0.85,0.6375,ok,`gtol` termination condition is satisfied.,True,True,True,5,1.9930677131477896e-14,4.335559509131367e-16,0.0,1.9290125052862095e-15,0.9674919141726201,0.993616676745399,4.000674588725477e-09,-2.3015045991254706,0.0,0.0,1.0,-2.3015045991254706,0.7832878206420397,0.6306559372233619,0.781105849743083,0.2798651797008295,0.7730823048033113,0.6791994325293876,0.7701348202991702,1.0208005674706122,4.0,0.25,0.875,0.4285714285714286
0.4,0.2,0.4,0.6000000000000001,2.0,1.5,0.8,0.6000000000000001,0.4,0.30000000000000004,0.8,0.6000000000000001,ok,`gtol` termination condition is satisfied.,True,True,True,5,4.35983562251079e-14,4.440892098500626e-16,-2.220446049250313e-16,1.3877787807814457e-16,0.9651300016827447,0.9928303262402076,1.8344620449398257e-09,-2.4568129968274133,0.0,0.0,1.0,-2.4568129968274133,0.7843449931896654,0.6320072805672129,0.7811560492147636,0.3198796893053637,0.7730823048033114,0.6408109195282792,0.8801203106946365,0.9591890804717209,4.0,0.25,1.0,0.37499999999999994
0.4,0.225,0.375,0.625,2.0,1.5,0.8,0.6000000000000001,0.45,0.3375,0.75,0.5625,ok,`gtol` termination condition is satisfied.,True,True,True,5,1.5501637768927254e-14,7.550332863779066e-16,0.0,7.216449660063518e-16,0.9625860095442619,0.9919298261814455,1.0163962200937715e-09,-2.6058545561186306,0.0,0.0,1.0,-2.6058545561186306,0.7855722957232594,0.6335708635740216,0.7813783360847806,0.36003279086043793,0.7730823048033115,0.6023479697954436,0.9899672091395622,0.8976520302045564,4.0,0.25,1.125,0.3333333333333333
0.4,0.25,0.35,0.65,2.0,1.5,0.8,0.6000000000000001,0.5,0.375,0.7,0.5249999999999999,ok,`gtol` termination condition is satisfied.,True,True,True,5,2.7902947984069054e-14,4.577566798522237e-16,-4.440892098500626e-16,1.3877787807814457e-15,0.9598720134647704,0.9909251177766157,4.091093115983821e-09,-2.7489636062514498,0.0,0.0,1.0,-2.7489636062514498,0.7869623769233494,0.6353354963403031,0.7817512748015989,0.4003495283498761,0.7730823048033112,0.5637810101462862,1.0996504716501239,0.8362189898537137,4.0,0.25,1.25,0.3
0.4,0.275,0.325,0.675,2.0,1.5,0.8,0.6000000000000001,0.55,0.41250000000000003,0.65,0.48750000000000004,ok,`gtol` termination condition is satisfied.,True,True,True,5,5.70742117855958e-14,1.7772239894833365e-16,2.220446049250313e-16,8.881784197001252e-16,0.9569967319565559,0.9898236914476671,2.0566062765794402e-09,-2.886443644064249,0.0,0.0,1.0,-2.886443644064249,0.7885110835101868,0.6372941689095759,0.7822589873280642,0.44085259831472906,0.7730823048033114,0.5250838183060423,1.209147401685271,0.7749161816939577,4.0,0.25,1.375,0.2727272727272727
0.4,0.3,0.3,0.7,2.0,1.5,0.8,0.6000000000000001,0.6,0.44999999999999996,0.6,0.44999999999999996,ok,`gtol` termination condition is satisfied.,True,True,True,5,5.81311416334772e-15,7.021666937153402e-16,2.220446049250313e-16,1.4988010832439613e-15,0.9539662476578291,0.9886311355139898,1.3775317988138216e-09,-2.9250597789941404,13.822178923902737,2.199868100039735,0.2070356415505634,-2.9250597789941404,0.7902167474003766,0.6394431403292129,0.7828897322452599,0.4815632582418752,0.7730823048033113,0.48623248885463854,1.3184367417581246,0.7137675111453614,4.0,0.25,1.5,0.25
0.4,0.325,0.275,0.7250000000000001,2.0,1.5,0.8,0.6000000000000001,0.65,0.48750000000000004,0.55,0.41250000000000003,ok,`gtol` termination condition is satisfied.,True,True,True,5,1.073190307079579e-14,3.608224830031759e-16,0.0,1.3461454173580023e-15,0.9507845176212187,0.987351527521535,5.18720352928217e-10,-2.861846160296201,13.596464393383963,2.1639445167800058,0.2059713776341177,-2.861846160296201,0.7920796983961912,0.6417813119787089,0.783634919865417,0.5225019989056799,0.7730823048033113,0.44720466074229237,1.4274980010943201,0.6527953392577077,4.0,0.25,1.625,0.23076923076923075
0.4,0.35,0.25,0.75,2.0,1.5,0.8,0.6000000000000001,0.7,0.5249999999999999,0.5,0.375,ok,`gtol` termination condition is satisfied.,True,True,True,5,1.9930677131477896e-14,8.899114524108741e-16,0.0,1.2212453270876722e-15,0.9474537359143711,0.9859877159623596,2.9399526697117942e-09,-2.8010347736670025,13.388069209493654,2.130777393147319,0.20478475913734198,-2.8010347736670025,0.7941019308110279,0.6443097965259788,0.7844884202164433,0.563689064716877,0.7730823048033113,0.40797892049959733,1.5363109352831228,0.5920210795004026,4.0,0.25,1.75,0.2142857142857143
0.4,0.375,0.225,0.775,2.0,1.5,0.8,0.6000000000000001,0.75,0.5625,0.45,0.3375,ok,`gtol` termination condition is satisfied.,True,True,True,5,9.300982661356352e-15,4.002966042486721e-16,0.0,1.1657341758564144e-15,0.9439745900022993,0.9845415237465887,9.285608720162644e-10,-2.7425201623065396,13.19488745150035,2.1000315614475022,0.203498051829293,-2.7425201623065396,0.7962868784448286,0.6470316257781606,0.785446072528992,0.6051448771235044,0.7730823048033113,0.3685343237476792,1.6448551228764956,0.5314656762523209,4.0,0.25,1.875,0.19999999999999998
0.4,0.4,0.2,0.8,2.0,1.5,0.8,0.6000000000000001,0.8,0.6000000000000001,0.4,0.30000000000000004,ok,`gtol` termination condition is satisfied.,True,True,True,5,1.743934249004316e-14,1.0235750533041806e-15,-2.220446049250313e-16,5.828670879282072e-16,0.9403464384260536,0.9830138943648946,2.6468240345779386e-09,-2.686201739937788,13.015127938159306,2.0714219463314816,0.20213053307620404,-2.686201739937788,0.798639268487781,0.6499515606572506,0.7865053367517901,0.6468903985817107,0.7730823048033114,0.3288499953686398,1.7531096014182896,0.47115000463136025,4.0,0.25,2.0,0.18749999999999997
0.4,0.425,0.175,0.825,2.0,1.5,0.8,0.6000000000000001,0.85,0.6375,0.35,0.26249999999999996,ok,`gtol` termination condition is satisfied.,True,True,True,5,1.6413498814158268e-14,8.95090418262362e-16,-2.220446049250313e-16,7.771561172376096e-16,0.9365674281240021,0.9814049948644192,2.5211375544525506e-09,-2.631983371039915,12.847254379446404,2.0447040396478955,0.20069893867831198,-2.631983371039915,0.8011650352946273,0.6530759794270727,0.7876650477942767,0.6889474639522687,0.7730823048033112,0.2889047798973147,1.861052536047731,0.41109522010268523,4.0,0.25,2.125,0.17647058823529413
0.4,0.45,0.15,0.8500000000000001,2.0,1.5,0.8,0.6000000000000001,0.9,0.675,0.3,0.22499999999999998,ok,`gtol` termination condition is satisfied.,True,True,True,5,5.684341886080802e-14,4.577566798522237e-16,0.0,1.3877787807814457e-16,0.9326345635189267,0.9797142851763534,5.442145991344374e-15,-2.5797730133768897,12.689938750234624,2.019666479633229,0.19921783003781962,-2.5797730133768897,0.8038712818534453,0.6564128289371585,0.788925246292955,0.7313390997880866,0.7730823048033113,0.24867692075009268,1.9686609002119135,0.3513230792499073,4.0,0.25,2.25,0.16666666666666666
0.4,0.475,0.125,0.875,2.0,1.5,0.8,0.6000000000000001,0.95,0.7124999999999999,0.25,0.1875,ok,`gtol` termination condition is satisfied.,True,True,True,5,5.684341886080802e-14,9.155133597044475e-16,-4.440892098500626e-16,9.159339953157541e-16,0.9285437350977401,0.9779405601457264,7.674945176045811e-10,-2.52948241658789,12.54202451741195,1.996125198325855,0.19769989981270858,-2.52948241658789,0.8067662815456664,0.6599716297075949,0.7902870684443241,0.7740898483846279,0.7730823048033114,0.20814375122619708,2.0759101516153717,0.2918562487738029,4.0,0.25,2.375,0.15789473684210525
0.4,0.5,0.1,0.9,2.0,1.5,0.8,0.6000000000000001,1.0,0.75,0.2,0.15000000000000002,ok,`gtol` termination condition is satisfied.,True,True,True,5,3.487868498008632e-14,4.577566798522237e-16,-2.220446049250313e-16,3.3306690738754696e-16,0.9242897119350443,0.9760819683022547,7.355909358543641e-10,-2.4810268660997323,12.402497267218415,1.9739187467615342,0.19615622975529176,-2.4810268660997323,0.8098595163049791,0.6637635301990926,0.7917526834887522,0.8172261118415931,0.7730823048033115,0.16728138262727757,2.182773888158407,0.23271861737272245,4.0,0.25,2.5,0.15
0.4,0.525,0.075,0.925,2.0,1.5,0.8,0.6000000000000001,1.05,0.7875000000000001,0.15,0.11249999999999999,ok,`gtol` termination condition is satisfied.,True,True,True,5,5.684341886080802e-14,4.440892098500626e-16,-2.220446049250313e-16,5.551115123125783e-17,0.9198660999878358,0.9741360096357343,3.5311176150103566e-10,-2.434324964771373,12.27046097241858,1.9529045177766018,0.1945965107544287,-2.434324964771373,0.8131617500818511,0.6678014092803509,0.7933252717938829,0.8607765313007555,0.7730823048033113,0.12606437580646812,2.289223468699245,0.17393562419353187,4.0,0.25,2.625,0.14285714285714285
0.4,0.55,0.05,0.9500000000000001,2.0,1.5,0.8,0.6000000000000001,1.1,0.8250000000000001,0.1,0.07500000000000001,ok,`gtol` termination condition is satisfied.,True,True,True,5,2.5366316349153687e-14,8.881784197001252e-16,2.220446049250313e-16,1.5265566588595902e-15,0.9152652656792826,0.9720995131652073,2.037393943143057e-09,-2.3892984402635755,12.145118566977397,1.932955654371609,0.193029232792297,-2.3892984402635755,0.8166851389955028,0.672100029213127,0.7950090398432522,0.9047724178211471,0.7730823048033114,0.08446538220037803,2.395227582178853,0.11553461779962199,4.0,0.25,2.75,0.13636363636363635
0.4,0.575,0.025,0.975,2.0,1.5,0.8,0.6000000000000001,1.15,0.8624999999999999,0.05,0.037500000000000006,ok,`gtol` termination condition is satisfied.,True,True,True,5,6.065858257406317e-15,8.95090418262362e-16,0.0,5.551115123125783e-16,0.9104782220217948,0.9699685937390287,1.3080630042649543e-09,-2.3458719739469798,12.025755837258153,1.9139584859158496,0.19146185109166108,-2.3458719739469798,0.8204433820154801,0.6766762448279611,0.7968092712532046,0.949248254082611,0.7730823048033114,0.042454738955019486,2.5007517459173885,0.05754526104498052,4.0,0.25,2.875,0.13043478260869565
0.4,0.6,0.0,1.0,2.0,1.5,0.8,0.6000000000000001,1.2,0.8999999999999999,0.0,0.0,ok,`gtol` termination condition is satisfied.,True,True,True,5,8.71967124502158e-15,4.577566798522237e-16,-2.220446049250313e-16,5.551115123125783e-16,0.9054944720450466,0.967738586116847,2.20754444202838e-09,-2.3039730381263905,11.911727867553601,1.8958103708866372,0.1899009327900028,-2.3039730381263905,0.8244519187519024,0.6815492783522067,0.7987324155811842,0.9942422905343904,nan,nan,2.6057577094656095,nan,4.0,0.25,3.0,0.125
0.425,0.0,0.575,0.425,2.0,1.5,0.85,0.6375,0.0,0.0,1.15,0.8624999999999999,ok,`gtol` termination condition is satisfied.,True,True,True,4,5.684341886080802e-14,7.850462293418876e-16,-4.440892098500626e-16,-1.5265566588595902e-16,0.9671496887299034,0.9925819622568648,0.0,-0.9999999974752426,0.0,0.0,1.0,-0.9999999974752426,0.7846817225285799,0.6719641193486537,nan,nan,0.7730823048033113,0.9141368665430266,nan,1.385863133456973,4.25,0.23529411764705885,0.0,nan
0.425,0.025,0.55,0.45,2.0,1.5,0.85,0.6375,0.05,0.037500000000000006,1.1,0.8250000000000001,ok,`gtol` termination condition is satisfied.,True,True,True,5,2.6159013735064738e-14,4.577566798522237e-16,0.0,4.3021142204224816e-16,0.96956065405857,0.9934195015899625,3.435126156685919e-09,-1.2010012019383696,0.0,0.0,1.0,-1.2010012019383696,0.7835516205645869,0.6704306452751724,0.7907283318200045,0.040777661949772025,0.7730823048033115,0.8744093149905963,0.10922233805022799,1.325590685009404,4.25,0.23529411764705885,0.125,2.9999999999999996
0.425,0.05,0.525,0.475,2.0,1.5,0.85,0.6375,0.1,0.07500000000000001,1.05,0.7875000000000001,ok,`xtol` termination condition is satisfied.,True,True,True,5,9.591638369523738e-14,6.206335383118183e-16,-4.440892098500626e-16,4.0939474033052647e-16,0.9713356755601517,0.9938596102618852,6.2213882840622615e-15,-1.3927858956902657,0.0,0.0,1.0,-1.3927858956902657,0.782963987032497,0.6696311854370015,0.7882859674363636,0.08115484556682975,0.7730823048033114,0.8351631654888058,0.2188451544331703,1.2648368345111942,4.25,0.23529411764705885,0.25,1.4999999999999998
0.425,0.075,0.5,0.5,2.0,1.5,0.85,0.6375,0.15,0.11249999999999999,1.0,0.75,ok,`gtol` termination condition is satisfied.,True,True,True,5,1.162622832669544e-14,4.577566798522237e-16,-4.440892098500626e-16,6.522560269672795e-16,0.9709269653108178,0.993992839822187,3.781339598487096e-09,-1.5761271456772397,0.0,0.0,1.0,-1.5761271456772397,0.782786947702377,0.6693900387311107,0.7865438333502378,0.12130149192034782,0.7730823048033112,0.7962311609667041,0.3286985080796521,1.203768839033296,4.25,0.23529411764705885,0.375,1.0
0.425,0.1,0.475,0.525,2.0,1.5,0.85,0.6375,0.2,0.15000000000000002,0.95,0.7124999999999999,ok,`gtol` termination condition is satisfied.,True,True,True,5,2.7755575615628914e-15,2.9275225451776116e-16,-4.440892098500626e-16,-1.1102230246251565e-16,0.9695468976293053,0.9938811532597829,5.322538834468686e-10,-1.7516741757862253,0.0,0.0,1.0,-1.7516741757862253,0.7829353332738284,0.6695921651195709,0.7853237062604868,0.16133139203759936,0.7730823048033112,0.7574963019931661,0.4386686079624007,1.1425036980068337,4.25,0.23529411764705885,0.5,0.7499999999999999
0.425,0.125,0.45,0.55,2.0,1.5,0.85,0.6375,0.25,0.1875,0.9,0.675,ok,`gtol` termination condition is satisfied.,True,True,True,5,5.684341886080802e-14,8.675560052622147e-16,-4.440892098500626e-16,2.7755575615628914e-16,0.9678676414392745,0.9935682853570088,5.938546038504866e-09,-1.9199790023868535,0.0,0.0,1.0,-1.9199790023868535,0.7833524835236192,0.6701598881609062,0.7845055465134635,0.20132464100058065,0.7730823048033112,0.7188731646078428,0.5486753589994193,1.0811268353921573,4.25,0.23529411764705885,0.625,0.6
0.425,0.15,0.425,0.575,2.0,1.5,0.85,0.6375,0.3,0.22499999999999998,0.85,0.6375,ok,`gtol` termination condition is satisfied.,True,True,True,5,1.0723989417128155e-16,3.885780586188048e-16,0.0,2.498001805406602e-16,0.96593109485807,0.993085866140714,1.5015618136743803e-09,-2.0815165607564374,0.0,0.0,1.0,-2.0815165607564374,0.7839999484415429,0.6710396138906349,0.784006115653355,0.24134029636939233,0.7730823048033113,0.6802969306825857,0.6586597036306076,1.0197030693174143,4.25,0.23529411764705885,0.75,0.5
0.425,0.175,0.4,0.6,2.0,1.5,0.85,0.6375,0.35,0.26249999999999996,0.8,0.6000000000000001,ok,`gtol` termination condition is satisfied.,True,True,True,5,1.9930677131477896e-14,4.47545209131181e-16,-4.440892098500626e-16,4.718447854656915e-16,0.9637678260133363,0.9924572063494219,2.737668262458381e-09,-2.2367001878308126,0.0,0.0,1.0,-2.2367001878308126,0.7848513749000876,0.6721938884588996,0.7837663133782952,0.2814238772263266,0.7730823048033114,0.6417166325223344,0.7685761227736732,0.9582833674776657,4.25,0.23529411764705885,0.875,0.4285714285714286
0.425,0.2,0.375,0.625,2.0,1.5,0.85,0.6375,0.4,0.30000000000000004,0.75,0.5625,ok,`gtol` termination condition is satisfied.,True,True,True,5,2.6159013735064738e-14,7.771561172376096e-16,-2.220446049250313e-16,1.0685896612017132e-15,0.9614003539472197,0.9916997260687895,1.077986947345025e-09,-2.385893545459715,0.0,0.0,1.0,-2.385893545459715,0.7858887321142205,0.6735964574127057,0.78374337850566,0.321612000883843,0.7730823048033114,0.6030908208239696,0.8783879991161572,0.8969091791760304,4.25,0.23529411764705885,1.0,0.37499999999999994
0.425,0.225,0.35,0.65,2.0,1.5,0.85,0.6375,0.45,0.3375,0.7,0.5249999999999999,ok,`gtol` termination condition is satisfied.,True,True,True,5,7.750818884463627e-15,3.885780586188048e-16,-4.440892098500626e-16,2.7755575615628914e-16,0.9588453170300508,0.9908265619518337,6.646863096065114e-10,-2.5294200429909215,0.0,0.0,1.0,-2.5294200429909215,0.787099903682852,0.6752290903591536,0.7839059230430533,0.3619353615150288,0.7730823048033111,0.5643846861958002,0.9880646384849713,0.8356153138041997,4.25,0.23529411764705885,1.125,0.3333333333333333
0.425,0.25,0.325,0.675,2.0,1.5,0.85,0.6375,0.5,0.375,0.65,0.48750000000000004,ok,`gtol` termination condition is satisfied.,True,True,True,5,2.7902947984069054e-14,5.661048867003676e-16,-2.220446049250313e-16,4.440892098500626e-16,0.9561149425622755,0.9898476588518467,1.8547262824688118e-09,-2.667570265679086,0.0,0.0,1.0,-2.667570265679086,0.7884771095617913,0.6770794850441063,0.784230678921712,0.4024207130831383,0.7730823048033114,0.5255680836610526,1.0975792869168617,0.7744319163389475,4.25,0.23529411764705885,1.25,0.3
0.425,0.275,0.3,0.7,2.0,1.5,0.85,0.6375,0.55,0.41250000000000003,0.6,0.44999999999999996,ok,`gtol` termination condition is satisfied.,True,True,True,5,5.684341886080802e-14,5.551115123125783e-16,-4.440892098500626e-16,9.43689570931383e-16,0.9532180631289842,0.9887705274519814,5.778743213360983e-10,-2.8006078634700615,0.0,0.0,1.0,-2.8006078634700615,0.7900158495568443,0.6791398544754148,0.7847003142558806,0.44309223638578327,0.7730823048033113,0.48661413460775055,1.206907763614217,0.7133858653922494,4.25,0.23529411764705885,1.375,0.2727272727272727
0.425,0.3,0.275,0.725,2.0,1.5,0.85,0.6375,0.6,0.44999999999999996,0.55,0.41250000000000003,ok,`gtol` termination condition is satisfied.,True,True,True,5,5.684341886080802e-14,1.2412670766236366e-16,0.0,1.2212453270876722e-15,0.9501608303387089,0.987600779337781,2.712267169081946e-10,-2.9287742600437223,0.0,0.0,1.0,-2.9287742600437223,0.791714184874884,0.6814059600022707,0.7853019370748275,0.48397251623894116,0.7730823048033114,0.4474982066880716,1.3160274837610586,0.6525017933119285,4.25,0.23529411764705885,1.5,0.25
0.425,0.325,0.25,0.75,2.0,1.5,0.85,0.6375,0.65,0.48750000000000004,0.5,0.375,ok,`gtol` termination condition is satisfied.,True,True,True,5,2.146380614159158e-14,6.112531465858672e-16,0.0,6.522560269672795e-16,0.9469472209530905,0.9863425098829413,1.0009997565790683e-14,-2.908367505029883,13.60982620389098,2.166071114970855,0.20897782328211434,-2.908367505029883,0.793572245345842,0.6838764443236045,0.7860260526806314,0.5250832680014568,0.7730823048033113,0.40819714536213214,1.4249167319985434,0.5918028546378679,4.25,0.23529411764705885,1.625,0.23076923076923075
0.42500000000000004,0.35000000000000003,0.22500000000000003,0.7750000000000001,2.0,1.5,0.8499999999999999,0.6375,0.7,0.5249999999999999,0.44999999999999996,0.33749999999999997,ok,`gtol` termination condition is satisfied.,True,True,True,5,9.965338565738948e-15,6.497413668604471e-16,0.0,1.3877787807814457e-15,0.9435793967295263,0.9849985744667711,1.449599440401431e-09,-2.8491070641184857,13.398048121656156,2.132365586344661,0.2079999812982865,-2.8491070641184857,0.7955918917676816,0.6865523722901008,0.7868658277241471,0.566445902087606,0.7730823048033114,0.368688674601498,1.5335540979123936,0.5313113253985019,4.249999999999999,0.23529411764705888,1.75,0.2142857142857143
0.425,0.375,0.2,0.8,2.0,1.5,0.85,0.6375,0.75,0.5625,0.4,0.30000000000000004,ok,`gtol` termination condition is satisfied.,True,True,True,5,1.8601965322712704e-14,6.061909215660398e-16,-2.220446049250313e-16,5.551115123125783e-16,0.9400579582737019,0.9835707880557772,4.5818054049831567e-10,-2.7919509313045117,13.201390945241373,2.101066624623753,0.20691241148704284,-2.7919509313045117,0.7977764882451496,0.6894369202940605,0.7878165666197843,0.6080819849453989,0.7730823048033114,0.3289509111642349,1.641918015054601,0.47104908883576513,4.25,0.23529411764705885,1.875,0.19999999999999998
0.425,0.4,0.175,0.825,2.0,1.5,0.85,0.6375,0.8,0.6000000000000001,0.35,0.26249999999999996,ok,`gtol` termination condition is satisfied.,True,True,True,5,8.71967124502158e-15,8.881784197001252e-16,-2.220446049250313e-16,6.106226635438361e-16,0.9363821196865192,0.9820600682606937,2.613776232117359e-09,-2.736812775092579,13.018100546098454,2.071895051578871,0.2057340620615038,-2.736812775092579,0.8001307553143915,0.6925351757981195,0.7888753385312414,0.6500136366695567,0.7730823048033112,0.2889619536645392,1.7499863633304438,0.41103804633546076,4.25,0.23529411764705885,2.0,0.18749999999999997
0.425,0.425,0.15,0.85,2.0,1.5,0.85,0.6375,0.85,0.6375,0.3,0.22499999999999998,ok,`gtol` termination condition is satisfied.,True,True,True,5,1.6413498814158268e-14,7.021666937153402e-16,-4.440892098500626e-16,1.1102230246251565e-15,0.9325498218387116,0.9804665354469141,4.101631462093599e-15,-2.68360987883812,12.846669096743788,2.044610889012668,0.2044815138448064,-2.68360987883812,0.8026606849399287,0.6958540220732291,0.7900407139382575,0.6922638942624533,0.7730823048033113,0.24869951825598624,1.8577361057375466,0.35130048174401374,4.25,0.23529411764705885,2.125,0.17647058823529413
0.425,0.45,0.125,0.875,2.0,1.5,0.85,0.6375,0.9,0.675,0.25,0.1875,ok,`gtol` termination condition is satisfied.,True,True,True,5,5.684341886080802e-14,7.575797802392804e-16,-4.440892098500626e-16,-3.885780586188048e-16,0.9285577959674374,0.9787895790439405,1.6929209450278268e-15,-2.632262829288012,12.685790287023087,2.019006231206878,0.20316931755159232,-2.632262829288012,0.8053735053754119,0.6994020923657259,0.7913125833844437,0.7348570628959321,0.7730823048033113,0.20814059936836227,1.965142937104068,0.29185940063163773,4.25,0.23529411764705885,2.25,0.16666666666666666
0.42500000000000004,0.47500000000000003,0.10000000000000002,0.9000000000000001,2.0,1.5,0.8499999999999999,0.6375,0.9499999999999998,0.7124999999999999,0.19999999999999998,0.15,ok,`gtol` termination condition is satisfied.,True,True,True,5,7.342881048439227e-15,6.497413668604471e-16,0.0,1.5543122344752192e-15,0.9244015848898506,0.9770278960836197,2.6569807744215674e-09,-2.5826952491769495,12.534323911979513,1.9948996089064823,0.20181027442696753,-2.5826952491769495,0.8082776887337302,0.7031897842197025,0.7926920401561923,0.7778190738494608,0.7730823048033112,0.16726113789504804,2.072180926150539,0.23273886210495193,4.249999999999999,0.23529411764705888,2.3749999999999996,0.15789473684210528
0.425,0.5,0.075,0.925,2.0,1.5,0.85,0.6375,1.0,0.75,0.15,0.11249999999999999,ok,`gtol` termination condition is satisfied.,True,True,True,5,5.684341886080802e-14,5.661048867003676e-16,0.0,6.661338147750939e-16,0.9200755257828579,0.9751795057017563,1.0918673952934985e-09,-2.5348335681981995,12.391267507654604,1.9721314750172203,0.20041567318967002,-2.5348335681981995,0.8113829977513688,0.7072293296323542,0.7941813150272771,0.8211778662639864,0.7730823048033113,0.12603568127934786,2.1788221337360136,0.17396431872065213,4.25,0.23529411764705885,2.5,0.15
0.425,0.525,0.05,0.95,2.0,1.5,0.85,0.6375,1.05,0.7875000000000001,0.1,0.07500000000000001,ok,`gtol` termination condition is satisfied.,True,True,True,5,2.6574236175303862e-14,9.238896857051836e-16,-6.661338147750939e-16,8.604228440844963e-16,0.915572695719832,0.973241741534639,2.4716991945197624e-15,-2.488606821644858,12.255733365682552,1.9505605463646496,0.19899549220644525,-2.488606821644858,0.8147005712106639,0.7115349208482519,0.795783755880098,0.8649638100348388,0.7730823048033114,0.08443702050283476,2.2850361899651617,0.11556297949716525,4.25,0.23529411764705885,2.625,0.14285714285714285
0.425,0.55,0.025,0.9750000000000001,2.0,1.5,0.85,0.6375,1.1,0.8250000000000001,0.05,0.037500000000000006,ok,`gtol` termination condition is satisfied.,True,True,True,5,5.684341886080802e-14,7.021666937153402e-16,0.0,1.2212453270876722e-15,0.9108848186365021,0.9712112223972531,4.03552677363577e-09,-2.4439464766819126,12.126929659790047,1.9300607998833026,0.19755857486080805,-2.4439464766819126,0.8182430502053795,0.7161228954478559,0.7975038486833118,0.9092101889447006,0.7730823048033114,0.04243578820209857,2.3907898110552996,0.057564211797901436,4.25,0.23529411764705885,2.75,0.13636363636363635
0.425,0.575,0.0,1.0,2.0,1.5,0.85,0.6375,1.15,0.8624999999999999,0.0,0.0,ok,`gtol` termination condition is satisfied.,True,True,True,5,6.065858257406317e-15,4.041272810440265e-16,0.0,1.0547118733938987e-15,0.9060021298227304,0.9690838001574895,3.2398739887355246e-10,-2.400786274845173,12.004144730475769,1.9105189714457465,0.19611278351968833,-2.400786274845173,0.8220247502382467,0.721011988425519,0.7993472794687735,0.9539537666292561,nan,nan,2.496046233370744,nan,4.25,0.23529411764705885,2.875,0.13043478260869565
0.45,0.0,0.55,0.45,2.0,1.5,0.9,0.675,0.0,0.0,1.1,0.8250000000000001,ok,`gtol` termination condition is satisfied.,True,True,True,4,5.684341886080802e-14,2.9893669801409083e-16,-2.220446049250313e-16,7.216449660063518e-16,0.9643517743337815,0.9911762754482233,1.9377057566646478e-09,-0.9999999955375368,0.0,0.0,1.0,-0.9999999955375368,0.7866128469436999,0.7142539422961721,nan,nan,0.7730823048033113,0.8779608079537978,nan,1.3220391920462022,4.5,0.22222222222222224,0.0,nan
0.45,0.025,0.525,0.47500000000000003,2.0,1.5,0.9,0.675,0.05,0.037500000000000006,1.05,0.7875000000000001,ok,`gtol` termination condition is satisfied.,True,True,True,5,6.103769871515106e-14,5.117875266520903e-16,0.0,1.4710455076283324e-15,0.9668753908503217,0.9920399011440112,8.9415873928401e-09,-1.190111113587825,0.0,0.0,1.0,-1.190111113587825,0.7854213252487755,0.7125511704808764,0.794541035964826,0.04108807833375842,0.7730823048033115,0.8380436374305779,0.10891192166624161,1.2619563625694221,4.5,0.22222222222222224,0.125,2.9999999999999996
0.45,0.05,0.5,0.5,2.0,1.5,0.9,0.675,0.1,0.07500000000000001,1.0,0.75,ok,`gtol` termination condition is satisfied.,True,True,True,5,5.684341886080802e-14,3.3306690738754696e-16,-2.220446049250313e-16,3.885780586188048e-16,0.9680546858794672,0.9925105917831354,2.1392220946534246e-08,-1.3719938467194461,0.0,0.0,1.0,-1.3719938467194461,0.7847787357604963,0.7116305539022139,0.791855882279599,0.08173944376801616,0.7730823048033113,0.7985936291408728,0.21826055623198387,1.2014063708591272,4.5,0.22222222222222224,0.25,1.4999999999999998
0.45,0.075,0.475,0.525,2.0,1.5,0.9,0.675,0.15,0.11249999999999999,0.95,0.7124999999999999,ok,`gtol` termination condition is satisfied.,True,True,True,5,5.684341886080802e-14,6.131407058289218e-16,-2.220446049250313e-16,1.3600232051658168e-15,0.9670547269948983,0.9926759018117611,2.192714437868352e-09,-1.5463124191526927,0.0,0.0,1.0,-1.5463124191526927,0.7845542012796084,0.7113084742592487,0.7899125308440255,0.1221327253878367,0.7730823048033111,0.7594484252668569,0.32786727461216325,1.1405515747331432,4.5,0.22222222222222224,0.375,1.0
0.45,0.1,0.45,0.55,2.0,1.5,0.9,0.675,0.2,0.15000000000000002,0.9,0.675,ok,`gtol` termination condition is satisfied.,True,True,True,5,8.71967124502158e-15,2.7755575615628914e-16,0.0,1.3322676295501878e-15,0.9656911116911342,0.9925962257123835,5.16464540557411e-10,-1.7136281957635164,0.0,0.0,1.0,-1.7136281957635164,0.784662347704877,0.7114636290577816,0.7885256053560569,0.16238849167877445,0.7730823048033112,0.7204934019787437,0.43761150832122564,1.0795065980212564,4.5,0.22222222222222224,0.5,0.7499999999999999
0.45,0.125,0.425,0.575,2.0,1.5,0.9,0.675,0.25,0.1875,0.85,0.6375,ok,`gtol` termination condition is satisfied.,True,True,True,5,2.092721098805179e-14,3.3306690738754696e-16,0.0,5.412337245047638e-16,0.9640219528786916,0.9923144754017306,4.3935890281483566e-09,-1.8744207723498816,0.0,0.0,1.0,-1.8744207723498816,0.7850458880696558,0.7120134965043745,0.787569106695645,0.20259209030242348,0.7730823048033114,0.6816441857164883,0.5474079096975766,1.0183558142835116,4.5,0.22222222222222224,0.625,0.6
0.45,0.15,0.4,0.6,2.0,1.5,0.9,0.675,0.3,0.22499999999999998,0.8,0.6000000000000001,ok,`gtol` termination condition is satisfied.,True,True,True,5,1.162622832669544e-14,3.7238012298709097e-16,0.0,1.7069679003611782e-15,0.9620892010164876,0.991861858826201,1.0467825140444398e-09,-2.029104365182216,0.0,0.0,1.0,-2.029104365182216,0.7856656458704395,0.7129007683793768,0.786954983549146,0.24280668026456384,0.7730823048033114,0.6428362808658636,0.657193319735436,0.9571637191341364,4.5,0.22222222222222224,0.75,0.5
0.45,0.175,0.375,0.625,2.0,1.5,0.9,0.675,0.35,0.26249999999999996,0.75,0.5625,ok,`gtol` termination condition is satisfied.,True,True,True,5,9.965338565738948e-15,5.4672143489065705e-16,2.220446049250313e-16,1.27675647831893e-15,0.9599235924365723,0.9912614832045877,3.825172727322299e-09,-2.178040368859764,0.0,0.0,1.0,-2.178040368859764,0.7864945728757223,0.7140851607587955,0.7866202960969111,0.28308103075078794,0.7730823048033114,0.6040186252019794,0.7669189692492119,0.8959813747980206,4.5,0.22222222222222224,0.875,0.4285714285714286
0.45,0.2,0.35,0.65,2.0,1.5,0.9,0.675,0.4,0.30000000000000004,0.7,0.5249999999999999,ok,`gtol` termination condition is satisfied.,True,True,True,5,5.684341886080802e-14,5.551115123125783e-16,0.0,1.5265566588595902e-15,0.9575478448216553,0.9905306838355846,7.041522614058591e-10,-2.32154733836788,0.0,0.0,1.0,-2.32154733836788,0.7875140237960492,0.7155382796138497,0.7865192327580445,0.32345438471670696,0.7730823048033112,0.5651494244270471,0.8765456152832932,0.8348505755729528,4.5,0.22222222222222224,1.0,0.37499999999999994
0.45,0.225,0.325,0.675,2.0,1.5,0.9,0.675,0.45,0.3375,0.65,0.48750000000000004,ok,`gtol` termination condition is satisfied.,True,True,True,5,2.7755575615628914e-15,9.453208419344607e-16,-4.440892098500626e-16,5.412337245047638e-16,0.954978782191395,0.9896825750071375,6.522489496634757e-10,-2.4599087662409693,0.0,0.0,1.0,-2.4599087662409693,0.7887113623595299,0.7172402991115181,0.7866179839480689,0.3639596063639986,0.7730823048033113,0.5261933641803589,0.9860403936360015,0.7738066358196412,4.5,0.22222222222222224,1.125,0.3333333333333333
0.45,0.25,0.3,0.7,2.0,1.5,0.9,0.675,0.5,0.375,0.6,0.44999999999999996,ok,`gtol` termination condition is satisfied.,True,True,True,5,1.3951473992034527e-14,6.661338147750939e-16,0.0,8.049116928532385e-16,0.95222878248353,0.9887271090704652,3.3411092899135557e-09,-2.593379420774522,0.0,0.0,1.0,-2.593379420774522,0.7900783828095402,0.7191777569415356,0.7868913591042082,0.4046252899231349,0.7730823048033113,0.4871196832259264,1.0953747100768652,0.7128803167740736,4.5,0.22222222222222224,1.25,0.3
0.45,0.275,0.275,0.7250000000000001,2.0,1.5,0.9,0.675,0.55,0.41250000000000003,0.55,0.41250000000000003,ok,`gtol` termination condition is satisfied.,True,True,True,5,5.684341886080802e-14,4.041272810440265e-16,0.0,1.1102230246251565e-15,0.9493067828043814,0.9876718148002267,1.7053473432831215e-09,-2.7221903345509926,0.0,0.0,1.0,-2.7221903345509926,0.7916102477065362,0.721342061461972,0.7873205013366323,0.445477221660735,0.7730823048033115,0.4479008001878346,1.2045227783392651,0.6520991998121655,4.5,0.22222222222222224,1.375,0.2727272727272727
0.45,0.3,0.25,0.75,2.0,1.5,0.9,0.675,0.6,0.44999999999999996,0.5,0.375,ok,`gtol` termination condition is satisfied.,True,True,True,5,1.743934249004316e-14,5.551115123125783e-16,2.220446049250313e-16,1.0269562977782698e-15,0.9462189874699234,0.9865223207516117,8.012049539692782e-10,-2.8465529057244225,0.0,0.0,1.0,-2.8465529057244225,0.7933047627582668,0.7237284666184514,0.7878913128192011,0.4865394301983766,0.7730823048033114,0.40851130395852725,1.3134605698016233,0.5914886960414727,4.5,0.22222222222222224,1.5,0.25
0.45,0.325,0.225,0.775,2.0,1.5,0.9,0.675,0.65,0.48750000000000004,0.45,0.3375,ok,`gtol` termination condition is satisfied.,True,True,True,5,1.6097854606193685e-14,2.482534153247273e-16,0.0,8.326672684688674e-16,0.942969370862995,0.9852827307390858,1.2593261982170886e-09,-2.95106288135431,13.619630764826251,2.167631559308549,0.21176314024259887,-2.95106288135431,0.795161878149111,0.7263353634518446,0.788593352296617,0.527834970982336,0.7730823048033113,0.3689271867262324,1.4221650290176642,0.5310728132737677,4.5,0.22222222222222224,1.625,0.23076923076923075
0.45,0.35,0.2,0.8,2.0,1.5,0.9,0.675,0.7,0.5249999999999999,0.4,0.30000000000000004,ok,`gtol` termination condition is satisfied.,True,True,True,5,9.965338565738948e-15,7.216449660063518e-16,-2.220446049250313e-16,4.996003610813204e-16,0.9395600347583494,0.9839558950601218,9.532009091748556e-10,-2.8933210795521145,13.40482369889187,2.1334439529540257,0.21098312292435878,-2.8933210795521145,0.7971833466213185,0.7291637923622054,0.7894190537906646,0.5693865384301112,0.7730823048033112,0.329125239986243,1.5306134615698883,0.47087476001375705,4.5,0.22222222222222224,1.75,0.2142857142857143
0.45,0.375,0.175,0.825,2.0,1.5,0.9,0.675,0.75,0.5625,0.35,0.26249999999999996,ok,`gtol` termination condition is satisfied.,True,True,True,5,9.300982661356352e-15,7.447602459741819e-16,-2.220446049250313e-16,-5.828670879282072e-16,0.935991459423744,0.9825436063493396,9.044666915684139e-10,-2.837510814765971,13.205030395931312,2.101645861191196,0.2100855522845586,-2.837510814765971,0.7993724935208874,0.7322171143547254,0.7903631689866925,0.6112169678923007,0.7730823048033111,0.28908255941538663,1.6387830321076993,0.4109174405846133,4.5,0.22222222222222224,1.875,0.19999999999999998
0.45,0.4,0.15,0.8500000000000001,2.0,1.5,0.9,0.675,0.8,0.6000000000000001,0.3,0.22499999999999998,ok,`gtol` termination condition is satisfied.,True,True,True,5,2.6159013735064738e-14,4.577566798522237e-16,0.0,1.1102230246251565e-15,0.9322626746372696,0.9810467394457725,1.2907614045532891e-09,-2.783557515815872,13.018531738208587,2.071963677934621,0.2090889772585734,-2.783557515815872,0.8017340697726575,0.7355008011168015,0.7914223691713365,0.6533496704558431,0.7730823048033113,0.24877612045471198,1.746650329544157,0.351223879545288,4.5,0.22222222222222224,2.0,0.18749999999999997
0.45,0.425,0.125,0.875,2.0,1.5,0.9,0.675,0.85,0.6375,0.25,0.1875,ok,`gtol` termination condition is satisfied.,True,True,True,5,1.5460489021745256e-16,3.1401849173675503e-16,-2.220446049250313e-16,8.049116928532385e-16,0.928371367963968,0.9794653483534138,1.641209375179954e-09,-2.7313895761001374,12.84384696022162,2.044161732035085,0.20800973663491598,-2.7313895761001374,0.804274169020711,0.7390223179773577,0.7925949640153035,0.6958090319678524,0.7730823048033112,0.20818239647426204,1.8541909680321473,0.29181760352573793,4.5,0.22222222222222224,2.125,0.17647058823529413
0.45,0.45,0.1,0.9,2.0,1.5,0.9,0.675,0.9,0.675,0.2,0.15000000000000002,ok,`gtol` termination condition is satisfied.,True,True,True,5,5.684341886080802e-14,1.0934428697813141e-15,-4.440892098500626e-16,6.106226635438361e-16,0.9243139415333389,0.9777987290614575,1.1763707774514302e-09,-2.68093808638681,12.679690543177589,2.018035426822273,0.20686227186419975,-2.68093808638681,0.8070001971341312,0.7427910835166037,0.7938807086096277,0.7386208007535983,0.7730823048033114,0.16727699757959938,1.961379199246402,0.23272300242040064,4.5,0.22222222222222224,2.25,0.16666666666666666
0.45,0.475,0.075,0.925,2.0,1.5,0.9,0.675,0.95,0.7124999999999999,0.15,0.11249999999999999,ok,`gtol` termination condition is satisfied.,True,True,True,5,5.684341886080802e-14,6.938893903907228e-16,2.220446049250313e-16,1.7763568394002505e-15,0.9200855241156894,0.9760454539208956,3.754820815630087e-10,-2.6321365950475695,12.524938022859134,1.9934057982576616,0.20565938724345798,-2.6321365950475695,0.8099208872478618,0.7468184966129173,0.7952806797482117,0.781812484789228,0.7730823048033113,0.12603431168200388,2.068187515210772,0.1739656883179961,4.5,0.22222222222222224,2.375,0.15789473684210525
0.45,0.5,0.05,0.95,2.0,1.5,0.9,0.675,1.0,0.75,0.1,0.07500000000000001,ok,`gtol` termination condition is satisfied.,True,True,True,5,2.7902947984069054e-14,8.005932084973442e-16,-2.220446049250313e-16,9.992007221626409e-16,0.9156799418346329,0.9742033809718167,3.601982064617442e-10,-2.5849208991633352,12.378598532173472,1.9701151449454881,0.20441246966725962,-2.5849208991633352,0.8130463573160687,0.7511180271767409,0.7967972092121415,0.8254137777198531,0.7730823048033112,0.08442713108407544,2.174586222280147,0.11557286891592457,4.5,0.22222222222222224,2.5,0.15
0.45,0.525,0.025,0.9750000000000001,2.0,1.5,0.9,0.675,1.05,0.7875000000000001,0.05,0.037500000000000006,ok,`gtol` termination condition is satisfied.,True,True,True,5,3.8754094422318134e-15,5.578801654593729e-16,0.0,7.216449660063518e-16,0.9110896479046571,0.9722696397589092,2.692965836049912e-15,-2.539228856482592,12.23979247566484,1.9480234749210465,0.2031316764374815,-2.539228856482592,0.8163882103659681,0.755705371517684,0.7984338668439523,0.86945703368517,0.7730823048033114,0.042426247876993346,2.2805429663148304,0.05757375212300666,4.5,0.22222222222222224,2.625,0.14285714285714285
0.45,0.55,0.0,1.0,2.0,1.5,0.9,0.675,1.1,0.8250000000000001,0.0,0.0,ok,`gtol` termination condition is satisfied.,True,True,True,5,3.8754094422318134e-15,8.08254562088053e-16,0.0,1.2212453270876722e-15,0.9063056089797048,0.9702405935241663,2.3315765099478002e-09,-2.495000219949545,12.107733134421366,1.927005577980688,0.20182609857561903,-2.495000219949545,0.8199596806818477,0.7605986778322547,0.8001954902405746,0.913977813354135,nan,nan,2.3860221866458655,nan,4.5,0.22222222222222224,2.75,0.13636363636363635
0.475,0.0,0.525,0.475,2.0,1.5,0.95,0.7124999999999999,0.0,0.0,1.05,0.7875000000000001,ok,`gtol` termination condition is satisfied.,True,True,True,4,5.684341886080802e-14,5.978733960281817e-16,-4.440892098500626e-16,8.326672684688674e-16,0.9614629847443309,0.9897398532306322,7.342882516946786e-09,-1.0000000048181252,0.0,0.0,1.0,-1.0000000048181252,0.7886300199492696,0.7569650918939259,nan,nan,0.7730823048033114,0.8415927971791116,nan,1.2584072028208886,4.75,0.2105263157894737,0.0,nan
0.475,0.025,0.5,0.5,2.0,1.5,0.95,0.7124999999999999,0.05,0.037500000000000006,1.0,0.75,ok,`gtol` termination condition is satisfied.,True,True,True,5,7.847704120519421e-14,3.885780586188048e-16,0.0,1.1934897514720433e-15,0.9641041416914775,0.9906308786888511,3.4207432361953673e-09,-1.1803422080205435,0.0,0.0,1.0,-1.1803422080205435,0.7873735789646324,0.7550793298573756,0.7986205484604149,0.0414177532242145,0.7730823048033113,0.8014798198453501,0.10858224677578551,1.19852018015465,4.75,0.2105263157894737,0.125,2.9999999999999996
0.475,0.05,0.475,0.525,2.0,1.5,0.95,0.7124999999999999,0.1,0.07500000000000001,0.95,0.7124999999999999,ok,`xtol` termination condition is satisfied.,True,True,True,5,6.975736996017264e-14,1.7554167342883506e-16,0.0,1.8041124150158794e-15,0.9640430767974257,0.9911321452785234,3.0813617330952733e-09,-1.3532960982452515,0.0,0.0,1.0,-1.3532960982452515,0.7866741638630836,0.7540270580770189,0.7956770736036639,0.08236023859500352,0.7730823048033113,0.761820926096927,0.21763976140499652,1.138179073903073,4.75,0.2105263157894737,0.25,1.4999999999999998
0.475,0.075,0.45,0.5499999999999999,2.0,1.5,0.95,0.7124999999999999,0.15,0.11249999999999999,0.9,0.675,ok,`gtol` termination condition is satisfied.,True,True,True,5,7.342881048439225e-15,3.3306690738754696e-16,-4.440892098500626e-16,9.71445146547012e-16,0.9630653182170389,0.9913287695868166,1.9801556217372566e-09,-1.5194372575122546,0.0,0.0,1.0,-1.5194372575122546,0.7864012851549614,0.7536159988664456,0.7935195938327968,0.12301545993036853,0.7730823048033113,0.722457824159938,0.3269845400696314,1.077542175840062,4.75,0.2105263157894737,0.375,1.0
0.475,0.1,0.425,0.575,2.0,1.5,0.95,0.7124999999999999,0.2,0.15000000000000002,0.85,0.6375,ok,`gtol` termination condition is satisfied.,True,True,True,5,8.71967124502158e-15,6.112531465858672e-16,0.0,1.27675647831893e-15,0.9617170728690916,0.9912798759256561,9.612450235304708e-15,-1.679254786656059,0.0,0.0,1.0,-1.679254786656059,0.7864690630233424,0.7537181254431212,0.7919550356328499,0.1635112259733761,0.7730823048033113,0.6832778346363634,0.436488774026624,1.0167221653636367,4.75,0.2105263157894737,0.5,0.7499999999999999
0.475,0.125,0.4,0.6,2.0,1.5,0.95,0.7124999999999999,0.25,0.1875,0.8,0.6000000000000001,ok,`gtol` termination condition is satisfied.,True,True,True,5,2.7902947984069054e-14,5.661048867003676e-16,0.0,1.1934897514720433e-15,0.9600564131553249,0.991027717964269,9.010500793471067e-10,-1.8331685401903426,0.0,0.0,1.0,-1.8331685401903426,0.7868194274093674,0.7542457617374623,0.7908510820801391,0.20393847617789937,0.7730823048033114,0.6441973985778576,0.5460615238221006,0.9558026014221425,4.75,0.2105263157894737,0.625,0.6
0.475,0.15,0.375,0.625,2.0,1.5,0.95,0.7124999999999999,0.3,0.22499999999999998,0.75,0.5625,ok,`gtol` termination condition is satisfied.,True,True,True,5,2.325245665339088e-14,3.510833468576701e-16,0.0,1.609823385706477e-15,0.9581254497317196,0.9906031741054458,3.4756460992712192e-09,-1.9815424322268729,0.0,0.0,1.0,-1.9815424322268729,0.7874123915611083,0.7551376691868209,0.7901146124469286,0.24436473450457055,0.7730823048033114,0.6051522050320592,0.6556352654954294,0.8948477949679408,4.75,0.2105263157894737,0.75,0.5
0.47500000000000003,0.17500000000000002,0.35000000000000003,0.65,2.0,1.5,0.9500000000000001,0.7125,0.35000000000000003,0.2625,0.7000000000000001,0.525,ok,`gtol` termination condition is satisfied.,True,True,True,5,1.9930677131477893e-14,9.155133597044475e-16,0.0,2.3314683517128287e-15,0.9559551467753618,0.9900292000310704,5.24027699711175e-09,-2.1246948366826457,0.0,0.0,1.0,-2.1246948366826457,0.78822016740302,0.7563505793661126,0.7896786537687784,0.28484223412849696,0.7730823048033113,0.5660910087547065,0.7651577658715031,0.8339089912452936,4.75,0.21052631578947367,0.8750000000000001,0.4285714285714285
0.475,0.2,0.325,0.675,2.0,1.5,0.95,0.7124999999999999,0.4,0.30000000000000004,0.65,0.48750000000000004,ok,`gtol` termination condition is satisfied.,True,True,True,5,1.743934249004316e-14,4.996003610813204e-16,0.0,1.1657341758564144e-15,0.9535684512765763,0.9893230745218652,4.486427103239415e-09,-2.2629068546997573,0.0,0.0,1.0,-2.2629068546997573,0.7892234729516108,0.7578538483663555,0.7894941935008056,0.3254130238254573,0.7730823048033113,0.5269716059182044,0.8745869761745428,0.7730283940817957,4.75,0.2105263157894737,1.0,0.37499999999999994
0.475,0.225,0.3,0.7,2.0,1.5,0.95,0.7124999999999999,0.45,0.3375,0.6,0.44999999999999996,ok,`gtol` termination condition is satisfied.,True,True,True,5,5.684341886080802e-14,5.214799211354908e-16,0.0,5.828670879282072e-16,0.9509823851379834,0.9884979033627657,9.604123694369357e-10,-2.3964289180029894,0.0,0.0,1.0,-2.3964289180029894,0.7904091440299887,0.7596259782383403,0.7895248817277695,0.3661122949448975,0.7730823048033113,0.4877581226856102,0.9838877050551026,0.7122418773143897,4.75,0.2105263157894737,1.125,0.3333333333333333
0.475,0.25,0.275,0.725,2.0,1.5,0.95,0.7124999999999999,0.5,0.375,0.55,0.41250000000000003,ok,`gtol` termination condition is satisfied.,True,True,True,5,1.3951473992034527e-14,1.7772239894833365e-16,-4.440892098500626e-16,5.134781488891349e-16,0.94820947661798,0.9875636511302999,5.970702404782763e-10,-2.5254861393849373,0.0,0.0,1.0,-2.5254861393849373,0.7917685509036643,0.7616522970419026,0.78974351153724,0.40697062373326875,0.7730823048033113,0.44841912902872866,1.0930293762667311,0.6515808709712714,4.75,0.2105263157894737,1.25,0.3
0.475,0.275,0.25,0.75,2.0,1.5,0.95,0.7124999999999999,0.55,0.41250000000000003,0.5,0.375,ok,`gtol` termination condition is satisfied.,True,True,True,5,1.468576209687845e-14,4.163336342344337e-16,4.440892098500626e-16,1.4155343563970746e-15,0.9452587577529766,0.9865278633090061,2.796709160933395e-10,-2.6502826004642976,0.0,0.0,1.0,-2.6502826004642976,0.7932965281036398,0.7639233819211458,0.790129627468967,0.4480155342275922,0.7730823048033112,0.4089262852433365,1.201984465772408,0.5910737147566635,4.75,0.2105263157894737,1.375,0.2727272727272727
0.47500000000000003,0.30000000000000004,0.22500000000000003,0.7750000000000001,2.0,1.5,0.9499999999999998,0.7124999999999999,0.6,0.44999999999999996,0.44999999999999996,0.33749999999999997,ok,`gtol` termination condition is satisfied.,True,True,True,5,5.684341886080802e-14,2.220446049250313e-16,0.0,4.996003610813204e-16,0.9421364684439897,0.985396179659653,2.104320218624983e-09,-2.7710049063419167,0.0,0.0,1.0,-2.7710049063419167,0.7949906414171398,0.7664339733965035,0.7906678693968965,0.489272626564882,0.7730823048033113,0.36925333941913113,1.310727373435118,0.5307466605808688,4.749999999999999,0.21052631578947373,1.5,0.25
0.475,0.325,0.2,0.8,2.0,1.5,0.95,0.7124999999999999,0.65,0.48750000000000004,0.4,0.30000000000000004,ok,`gtol` termination condition is satisfied.,True,True,True,5,2.146380614159158e-14,1.2262814116578437e-15,-2.220446049250313e-16,7.216449660063518e-16,0.9388465568282858,0.9841727032346992,4.965513695842842e-10,-2.8878250634401876,0.0,0.0,1.0,-2.8878250634401876,0.7968506829109545,0.7691822240927163,0.7913468079760745,0.5307664236372169,0.7730823048033112,0.32937535923443023,1.4192335763627832,0.4706246407655698,4.75,0.2105263157894737,1.625,0.23076923076923075
0.475,0.35,0.175,0.825,2.0,1.5,0.95,0.7124999999999999,0.7,0.5249999999999999,0.35,0.26249999999999996,ok,`gtol` termination condition is satisfied.,True,True,True,5,9.965338565738948e-15,4.965068306494546e-16,-4.440892098500626e-16,6.938893903907228e-16,0.9353910342265098,0.98286026705518,5.171928192995189e-09,-2.934113789613151,13.408527615333782,2.134033449564555,0.21376629363981764,-2.934113789613151,0.7988783248114276,0.7721691821409726,0.7921581164770253,0.5725210348235529,0.7730823048033112,0.28926812079710057,1.5274789651764467,0.4107318792028994,4.75,0.2105263157894737,1.75,0.2142857142857143
0.475,0.375,0.15,0.85,2.0,1.5,0.95,0.7124999999999999,0.75,0.5625,0.3,0.22499999999999998,ok,`gtol` termination condition is satisfied.,True,True,True,5,9.300982661356352e-15,1.2412670766236366e-15,2.220446049250313e-16,1.9984014443252818e-15,0.9317702231431132,0.9814606263452875,3.934633613741097e-15,-2.8796260726523784,13.20589340926887,2.1017832140298225,0.21304985573038496,-2.8796260726523784,0.8010768876910692,0.7753984448060581,0.7930959782130582,0.6145607028644309,0.7730823048033113,0.2489076015529329,1.6354392971355691,0.3510923984470671,4.75,0.2105263157894737,1.875,0.19999999999999998
0.475,0.4,0.125,0.875,2.0,1.5,0.95,0.7124999999999999,0.8,0.6000000000000001,0.25,0.1875,ok,`gtol` termination condition is satisfied.,True,True,True,5,1.743934249004316e-14,1.159106867033638e-15,0.0,7.494005416219807e-16,0.9279829238826259,0.9799745950616421,2.5500419550296033e-09,-2.8268497386820854,13.016468266015805,2.071635266135207,0.2122276755233835,-2.8268497386820854,0.8034511940670951,0.7788759404683637,0.7941566630013134,0.656910280008526,0.7730823048033112,0.2082695394783722,1.7430897199914743,0.29173046052162777,4.75,0.2105263157894737,2.0,0.18749999999999997
0.47500000000000003,0.42500000000000004,0.10000000000000002,0.9000000000000001,2.0,1.5,0.9499999999999998,0.7124999999999999,0.8499999999999999,0.6375,0.19999999999999998,0.15,ok,`gtol` termination condition is satisfied.,True,True,True,5,8.206749407079136e-15,6.497413668604471e-16,-2.220446049250313e-16,1.1102230246251565e-15,0.9240265166387478,0.9784021393353216,6.0225902756892095e-15,-2.77572241700074,12.838796987843907,2.0433580039686943,0.21131579634815761,-2.77572241700074,0.8060074888152338,0.7826098120499366,0.7953382282125158,0.6995956674309993,0.7730823048033113,0.1673290302567261,1.8504043325690005,0.23267096974327386,4.749999999999999,0.21052631578947373,2.1249999999999996,0.17647058823529413
0.475,0.45,0.075,0.925,2.0,1.5,0.95,0.7124999999999999,0.9,0.675,0.15,0.11249999999999999,ok,`gtol` termination condition is satisfied.,True,True,True,5,5.684341886080802e-14,1.2212453270876722e-15,0.0,9.992007221626409e-16,0.919897009799183,0.9767424362163822,7.75527067434633e-10,-2.7261839560197414,12.671613752543186,2.016749965668489,0.2103284853996929,-2.7261839560197414,0.8087534148662314,0.78661038533265,0.7966403146424984,0.7426442448092466,0.7730823048033113,0.12606013986914874,1.9573557551907537,0.17393986013085125,4.75,0.2105263157894737,2.25,0.16666666666666666
0.475,0.475,0.05,0.95,2.0,1.5,0.95,0.7124999999999999,0.95,0.7124999999999999,0.1,0.07500000000000001,ok,`gtol` termination condition is satisfied.,True,True,True,5,0.0,8.671119018262734e-16,-2.220446049250313e-16,9.992007221626409e-16,0.915589040672096,0.9749939030592493,1.4859366170963179e-09,-2.6781762094588855,12.513809031472597,1.9916345642668671,0.20927847716779474,-2.6781762094588855,0.8116980377804563,0.7908902132330298,0.7980640174967547,0.7860853132613957,0.7730823048033114,0.08443551314635918,2.063914686738604,0.11556448685364083,4.75,0.2105263157894737,2.375,0.15789473684210525
0.475,0.5,0.025,0.975,2.0,1.5,0.95,0.7124999999999999,1.0,0.75,0.05,0.037500000000000006,ok,`gtol` termination condition is satisfied.,True,True,True,5,1.3951473992034527e-14,8.252325904466732e-16,-4.440892098500626e-16,4.718447854656915e-16,0.911095831207923,0.9731542005501345,2.4956236954653016e-09,-2.631642844868675,12.364402940637179,1.9678558463823737,0.2081771793466797,-2.631642844868675,0.8148519168239517,0.7954641931824801,0.7996118199661398,0.8299505737579863,0.7730823048033114,0.042425959944211666,2.170049426242014,0.05757404005578834,4.75,0.2105263157894737,2.5,0.15
0.475,0.525,0.0,1.0,2.0,1.5,0.95,0.7124999999999999,1.05,0.7875000000000001,0.0,0.0,ok,`gtol` termination condition is satisfied.,True,True,True,5,1.9930677131477896e-14,6.753223014464259e-16,0.0,0.0,0.9064090980779484,0.971220210433785,4.455219278913143e-09,-2.5865291636871293,12.222523498527524,1.9452750318475016,0.20703484899084057,-2.5865291636871293,0.8182272236821754,0.8003497601752818,0.8012875823208161,0.8742746642428025,nan,nan,2.2757253357571976,nan,4.75,0.2105263157894737,2.625,0.14285714285714285
0.5,0.0,0.5,0.5,2.0,1.5,1.0,0.75,0.0,0.0,1.0,0.75,ok,`gtol` termination condition is satisfied.,True,True,True,5,1.0463605494025895e-14,7.947987303456224e-16,-4.440892098500626e-16,9.159339953157541e-16,0.9584789521467567,0.9882708173819074,1.7439358400197336e-09,-0.9999999992191779,0.0,0.0,1.0,-0.9999999992191779,0.7907379184811425,0.8001227037907868,nan,nan,0.7730823048033113,0.805021573573028,nan,1.194978426426972,5.0,0.2,0.0,nan
0.5,0.025,0.475,0.525,2.0,1.5,1.0,0.75,0.05,0.037500000000000006,0.95,0.7124999999999999,ok,`gtol` termination condition is satisfied.,True,True,True,5,5.2318027470129476e-14,1.336885555457667e-15,0.0,2.1371793224034263e-15,0.9604054497970118,0.9891906130125111,1.3657864986272913e-09,-1.1715298981639106,0.0,0.0,1.0,-1.1715298981639106,0.7894128479548614,0.7980391620890533,0.8029819188213044,0.041767903048473526,0.7730823048033114,0.7647063953233212,0.1082320969515265,1.1352936046766788,5.0,0.2,0.125,2.9999999999999996
0.5,0.05,0.45,0.55,2.0,1.5,1.0,0.75,0.1,0.07500000000000001,0.9,0.675,ok,`gtol` termination condition is satisfied.,True,True,True,5,1.743934249004316e-14,7.550332863779066e-16,0.0,1.8596235662471372e-15,0.9599092866984595,0.989722620014516,9.381650802138821e-09,-1.336391655676118,0.0,0.0,1.0,-1.336391655676118,0.7886544860600001,0.7968439541661007,0.7997637739544691,0.0830194942493507,0.7730823048033114,0.7248331524284407,0.21698050575064934,1.0751668475715594,5.0,0.2,0.25,1.4999999999999998
0.5,0.075,0.425,0.575,2.0,1.5,1.0,0.75,0.15,0.11249999999999999,0.85,0.6375,ok,`gtol` termination condition is satisfied.,True,True,True,5,3.487868498008632e-14,5.558049685633556e-16,-2.220446049250313e-16,1.3322676295501878e-15,0.9589535587736449,0.9899500012416435,3.4249008449411316e-09,-1.4950877646042071,0.0,0.0,1.0,-1.4950877646042071,0.7883321749063524,0.7963353441260547,0.7973785589282816,0.12395287832158867,0.7730823048033114,0.6852469059327241,0.32604712167841127,1.014753094067276,5.0,0.2,0.375,1.0
0.5,0.1,0.4,0.6,2.0,1.5,1.0,0.75,0.2,0.15000000000000002,0.8,0.6000000000000001,ok,`gtol` termination condition is satisfied.,True,True,True,5,5.684341886080802e-14,6.753223014464259e-16,0.0,1.4155343563970746e-15,0.9576197762346823,0.9899308756813707,4.144524630741615e-09,-1.6480473956940915,0.0,0.0,1.0,-1.6480473956940915,0.7883592432379911,0.7963780730602653,0.79562494997107,0.16470360179346608,0.7730823048033115,0.6458365409645455,0.435296398206534,0.9541634590354546,5.0,0.2,0.5,0.7499999999999999
0.5,0.125,0.375,0.625,2.0,1.5,1.0,0.75,0.25,0.1875,0.75,0.5625,ok,`gtol` termination condition is satisfied.,True,True,True,5,3.487868498008632e-14,6.004449063730082e-16,0.0,1.5126788710517758e-15,0.9559661527147684,0.9897069885522154,4.391858553956813e-09,-1.7956406461948442,0.0,0.0,1.0,-1.7956406461948442,0.7886766835570915,0.7968789678961454,0.794363939745291,0.20536856296497236,0.7730823048033114,0.6065190979366002,0.5446314370350276,0.8934809020633998,5.0,0.2,0.625,0.6
0.5,0.15,0.35,0.65,2.0,1.5,1.0,0.75,0.3,0.22499999999999998,0.7,0.5249999999999999,ok,`gtol` termination condition is satisfied.,True,True,True,5,1.162622832669544e-14,7.135936359693696e-16,-2.220446049250313e-16,-4.163336342344337e-16,0.9540350637426617,0.9893089750506755,7.990742018399149e-10,-1.9381893573066629,0.0,0.0,1.0,-1.9381893573066629,0.7892436129548085,0.7977726199384585,0.7934970684496822,0.24601993643445413,0.7730823048033112,0.5672303188096323,0.6539800635655457,0.8327696811903676,5.0,0.2,0.75,0.5
0.5,0.175,0.325,0.675,2.0,1.5,1.0,0.75,0.35,0.26249999999999996,0.65,0.48750000000000004,ok,`gtol` termination condition is satisfied.,True,True,True,5,5.684341886080802e-14,8.617648093045562e-16,-2.220446049250313e-16,5.828670879282072e-16,0.9518577607136973,0.98875968910492,3.6643262777250986e-10,-2.075975896690485,0.0,0.0,1.0,-2.075975896690485,0.790031455801668,0.7990126059010842,0.7929531258800987,0.28671365135909305,0.7730823048033114,0.527918685818539,0.7632863486409067,0.7720813141814611,5.0,0.2,0.875,0.4285714285714286
0.5,0.2,0.3,0.7,2.0,1.5,1.0,0.75,0.4,0.30000000000000004,0.6,0.44999999999999996,ok,`gtol` termination condition is satisfied.,True,True,True,5,5.2318027470129476e-14,3.775166431889533e-16,-6.661338147750939e-16,9.71445146547012e-17,0.9494574511896574,0.9880763808392778,2.7073155976494637e-09,-2.2092500094986858,0.0,0.0,1.0,-2.2092500094986858,0.7910202686500456,0.8005659116941428,0.7926797401050141,0.32749475789581656,0.7730823048033114,0.48854151631628123,0.8725052421041837,0.7114584836837188,5.0,0.2,1.0,0.37499999999999994
0.5,0.225,0.275,0.725,2.0,1.5,1.0,0.75,0.45,0.3375,0.55,0.41250000000000003,ok,`gtol` termination condition is satisfied.,True,True,True,5,7.750818884463627e-15,7.108895957933346e-16,0.0,7.494005416219807e-16,0.946851367701691,0.987272161697928,9.431121523181053e-10,-2.3382344617703303,0.0,0.0,1.0,-2.3382344617703303,0.792196349591782,0.8024092852262226,0.7926378965238,0.3684009453620178,0.7730823048033112,0.4490623155288936,0.9815990546379822,0.6509376844711066,5.0,0.2,1.125,0.3333333333333333
0.5,0.25,0.25,0.75,2.0,1.5,1.0,0.75,0.5,0.375,0.5,0.375,ok,`gtol` termination condition is satisfied.,True,True,True,5,5.684341886080802e-14,1.3732700395566711e-15,0.0,1.6653345369377348e-15,0.9440521884873964,0.986357013672583,5.870252097558603e-10,-2.4631295662001347,0.0,0.0,1.0,-2.4631295662001347,0.793550645750768,0.8045267937986028,0.7927982742728685,0.40946492659419914,0.7730823048033114,0.4094489236034606,1.0905350734058008,0.5905510763965394,5.0,0.2,1.25,0.3
0.5,0.275,0.225,0.775,2.0,1.5,1.0,0.75,0.55,0.41250000000000003,0.45,0.3375,ok,`gtol` termination condition is satisfied.,True,True,True,5,6.341579087288422e-15,8.08254562088053e-16,0.0,6.661338147750939e-16,0.9410690301294837,0.9853384979189861,2.752469529562642e-10,-2.58411692715569,0.0,0.0,1.0,-2.58411692715569,0.7950776728549815,0.8069081585000167,0.7931387435962555,0.45071610830815173,0.7730823048033112,0.36967217709164607,1.1992838916918485,0.5303278229083539,5.0,0.2,1.375,0.2727272727272727
0.5,0.3,0.2,0.8,2.0,1.5,1.0,0.75,0.6,0.44999999999999996,0.4,0.30000000000000004,ok,`gtol` termination condition is satisfied.,True,True,True,5,5.81311416334772e-15,7.216449660063518e-16,-2.220446049250313e-16,1.2212453270876722e-15,0.9379081492886239,0.984222259708931,5.182581003189986e-10,-2.7013625125854577,0.0,0.0,1.0,-2.7013625125854577,0.7967747732760742,0.8095476051432818,0.7936426248668768,0.49218180283065205,0.7730823048033112,0.3297049099699888,1.3078181971693477,0.47029509003001124,5.0,0.2,1.5,0.25
0.5,0.325,0.175,0.825,2.0,1.5,1.0,0.75,0.65,0.48750000000000004,0.35,0.26249999999999996,ok,`gtol` termination condition is satisfied.,True,True,True,5,5.365951535397895e-15,2.830524433501838e-16,0.0,1.8318679906315083e-15,0.9345734412556619,0.9830123918309638,1.958356672682546e-09,-2.8150191748472433,0.0,0.0,1.0,-2.8150191748472433,0.7986416043664929,0.8124430688802805,0.794297459668648,0.5338881417293446,0.7730823048033112,0.2895211812542182,1.4161118582706556,0.41047881874578174,5.0,0.2,1.625,0.23076923076923075
0.5,0.35,0.15,0.85,2.0,1.5,1.0,0.75,0.7,0.5249999999999999,0.3,0.22499999999999998,ok,`gtol` termination condition is satisfied.,True,True,True,5,5.684341886080802e-14,3.3306690738754696e-16,0.0,1.6653345369377348e-15,0.9310667925242904,0.9817116970935363,1.3917651230798898e-09,-2.925228750065089,0.0,0.0,1.0,-2.925228750065089,0.8006797882765034,0.8155956485463121,0.7950941342420953,0.5758607956514972,0.7730823048033113,0.24909565382758805,1.5241392043485025,0.35090434617241195,5.0,0.2,1.75,0.2142857142857143
0.5,0.375,0.125,0.875,2.0,1.5,1.0,0.75,0.75,0.5625,0.25,0.1875,ok,`gtol` termination condition is satisfied.,True,True,True,5,9.300982661356352e-15,3.510833468576701e-16,0.0,1.4432899320127035e-15,0.9273883251652543,0.9803218769737518,3.08568251521278e-09,-2.9186644695651918,13.204051727014674,2.1014901011954628,0.21583316645935077,-2.9186644695651918,0.8028926788450529,0.8190092434982458,0.7960262510822859,0.6181255706775496,0.7730823048033113,0.20840307232290028,1.6318744293224503,0.2915969276770997,5.0,0.2,1.875,0.19999999999999998
0.5,0.4,0.1,0.9,2.0,1.5,1.0,0.75,0.8,0.6000000000000001,0.2,0.15000000000000002,ok,`gtol` termination condition is satisfied.,True,True,True,5,5.684341886080802e-14,6.661338147750939e-16,-4.440892098500626e-16,4.440892098500626e-16,0.9235365580323411,0.9788436645709688,1.2596814064793535e-09,-2.8670482033908335,13.01194602659978,2.070915529378302,0.21517819300908483,-2.8670482033908335,0.8052852167912296,0.822690329353247,0.7970896796324968,0.6607089307167715,0.7730823048033115,0.16741780237707474,1.7392910692832289,0.23258219762292529,5.0,0.2,2.0,0.18749999999999997
0.5,0.425,0.075,0.925,2.0,1.5,1.0,0.75,0.85,0.6375,0.15,0.11249999999999999,ok,`gtol` termination condition is satisfied.,True,True,True,5,8.206749407079134e-15,9.856160834467555e-16,0.0,4.996003610813204e-16,0.91950850115191,0.9772769140443195,8.017426139768145e-10,-2.8169568508998397,12.83152153568799,2.042200079794852,0.21442772976883365,-2.8169568508998397,0.8078638548116147,0.8266478448451081,0.79828223987649,0.7036384828802871,0.7730823048033113,0.12611340251365313,1.8463615171197127,0.17388659748634686,5.0,0.2,2.125,0.17647058823529413
0.5,0.45,0.05,0.95,2.0,1.5,1.0,0.75,0.9,0.675,0.1,0.07500000000000001,ok,`gtol` termination condition is satisfied.,True,True,True,5,1.5501637768927254e-14,6.597425008528065e-16,-2.220446049250313e-16,1.8596235662471372e-15,0.9152996934642844,0.9756206545360979,1.5339875497552236e-09,-2.768337581586094,12.661530923168954,2.015145233533228,0.2135958301778315,-2.768337581586094,0.8106365414020901,0.8308931731130099,0.7996034879216077,0.7469434554983493,0.7730823048033115,0.08446220514696128,1.953056544501651,0.11553779485303874,5.0,0.2,2.25,0.16666666666666666
0.5,0.475,0.025,0.975,2.0,1.5,1.0,0.75,0.95,0.7124999999999999,0.05,0.037500000000000006,ok,`gtol` termination condition is satisfied.,True,True,True,5,2.2028643145317677e-14,5.978733960281817e-16,0.0,9.992007221626409e-16,0.9109041893946453,0.9738731135189378,7.351340222212199e-10,-2.721139206025912,12.500878623591099,1.9895766259363323,0.21269511165110777,-2.721139206025912,0.8136127575631283,0.8354402090671406,0.801054583247552,0.7906551948977738,0.7730823048033114,0.04243488578733371,2.059344805102226,0.057565114212666295,5.0,0.2,2.375,0.15789473684210525
0.5,0.5,0.0,1.0,2.0,1.5,1.0,0.75,1.0,0.75,0.0,0.0,ok,`gtol` termination condition is satisfied.,True,True,True,5,6.9757369960172635e-15,7.850462293418876e-16,-4.440892098500626e-16,-3.3306690738754696e-16,0.9063144958529241,0.9720317120981941,3.5290498299378403e-10,-2.6753120012627365,12.348594912859657,1.965339920621047,0.21173695047535732,-2.6753120012627365,0.8168036048654457,0.840305511331849,0.8026382249685664,0.8348077063884658,nan,nan,2.1651922936115344,nan,5.0,0.2,2.5,0.15
0.525,0.0,0.475,0.525,2.0,1.5,1.05,0.7875000000000001,0.0,0.0,0.95,0.7124999999999999,ok,`gtol` termination condition is satisfied.,True,True,True,4,5.684341886080802e-14,5.933464366067994e-16,-4.440892098500626e-16,8.881784197001252e-16,0.9553948586635932,0.9867670748803998,1.6608899117226616e-09,-0.999999995814352,0.0,0.0,1.0,-0.999999995814352,0.7929417179655314,0.8437541392072908,nan,nan,0.7730823048033113,0.7682351110021358,nan,1.1317648889978642,5.25,0.19047619047619047,0.0,nan
0.525,0.025,0.45,0.55,2.0,1.5,1.05,0.7875000000000001,0.05,0.037500000000000006,0.9,0.675,ok,`gtol` termination condition is satisfied.,True,True,True,5,8.71967124502158e-14,1.159106867033638e-15,-2.220446049250313e-16,1.2212453270876722e-15,0.956113048759424,0.9877170877968303,1.0925116312565586e-08,-1.1635403301920857,0.0,0.0,1.0,-1.1635403301920857,0.7915440593308785,0.8414568023231171,0.8076412241439065,0.042139847459117474,0.7730823048033112,0.7277110956970633,0.10786015254088255,1.0722889043029369,5.25,0.19047619047619047,0.125,2.9999999999999996
0.525,0.05,0.425,0.5750000000000001,2.0,1.5,1.05,0.7875000000000001,0.1,0.07500000000000001,0.85,0.6375,ok,`gtol` termination condition is satisfied.,True,True,True,5,5.684341886080802e-14,5.551115123125783e-16,0.0,1.5543122344752192e-15,0.9556473823275228,0.9882801598476042,1.0113490319299363e-08,-1.3210345242894466,0.0,0.0,1.0,-1.3210345242894466,0.7907243714801149,0.8401065039918938,0.8041312066250951,0.08371966933910657,0.7730823048033113,0.6876175995819388,0.21628033066089347,1.012382400418061,5.25,0.19047619047619047,0.25,1.4999999999999998
0.525,0.075,0.4,0.6,2.0,1.5,1.05,0.7875000000000001,0.15,0.11249999999999999,0.8,0.6000000000000001,ok,`gtol` termination condition is satisfied.,True,True,True,5,3.487868498008632e-14,4.577566798522237e-16,0.0,1.096345236817342e-15,0.9547137015990053,0.988537926913993,7.172365640978418e-09,-1.4729242483368012,0.0,0.0,1.0,-1.4729242483368012,0.7903513085655615,0.8394911832917884,0.8015039316937221,0.12494844339442066,0.7730823048033115,0.6478024174229506,0.3250515566055793,0.9521975825770495,5.25,0.19047619047619047,0.375,1.0
0.525,0.1,0.375,0.625,2.0,1.5,1.05,0.7875000000000001,0.2,0.15000000000000002,0.75,0.5625,ok,`gtol` termination condition is satisfied.,True,True,True,5,1.743934249004316e-14,4.002966042486721e-16,0.0,8.743006318923108e-16,0.9533936243818956,0.9885477416096493,4.031768913236743e-09,-1.6195885253994076,0.0,0.0,1.0,-1.6195885253994076,0.7903371310423636,0.839467789631721,0.7995492581293813,0.16596998946775043,0.7730823048033114,0.6081556597133605,0.43403001053224965,0.8918443402866395,5.25,0.19047619047619047,0.5,0.7499999999999999
0.525,0.125,0.35,0.65,2.0,1.5,1.05,0.7875000000000001,0.25,0.1875,0.7,0.5249999999999999,ok,`gtol` termination condition is satisfied.,True,True,True,5,1.3951473992034527e-14,5.978733960281817e-16,0.0,1.3877787807814457e-15,0.9517456800402572,0.9883509789139425,6.425865101980047e-10,-1.7613556019467929,0.0,0.0,1.0,-1.7613556019467929,0.7906217391849295,0.8399372731500668,0.798121099199674,0.2068875617438465,0.7730823048033111,0.5685947671855235,0.5431124382561535,0.8314052328144764,5.25,0.19047619047619047,0.625,0.6
0.525,0.15,0.325,0.675,2.0,1.5,1.05,0.7875000000000001,0.3,0.22499999999999998,0.65,0.48750000000000004,ok,`gtol` termination condition is satisfied.,True,True,True,5,3.487868498008632e-14,4.440892098500626e-16,-4.440892098500626e-16,2.7755575615628914e-16,0.9498126117361807,0.9879781122401671,3.3199421417073546e-09,-1.898511883125167,0.0,0.0,1.0,-1.898511883125167,0.7911632649660448,0.8408297895696777,0.797115372334695,0.24777829501924384,0.7730823048033114,0.5290554072593505,0.652221704980756,0.7709445927406495,5.25,0.19047619047619047,0.75,0.5
0.525,0.175,0.3,0.7,2.0,1.5,1.05,0.7875000000000001,0.35,0.26249999999999996,0.6,0.44999999999999996,ok,`gtol` termination condition is satisfied.,True,True,True,5,2.9896015697216847e-14,6.497413668604471e-16,-6.661338147750939e-16,-1.1102230246251565e-16,0.9476260174732417,0.9874519417337333,4.665687741140187e-09,-2.0313093135610956,0.0,0.0,1.0,-2.0313093135610956,0.7919322942830006,0.8420955733168964,0.7964564150839435,0.28870206606228305,0.7730823048033113,0.48948569829139854,0.7612979339377168,0.7105143017086014,5.25,0.19047619047619047,0.875,0.4285714285714286
0.525,0.2,0.275,0.7250000000000001,2.0,1.5,1.05,0.7875000000000001,0.4,0.30000000000000004,0.55,0.41250000000000003,ok,`gtol` termination condition is satisfied.,True,True,True,5,3.487868498008632e-14,7.850462293418876e-16,-4.440892098500626e-16,1.304512053934559e-15,0.9452093970466395,0.9867897162835898,3.319723045685898e-09,-2.15997113995743,0.0,0.0,1.0,-2.15997113995743,0.7929081949472954,0.843699109299793,0.7960883296654936,0.32970713884302555,0.7730823048033114,0.44984240420204036,0.8702928611569747,0.6501575957979597,5.25,0.19047619047619047,1.0,0.37499999999999994
0.525,0.225,0.25,0.75,2.0,1.5,1.05,0.7875000000000001,0.45,0.3375,0.5,0.375,ok,`gtol` termination condition is satisfied.,True,True,True,5,3.875409442231813e-14,6.473657049138938e-16,-4.440892098500626e-16,-3.608224830031759e-16,0.9425802064134738,0.9860045672221243,9.264010727191563e-10,-2.2846967867429853,0.0,0.0,1.0,-2.2846967867429853,0.7940767159529494,0.8456153038921624,0.7959693068212299,0.3708338866973955,0.7730823048033112,0.4100883402511158,0.9791661133026046,0.5899116597488843,5.25,0.19047619047619047,1.125,0.3333333333333333
0.525,0.25,0.225,0.775,2.0,1.5,1.05,0.7875000000000001,0.5,0.375,0.45,0.3375,ok,`gtol` termination condition is satisfied.,True,True,True,5,5.684341886080802e-14,7.771561172376096e-16,2.220446049250313e-16,1.942890293094024e-16,0.9397512727958992,0.9851064992751877,2.886619369334663e-10,-2.4056656637708698,0.0,0.0,1.0,-2.4056656637708698,0.7954283816019736,0.8478269114015466,0.7960678105478559,0.41211732809512885,0.7730823048033114,0.37019054640540655,1.087882671904871,0.5298094535945934,5.25,0.19047619047619047,1.25,0.3
0.525,0.275,0.2,0.8,2.0,1.5,1.05,0.7875000000000001,0.55,0.41250000000000003,0.4,0.30000000000000004,ok,`gtol` termination condition is satisfied.,True,True,True,5,5.684341886080802e-14,2.7336071744532853e-16,-2.220446049250313e-16,9.159339953157541e-16,0.9367317853797228,0.9841030881829753,2.70976505830415e-10,-2.5230404695834143,0.0,0.0,1.0,-2.5230404695834143,0.7969573985593175,0.8503227746519327,0.7963599592287771,0.45358891177631655,0.7730823048033114,0.3301189590742572,1.1964110882236836,0.46988104092574284,5.25,0.19047619047619047,1.375,0.2727272727272727
0.525,0.3,0.175,0.825,2.0,1.5,1.05,0.7875000000000001,0.6,0.44999999999999996,0.35,0.26249999999999996,ok,`gtol` termination condition is satisfied.,True,True,True,5,5.81311416334772e-15,7.850462293418876e-16,0.0,1.5265566588595902e-15,0.9335279961475129,0.9829999786674303,7.66012260788621e-10,-2.6369698335075444,0.0,0.0,1.0,-2.6369698335075444,0.798660903847956,0.8530966096023365,0.7968276962704537,0.495277817992837,0.7730823048033112,0.28984541202597525,1.3047221820071628,0.4101545879740247,5.25,0.19047619047619047,1.5,0.25
0.525,0.325,0.15,0.8500000000000001,2.0,1.5,1.05,0.7875000000000001,0.65,0.48750000000000004,0.3,0.22499999999999998,ok,`gtol` termination condition is satisfied.,True,True,True,5,5.684341886080802e-14,5.33167196845001e-16,0.0,9.992007221626409e-16,0.9301437171309069,0.9818012429680559,9.656219688635276e-10,-2.747590571122809,0.0,0.0,1.0,-2.747590571122809,0.8005384461775253,0.856146164518301,0.7974574944428586,0.5372119445468293,0.7730823048033113,0.24934285656025423,1.4127880554531709,0.35065714343974574,5.25,0.19047619047619047,1.625,0.23076923076923075
0.525,0.35,0.125,0.875,2.0,1.5,1.05,0.7875000000000001,0.7,0.5249999999999999,0.25,0.1875,ok,`gtol` termination condition is satisfied.,True,True,True,5,5.684341886080802e-14,8.005932084973442e-16,0.0,1.1657341758564144e-15,0.9265806704329155,0.980509639456834,4.578296123563926e-10,-2.8550295289127017,0.0,0.0,1.0,-2.8550295289127017,0.802591631949519,0.8594726452805004,0.7982394294382236,0.5794186879460099,0.7730823048033114,0.20858472701629777,1.5205813120539897,0.29141527298370223,5.25,0.19047619047619047,1.75,0.2142857142857143
0.525,0.375,0.1,0.9,2.0,1.5,1.05,0.7875000000000001,0.75,0.5625,0.2,0.15000000000000002,ok,`gtol` termination condition is satisfied.,True,True,True,5,9.300982661356352e-15,4.965068306494546e-16,-4.440892098500626e-16,3.0531133177191805e-16,0.9228387282130087,0.9791267976384236,1.3059292144863276e-09,-2.9549446990953436,13.199560426702368,2.100775288549849,0.21845961838542272,-2.9549446990953436,0.8048238915970746,0.8630803366991472,0.7991665148773756,0.6219255945892942,0.7730823048033115,0.16754439994088965,1.6280744054107057,0.23245560005911037,5.25,0.19047619047619047,1.875,0.19999999999999998
0.525,0.4,0.075,0.925,2.0,1.5,1.05,0.7875000000000001,0.8,0.6000000000000001,0.15,0.11249999999999999,ok,`gtol` termination condition is satisfied.,True,True,True,5,5.684341886080802e-14,5.978733960281817e-16,0.0,9.159339953157541e-16,0.9189160671532646,0.9776533471699426,2.0744981473261234e-09,-2.9044652050582513,13.004988382522736,2.069808185931166,0.2179649746883185,-2.9044652050582513,0.8072403376049705,0.8669763745389016,0.8002342271488283,0.6647609352670911,0.7730823048033113,0.12619470903337193,1.7352390647329092,0.17380529096662806,5.25,0.19047619047619047,2.0,0.18749999999999997
0.525,0.425,0.05,0.95,2.0,1.5,1.05,0.7875000000000001,0.85,0.6375,0.1,0.07500000000000001,ok,`gtol` termination condition is satisfied.,True,True,True,5,8.206749407079134e-15,4.041272810440265e-16,-2.220446049250313e-16,9.43689570931383e-16,0.914809253202545,0.9760890026486428,3.963059774440329e-10,-2.855397542216698,12.822013891136455,2.040686891167314,0.21737013170053338,-2.855397542216698,0.8098476960757078,0.8711706397388695,0.8014401721338927,0.7079542432405093,0.7730823048033112,0.08450748635269277,1.8420457567594906,0.11549251364730724,5.25,0.19047619047619047,2.125,0.17647058823529413
0.525,0.45,0.025,0.9750000000000001,2.0,1.5,1.05,0.7875000000000001,0.9,0.675,0.05,0.037500000000000006,ok,`gtol` termination condition is satisfied.,True,True,True,5,5.684341886080802e-14,9.226380847435024e-16,0.0,6.106226635438361e-16,0.9105132660755499,0.9744326117531126,2.2759789546042423e-09,-2.80769501490563,12.649406821708713,2.0132156228552827,0.21668890906383292,-2.80769501490563,0.8126543011302223,0.8756757582769887,0.8027838618313993,0.7515368488225286,0.7730823048033115,0.04245310494680728,1.9484631511774717,0.05754689505319273,5.25,0.19047619047619047,2.25,0.16666666666666666
0.525,0.475,0.0,1.0,2.0,1.5,1.05,0.7875000000000001,0.95,0.7124999999999999,0.0,0.0,ok,`gtol` termination condition is satisfied.,True,True,True,5,1.468576209687845e-14,4.965068306494546e-16,-4.440892098500626e-16,8.326672684688674e-16,0.9060214680620009,0.9726821712099186,7.274648056334702e-10,-2.761312268088166,12.486084462588519,1.9872220620838743,0.21593378016826204,-2.761312268088166,0.8156701470558181,0.8805071993282934,0.8042665800692091,0.7955424401006672,nan,nan,2.0544575598993324,nan,5.25,0.19047619047619047,2.375,0.15789473684210525
0.55,0.0,0.45,0.55,2.0,1.5,1.1,0.8250000000000001,0.0,0.0,0.9,0.675,ok,`gtol` termination condition is satisfied.,True,True,True,5,9.512368630932632e-15,7.406111315403549e-16,4.440892098500626e-16,1.457167719820518e-15,0.9515242817659386,0.9852262953997137,0.0,-0.9999999974752426,0.0,0.0,1.0,-0.9999999974752426,0.7952471549153315,0.8878892844125349,nan,nan,0.7730823048033115,0.731220513922871,nan,1.068779486077129,5.5,0.18181818181818182,0.0,nan
0.55,0.025,0.425,0.5750000000000001,2.0,1.5,1.1,0.8250000000000001,0.05,0.037500000000000006,0.85,0.6375,ok,`gtol` termination condition is satisfied.,True,True,True,5,3.487868498008632e-14,1.7772239894833365e-16,0.0,7.216449660063518e-16,0.9516846937001521,0.9862080691509615,6.890603306845393e-09,-1.1562634819242337,0.0,0.0,1.0,-1.1562634819242337,0.7937726604502576,0.8853607608858737,0.8126156893091943,0.04253502243015596,0.7730823048033113,0.6904807479123478,0.10746497756984406,1.0095192520876521,5.5,0.18181818181818182,0.125,2.9999999999999996
0.55,0.05,0.4,0.6000000000000001,2.0,1.5,1.1,0.8250000000000001,0.1,0.07500000000000001,0.8,0.6000000000000001,ok,`gtol` termination condition is satisfied.,True,True,True,5,1.0561005620792326e-16,4.041272810440265e-16,-4.440892098500626e-16,7.355227538141662e-16,0.9512508195691608,0.986802685725569,8.753988359436968e-10,-1.3070217648845606,0.0,0.0,1.0,-1.3070217648845606,0.7928889969665384,0.8838422404798216,0.8087956981326638,0.08446344061232158,0.7730823048033112,0.6501606423033242,0.21553655938767846,0.9498393576966759,5.5,0.18181818181818182,0.25,1.4999999999999998
0.55,0.075,0.375,0.625,2.0,1.5,1.1,0.8250000000000001,0.15,0.11249999999999999,0.75,0.5625,ok,`gtol` termination condition is satisfied.,True,True,True,5,4.069179914343404e-14,7.216449660063518e-16,-2.220446049250313e-16,2.7755575615628914e-16,0.9503393763657095,0.9870906373647633,5.5424841036893775e-09,-1.452665326413257,0.0,0.0,1.0,-1.452665326413257,0.7924636338767526,0.8831103895298134,0.8059112932467141,0.12600593068496568,0.7730823048033114,0.6101101806596724,0.32399406931503427,0.8898898193403276,5.5,0.18181818181818182,0.375,1.0
0.55,0.1,0.35,0.65,2.0,1.5,1.1,0.8250000000000001,0.2,0.15000000000000002,0.7,0.5249999999999999,ok,`gtol` termination condition is satisfied.,True,True,True,5,1.743934249004316e-14,6.661338147750939e-16,0.0,1.0547118733938987e-15,0.9490323759237338,0.987128729568553,6.233894585614148e-09,-1.5935309928321568,0.0,0.0,1.0,-1.5935309928321568,0.792407489786593,0.8830137475040626,0.8037429293296264,0.16731516333821198,0.7730823048033112,0.5702203919393013,0.43268483666178814,0.8297796080606986,5.5,0.18181818181818182,0.5,0.7499999999999999
0.55,0.125,0.325,0.675,2.0,1.5,1.1,0.8250000000000001,0.25,0.1875,0.65,0.48750000000000004,ok,`gtol` termination condition is satisfied.,True,True,True,5,5.684341886080802e-14,7.550332863779066e-16,0.0,1.2212453270876722e-15,0.9473888336330721,0.9869580964783428,5.853825672276893e-09,-1.7299114678644685,0.0,0.0,1.0,-1.7299114678644685,0.7926592151694648,0.8834469667938372,0.8021370325341778,0.20850117837567847,0.7730823048033114,0.530408930613145,0.5414988216243215,0.7695910693868551,5.5,0.18181818181818182,0.625,0.6
0.55,0.15,0.3,0.7000000000000001,2.0,1.5,1.1,0.8250000000000001,0.3,0.22499999999999998,0.6,0.44999999999999996,ok,`gtol` termination condition is satisfied.,True,True,True,5,1.162622832669544e-14,4.518280359883027e-16,-4.440892098500626e-16,7.216449660063518e-16,0.9454519623727639,0.9866091274136922,3.4382550628472247e-09,-1.8620630781257692,0.0,0.0,1.0,-1.8620630781257692,0.7931758639050748,0.8843354739508098,0.8009835986209538,0.24964640637162597,0.7730823048033114,0.49061126460394894,0.650353593628374,0.7093887353960511,5.5,0.18181818181818182,0.75,0.5
0.55,0.175,0.275,0.7250000000000001,2.0,1.5,1.1,0.8250000000000001,0.35,0.26249999999999996,0.55,0.41250000000000003,ok,`gtol` termination condition is satisfied.,True,True,True,5,5.684341886080802e-14,5.551115123125783e-16,0.0,6.661338147750939e-16,0.9432537665043943,0.9861046153078323,7.033217961346409e-10,-1.9902118582143804,0.0,0.0,1.0,-1.9902118582143804,0.7939271289727594,0.8856259552110617,0.8002022863784726,0.29081494486179105,0.7730823048033114,0.45077505411672314,0.7591850551382088,0.649224945883277,5.5,0.18181818181818182,0.875,0.4285714285714286
0.55,0.2,0.25,0.75,2.0,1.5,1.1,0.8250000000000001,0.4,0.30000000000000004,0.5,0.375,ok,`gtol` termination condition is satisfied.,True,True,True,5,2.6159013735064738e-14,5.117875266520903e-16,0.0,6.106226635438361e-16,0.9408180699775919,0.9854618348226546,1.9546302752896542e-09,-2.1145585504066164,0.0,0.0,1.0,-2.1145585504066164,0.794891659684711,0.8872802525229577,0.7997334974118475,0.33205850274522025,0.7730823048033115,0.41085642882142154,0.8679414972547799,0.5891435711785784,5.5,0.18181818181818182,1.0,0.37499999999999994
0.55,0.225,0.225,0.775,2.0,1.5,1.1,0.8250000000000001,0.45,0.3375,0.45,0.3375,ok,`gtol` termination condition is satisfied.,True,True,True,5,5.684341886080802e-14,6.597425008528065e-16,-4.440892098500626e-16,-3.3306690738754696e-16,0.938162564592426,0.9846939513006991,1.5171564599606704e-09,-2.235282659553714,0.0,0.0,1.0,-2.235282659553714,0.7960546432716619,0.8892713380052286,0.7995324922057582,0.3734203405102524,0.7730823048033112,0.37081743643504433,0.9765796594897477,0.5291825635649556,5.5,0.18181818181818182,1.125,0.3333333333333333
0.55,0.25,0.2,0.8,2.0,1.5,1.1,0.8250000000000001,0.5,0.375,0.4,0.30000000000000004,ok,`gtol` termination condition is satisfied.,True,True,True,5,0.0,5.933464366067994e-16,-4.440892098500626e-16,3.3306690738754696e-16,0.9353002242623837,0.9838109973597495,2.839540967320181e-10,-2.3525458784750253,0.0,0.0,1.0,-2.3525458784750253,0.7974061814288833,0.8915806002634323,0.7995654150465955,0.4149379677633415,0.7730823048033115,0.33062423583315015,1.0850620322366584,0.4693757641668499,5.5,0.18181818181818182,1.25,0.3
0.55,0.275,0.175,0.8250000000000001,2.0,1.5,1.1,0.8250000000000001,0.55,0.41250000000000003,0.35,0.26249999999999996,ok,`gtol` termination condition is satisfied.,True,True,True,5,1.9024737261865264e-14,6.753223014464259e-16,2.220446049250313e-16,1.2212453270876722e-15,0.9322402964383364,0.9828205618189562,2.9351365150114558e-09,-2.466494851899789,0.0,0.0,1.0,-2.466494851899789,0.7989401825867775,0.8941959855000917,0.7998065534687474,0.45664505127744337,0.7730823048033114,0.290245774308316,1.1933549487225568,0.40975422569168396,5.5,0.18181818181818182,1.375,0.2727272727272727
0.55,0.3,0.15,0.8500000000000001,2.0,1.5,1.1,0.8250000000000001,0.6,0.44999999999999996,0.3,0.22499999999999998,ok,`gtol` termination condition is satisfied.,True,True,True,5,3.170789543644211e-15,9.485749680535094e-16,0.0,4.440892098500626e-16,0.9289890033386815,0.9817282819817802,1.0066030913823447e-09,-2.5772635645004733,0.0,0.0,1.0,-2.5772635645004733,0.8006535988011374,0.897110712653989,0.8002364168232668,0.4985728125921629,0.7730823048033113,0.24965278448666478,1.301427187407837,0.3503472155133352,5.5,0.18181818181818182,1.5,0.25
0.55,0.325,0.125,0.875,2.0,1.5,1.1,0.8250000000000001,0.65,0.48750000000000004,0.25,0.1875,ok,`gtol` termination condition is satisfied.,True,True,True,5,3.170789543644211e-15,3.3766115072321297e-16,-2.220446049250313e-16,9.43689570931383e-16,0.9255500382402211,0.9805381979519132,4.285981939857678e-09,-2.684975279643405,0.0,0.0,1.0,-2.684975279643405,0.8025458998403932,0.9003223858778484,0.8008403714560479,0.5407510926641083,0.7730823048033114,0.20881699337217854,1.409248907335892,0.2911830066278215,5.5,0.18181818181818182,1.625,0.23076923076923075
0.55,0.35,0.1,0.9,2.0,1.5,1.1,0.8250000000000001,0.7,0.5249999999999999,0.2,0.15000000000000002,ok,`gtol` termination condition is satisfied.,True,True,True,5,5.684341886080802e-14,1.3322676295501878e-15,-8.881784197001252e-16,3.885780586188048e-16,0.9219249125387466,0.9792530075401259,1.3557107622193328e-09,-2.7897442463852653,0.0,0.0,1.0,-2.7897442463852653,0.8046187157909729,0.9038323911747629,0.8016076629451289,0.5832092003922725,0.7730823048033114,0.16771047062269734,1.516790799607727,0.23228952937730268,5.5,0.18181818181818182,1.75,0.2142857142857143
0.55,0.375,0.075,0.925,2.0,1.5,1.1,0.8250000000000001,0.75,0.5625,0.15,0.11249999999999999,ok,`gtol` termination condition is satisfied.,True,True,True,5,1.8601965322712704e-14,4.965068306494546e-16,4.440892098500626e-16,7.771561172376096e-16,0.918113190264812,0.9778742474285139,2.5796635623605877e-09,-2.8916770677578314,0.0,0.0,1.0,-2.8916770677578314,0.8068756038395222,0.9076455040691298,0.802530713925801,0.6259766249771951,0.7730823048033113,0.12630506450631604,1.624023375022805,0.17369493549368395,5.5,0.18181818181818182,1.875,0.19999999999999998
0.55,0.4,0.05,0.9500000000000001,2.0,1.5,1.1,0.8250000000000001,0.8,0.6000000000000001,0.1,0.07500000000000001,ok,`gtol` termination condition is satisfied.,True,True,True,5,8.71967124502158e-15,3.7238012298709097e-16,-2.220446049250313e-16,1.6653345369377348e-15,0.9141126340500482,0.9764024177376361,1.2300624929884556e-09,-2.9393736530453864,12.995604648760409,2.0683147183182333,0.22060951099987622,-2.9393736530453864,0.8093219107167678,0.9117696613771189,0.8036046232818201,0.6690836695967628,0.7730823048033114,0.08457188709646309,1.7309163304032376,0.11542811290353693,5.5,0.18181818181818182,2.0,0.18749999999999997
0.55,0.425,0.025,0.9750000000000001,2.0,1.5,1.1,0.8250000000000001,0.85,0.6375,0.05,0.037500000000000006,ok,`gtol` termination condition is satisfied.,True,True,True,5,1.6413498814158268e-14,4.965068306494546e-16,0.0,1.1102230246251565e-15,0.9099192776955779,0.9748370613041066,7.837168416567433e-10,-2.891311814640618,12.810256083043885,2.038815577889456,0.22016475051054699,-2.891311814640618,0.8119647130218625,0.9162158680438407,0.8048268170341868,0.7125620504926108,0.7730823048033114,0.042480818010647396,1.8374379495073891,0.05751918198935261,5.5,0.18181818181818182,2.125,0.17647058823529413
0.55,0.45,0.0,1.0,2.0,1.5,1.1,0.8250000000000001,0.9,0.675,0.0,0.0,ok,`gtol` termination condition is satisfied.,True,True,True,5,2.7755575615628914e-15,4.965068306494546e-16,-4.440892098500626e-16,1.6653345369377348e-16,0.9055274339537429,0.9731768047860145,1.5009929734223014e-09,-2.8445170579206565,12.635197195715975,2.0109540906390517,0.21962960941012116,-2.8445170579206565,0.8148128253545401,0.9209982230177326,0.8061968179662395,0.756445498267417,nan,nan,1.9435545017325833,nan,5.5,0.18181818181818182,2.25,0.16666666666666666
0.575,0.0,0.425,0.575,2.0,1.5,1.15,0.8624999999999999,0.0,0.0,0.85,0.6375,ok,`gtol` termination condition is satisfied.,True,True,True,5,3.0329291287031583e-15,7.850462293418876e-16,0.0,1.887379141862766e-15,0.9469079870319649,0.9836458824767098,4.549393269917565e-09,-0.9999999929258505,0.0,0.0,1.0,-0.9999999929258505,0.7976606029237,0.9325609039836289,nan,nan,0.7730823048033112,0.6939638994307396,nan,1.0060361005692604,5.75,0.1739130434782609,0.0,nan
0.575,0.025,0.4,0.6,2.0,1.5,1.15,0.8624999999999999,0.05,0.037500000000000006,0.8,0.6000000000000001,ok,`gtol` termination condition is satisfied.,True,True,True,5,3.487868498008632e-14,5.026748538604307e-16,0.0,1.1102230246251565e-15,0.9471129399201914,0.984661077796787,9.952270304210854e-09,-1.1496082039885887,0.0,0.0,1.0,-1.1496082039885887,0.7961046901172287,0.9297822512527064,0.817923829593323,0.04295499581391635,0.7730823048033115,0.653001155168215,0.10704500418608368,0.9469988448317851,5.75,0.1739130434782609,0.125,2.9999999999999996
0.575,0.05,0.375,0.625,2.0,1.5,1.15,0.8624999999999999,0.1,0.07500000000000001,0.75,0.5625,ok,`gtol` termination condition is satisfied.,True,True,True,5,9.098787386109475e-15,6.206335383118183e-16,4.440892098500626e-16,1.609823385706477e-15,0.9467123673567499,0.9852878722342083,1.1011378748104381e-08,-1.2941844177567248,0.0,0.0,1.0,-1.2941844177567248,0.7951541122081076,0.9280812793988794,0.8137748120475644,0.08525373128004536,0.7730823048033115,0.6124476119619477,0.21474626871995467,0.8875523880380523,5.75,0.1739130434782609,0.25,1.4999999999999998
0.5750000000000001,0.07500000000000001,0.35000000000000003,0.6500000000000001,2.0,1.5,1.15,0.8624999999999999,0.15,0.11249999999999999,0.7,0.5249999999999999,ok,`gtol` termination condition is satisfied.,True,True,True,5,5.684341886080802e-14,7.550332863779066e-16,-4.440892098500626e-16,1.4710455076283324e-15,0.9458235185026076,0.9856059655444838,1.0015449534479967e-09,-1.4340759885067969,0.0,0.0,1.0,-1.4340759885067969,0.7946746679455841,0.9272223384246301,0.8106174277862818,0.12712946771175032,0.7730823048033112,0.5721549557353557,0.32287053228824963,0.8278450442646442,5.75,0.1739130434782609,0.375,1.0
0.575,0.1,0.325,0.6749999999999999,2.0,1.5,1.15,0.8624999999999999,0.2,0.15000000000000002,0.65,0.48750000000000004,ok,`gtol` termination condition is satisfied.,True,True,True,5,5.684341886080802e-14,3.9957426392311836e-16,0.0,9.992007221626409e-16,0.9445290783720565,0.9856718208925495,2.4742116868337215e-09,-1.56958371036646,0.0,0.0,1.0,-1.56958371036646,0.7945756586524768,0.9270448724230697,0.8082221157087751,0.1687443510135665,0.7730823048033114,0.5320148522989282,0.4312556489864336,0.7679851477010718,5.75,0.1739130434782609,0.5,0.7499999999999999
0.575,0.125,0.3,0.7,2.0,1.5,1.15,0.8624999999999999,0.25,0.1875,0.6,0.44999999999999996,ok,`gtol` termination condition is satisfied.,True,True,True,5,3.487868498008632e-14,4.710277376051325e-16,0.0,9.71445146547012e-16,0.9428887172992132,0.9855264546092278,4.900075648462566e-09,-1.7009700557325127,0.0,0.0,1.0,-1.7009700557325127,0.7947943223107607,0.9274367688280792,0.8064273856703735,0.2102156723781797,0.7730823048033114,0.49194499241715967,0.5397843276218203,0.7080550075828402,5.75,0.1739130434782609,0.625,0.6
0.575,0.15,0.275,0.725,2.0,1.5,1.15,0.8624999999999999,0.3,0.22499999999999998,0.55,0.41250000000000003,ok,`gtol` termination condition is satisfied.,True,True,True,5,2.325245665339088e-14,9.155133597044475e-16,-4.440892098500626e-16,8.326672684688674e-17,0.9409462205156561,0.9852002469747,2.990716050055591e-09,-1.8284655650351014,0.0,0.0,1.0,-1.8284655650351014,0.7952865366785203,0.9283184002325822,0.8051169962164301,0.25163152239118597,0.7730823048033114,0.45188052023717823,0.6483684776088139,0.6481194797628218,5.75,0.1739130434782609,0.75,0.5
0.575,0.175,0.25,0.75,2.0,1.5,1.15,0.8624999999999999,0.35,0.26249999999999996,0.5,0.375,ok,`gtol` termination condition is satisfied.,True,True,True,5,1.9930677131477896e-14,7.850462293418876e-16,-4.440892098500626e-16,5.273559366969494e-16,0.9387340592298503,0.984716029302684,5.860096229658438e-09,-1.9522741002254873,0.0,0.0,1.0,-1.9522741002254873,0.7960210434605846,0.9296326785986412,0.8042056885934111,0.2930605163480932,0.7730823048033113,0.4117685393441238,0.7569394836519066,0.5882314606558763,5.75,0.1739130434782609,0.875,0.4285714285714286
0.5750000000000001,0.20000000000000004,0.22500000000000003,0.7750000000000001,2.0,1.5,1.15,0.8624999999999999,0.39999999999999997,0.3,0.44999999999999996,0.33749999999999997,ok,`gtol` termination condition is satisfied.,True,True,True,5,2.6159013735064744e-14,4.041272810440265e-16,-2.220446049250313e-16,1.3322676295501878e-15,0.9362764136083874,0.9840911286865204,6.39594196730962e-10,-2.0725770736008755,0.0,0.0,1.0,-2.0725770736008755,0.7969757412227152,0.931338649124311,0.8036299804041767,0.3345580600796559,0.7730823048033113,0.3715644569329068,0.8654419399203441,0.5284355430670931,5.75,0.1739130434782609,0.9999999999999999,0.375
0.575,0.225,0.2,0.7999999999999999,2.0,1.5,1.15,0.8624999999999999,0.45,0.3375,0.4,0.30000000000000004,ok,`gtol` termination condition is satisfied.,True,True,True,5,5.684341886080802e-14,8.455206652451151e-16,-2.220446049250313e-16,1.6653345369377348e-15,0.933591222880749,0.9833387583504728,2.982405072657052e-10,-2.189536954552218,0.0,0.0,1.0,-2.189536954552218,0.7981352417227388,0.9334072517601465,0.8033420606444921,0.37617052369480736,0.7730823048033114,0.33122946568320943,0.9738294763051927,0.4687705343167906,5.75,0.1739130434782609,1.125,0.3333333333333333
0.575,0.25,0.175,0.825,2.0,1.5,1.15,0.8624999999999999,0.5,0.375,0.35,0.26249999999999996,ok,`gtol` termination condition is satisfied.,True,True,True,5,1.3951473992034527e-14,5.661048867003676e-16,0.0,7.771561172376096e-16,0.9306916033454384,0.9824689835237349,2.7939134730869847e-10,-2.3033002492708845,0.0,0.0,1.0,-2.3033002492708845,0.7994892246324441,0.9358184571178364,0.803305646215164,0.41793811232874506,0.7730823048033114,0.2907287502203134,1.0820618876712549,0.40927124977968654,5.75,0.1739130434782609,1.25,0.3
0.575,0.275,0.15,0.85,2.0,1.5,1.15,0.8624999999999999,0.55,0.41250000000000003,0.3,0.22499999999999998,ok,`gtol` termination condition is satisfied.,True,True,True,5,2.5366316349153687e-14,4.002966042486721e-16,-4.440892098500626e-16,8.326672684688674e-16,0.9275868430213005,0.98148940379898,2.1024607264074346e-09,-2.4139999169304187,0.0,0.0,1.0,-2.4139999169304187,0.8010313127507092,0.9385593019117144,0.8034931139417736,0.45989690619081713,0.7730823048033112,0.2500301650307772,1.190103093809183,0.3499698349692228,5.75,0.1739130434782609,1.375,0.2727272727272727
0.575,0.3,0.125,0.875,2.0,1.5,1.15,0.8624999999999999,0.6,0.44999999999999996,0.25,0.1875,ok,`gtol` termination condition is satisfied.,True,True,True,5,5.684341886080802e-14,8.005932084973442e-16,0.0,1.2490009027033011e-15,0.9242831043940603,0.9804056409048554,4.96132609821919e-10,-2.5217574566363647,0.0,0.0,1.0,-2.5217574566363647,0.8027582967823619,0.941622531310289,0.8038834832514834,0.5020803622731002,0.7730823048033114,0.20910322311639765,1.2979196377268996,0.2908967768836024,5.75,0.1739130434782609,1.5,0.25
0.5750000000000001,0.32500000000000007,0.10000000000000002,0.9000000000000001,2.0,1.5,1.15,0.8624999999999999,0.65,0.48750000000000004,0.19999999999999998,0.15,ok,`gtol` termination condition is satisfied.,True,True,True,5,1.073190307079579e-14,5.661048867003676e-16,0.0,1.0824674490095276e-15,0.9207839198552011,0.9792216893311474,9.39619041056008e-10,-2.626684645039753,0.0,0.0,1.0,-2.626684645039753,0.8046696020824102,0.9450056636580847,0.8044609797628807,0.5445204647512869,0.7730823048033115,0.16791828965147074,1.4054795352487133,0.23208171034852923,5.75,0.1739130434782609,1.625,0.23076923076923075
0.5750000000000001,0.35000000000000003,0.07500000000000001,0.925,2.0,1.5,1.1500000000000001,0.8625,0.7000000000000001,0.525,0.15000000000000002,0.11250000000000002,ok,`gtol` termination condition is satisfied.,True,True,True,5,9.965338565738946e-15,5.551115123125783e-16,0.0,6.38378239159465e-16,0.9170905350783629,0.9779401675781304,4.461176198290356e-10,-2.7288850356933403,0.0,0.0,1.0,-2.7288850356933403,0.80676692849863,0.9487103593168459,0.8052140048922946,0.587248647986072,0.7730823048033113,0.12644590832091407,1.512751352013928,0.17355409167908598,5.750000000000001,0.17391304347826086,1.7500000000000002,0.21428571428571425
0.575,0.375,0.05,0.95,2.0,1.5,1.15,0.8624999999999999,0.75,0.5625,0.1,0.07500000000000001,ok,`gtol` termination condition is satisfied.,True,True,True,5,3.720393064542541e-14,7.991485278462367e-16,-8.881784197001252e-16,-1.3877787807814457e-16,0.9132021365600639,0.976562495134958,2.123545986103981e-09,-2.8284552462240096,0.0,0.0,1.0,-2.8284552462240096,0.809054018930238,0.9527420174386213,0.8061343961702598,0.6302965776571104,0.7730823048033112,0.08465620850553753,1.6197034223428894,0.11534379149446249,5.75,0.1739130434782609,1.875,0.19999999999999998
0.575,0.4,0.025,0.975,2.0,1.5,1.15,0.8624999999999999,0.8,0.6000000000000001,0.05,0.037500000000000006,ok,`gtol` termination condition is satisfied.,True,True,True,5,5.684341886080802e-14,1.0235750533041806e-15,0.0,2.220446049250313e-16,0.9091159867449876,0.9750890118604699,1.2157585709715706e-09,-2.9254860264878872,0.0,0.0,1.0,-2.9254860264878872,0.8115365282790233,0.9571095522245741,0.8072169014124254,0.6736968522635824,0.7730823048033112,0.042518353877554545,1.726303147736418,0.05748164612244546,5.75,0.1739130434782609,2.0,0.18749999999999997
0.575,0.425,0.0,1.0,2.0,1.5,1.15,0.8624999999999999,0.85,0.6375,0.0,0.0,ok,`gtol` termination condition is satisfied.,True,True,True,5,8.206749407079134e-15,7.771561172376096e-16,-4.440892098500626e-16,-3.3306690738754696e-16,0.9048274810944594,0.9735190505994675,4.2625990268733025e-09,-2.924935052530146,12.796216716815584,2.036581143356344,0.22283099300377723,-2.924935052530146,0.8142219755052089,0.9618253194474287,0.8084588154212726,0.7174836735633707,nan,nan,1.832516326436629,nan,5.75,0.1739130434782609,2.125,0.17647058823529413
0.6,0.0,0.4,0.6,2.0,1.5,1.2,0.8999999999999999,0.0,0.0,0.8,0.6000000000000001,ok,`gtol` termination condition is satisfied.,True,True,True,4,5.81311416334772e-15,5.959374814064025e-16,4.440892098500626e-16,1.582067810090848e-15,0.94213664045008,0.9820229375368683,2.9065569551614666e-09,-0.999999994568686,0.0,0.0,1.0,-0.999999994568686,0.8001891646135509,0.977805060179881,nan,nan,0.7730823048033114,0.6564502613412785,nan,0.9435497386587216,6.0,0.16666666666666669,0.0,nan
0.6,0.025,0.375,0.625,2.0,1.5,1.2,0.8999999999999999,0.05,0.037500000000000006,0.75,0.5625,ok,`gtol` termination condition is satisfied.,True,True,True,5,2.6159013735064738e-14,3.554447978966673e-16,0.0,7.494005416219807e-16,0.9423895496765539,0.983073355038766,5.4611812794399436e-09,-1.1434981518259035,0.0,0.0,1.0,-1.1434981518259035,0.798546864030062,0.9747555784362469,0.8235856206174585,0.043401485903197375,0.7730823048033115,0.6152569590796991,0.10659851409680265,0.8847430409203009,6.0,0.16666666666666669,0.125,2.9999999999999996
0.6,0.05,0.35,0.65,2.0,1.5,1.2,0.8999999999999999,0.1,0.07500000000000001,0.7,0.5249999999999999,ok,`gtol` termination condition is satisfied.,True,True,True,5,5.684341886080802e-14,4.335559509131367e-16,0.0,1.5265566588595902e-15,0.9420240155295916,0.9837331176239564,6.426976987308861e-09,-1.2823807929128521,0.0,0.0,1.0,-1.2823807929128521,0.7975261187668063,0.9728566878298429,0.8190875086535641,0.08609374488604483,0.7730823048033112,0.5744626511014025,0.21390625511395522,0.8255373488985974,6.0,0.16666666666666669,0.25,1.4999999999999998
0.6,0.075,0.325,0.6749999999999999,2.0,1.5,1.2,0.8999999999999999,0.15,0.11249999999999999,0.65,0.48750000000000004,ok,`gtol` termination condition is satisfied.,True,True,True,5,1.162622832669544e-14,1.0429598422709816e-15,-4.440892098500626e-16,1.0269562977782698e-15,0.9411582816324389,0.9840814609243905,5.233036089106626e-09,-1.416958334594613,0.0,0.0,1.0,-1.416958334594613,0.7969905710107731,0.9718592648971867,0.8156404751945019,0.12832358117624706,0.7730823048033114,0.5339202851730319,0.32167641882375286,0.7660797148269681,6.0,0.16666666666666669,0.375,1.0
0.6,0.1,0.3,0.7,2.0,1.5,1.2,0.8999999999999999,0.2,0.15000000000000002,0.6,0.44999999999999996,ok,`gtol` termination condition is satisfied.,True,True,True,5,4.35983562251079e-14,4.965068306494546e-16,-6.661338147750939e-16,5.273559366969494e-16,0.9398759836486578,0.9841747005813107,5.701080950137912e-09,-1.5475008609692247,0.0,0.0,1.0,-1.5475008609692247,0.7968476224905047,0.9715928954725297,0.8130043005830435,0.170263292897139,0.7730823048033113,0.49352190177399174,0.42973670710286105,0.7064780982260082,6.0,0.16666666666666669,0.5,0.7499999999999999
0.6,0.125,0.275,0.725,2.0,1.5,1.2,0.8999999999999999,0.25,0.1875,0.55,0.41250000000000003,ok,`gtol` termination condition is satisfied.,True,True,True,5,1.3951473992034527e-14,8.331297329690976e-16,-2.220446049250313e-16,8.604228440844963e-16,0.9382376171299053,0.9840538539703698,5.98517659278354e-10,-1.6742448319719978,0.0,0.0,1.0,-1.6742448319719978,0.7970329284757609,0.9719381823585762,0.8110091245483447,0.21203792850516426,0.7730823048033114,0.45318505661977754,0.5379620714948358,0.6468149433802226,6.0,0.16666666666666669,0.625,0.6
0.6,0.15,0.25,0.75,2.0,1.5,1.2,0.8999999999999999,0.3,0.22499999999999998,0.5,0.375,ok,`gtol` termination condition is satisfied.,True,True,True,5,5.81311416334772e-15,5.551115123125783e-16,0.0,1.887379141862766e-15,0.936287644091053,0.9837493657933226,4.025879965979188e-09,-1.797398592794077,0.0,0.0,1.0,-1.797398592794077,0.7975010863739245,0.9728100844842295,0.8095321344758253,0.25374163469611416,0.7730823048033113,0.41284444459043285,0.6462583653038858,0.5871555554095671,6.0,0.16666666666666669,0.75,0.5
0.6000000000000001,0.17500000000000002,0.22500000000000003,0.7750000000000001,2.0,1.5,1.2,0.8999999999999999,0.35,0.26249999999999996,0.44999999999999996,0.33749999999999997,ok,`gtol` termination condition is satisfied.,True,True,True,5,1.9930677131477896e-14,7.771561172376096e-16,2.220446049250313e-16,1.1657341758564144e-15,0.9340590642166978,0.9832841507862167,4.732407093654202e-09,-1.9171468651874632,0.0,0.0,1.0,-1.9171468651874632,0.7982198238911957,0.9741474912450728,0.8084829020844884,0.2954478681618861,0.7730823048033113,0.37244650845846483,0.7545521318381136,0.5275534915415351,6.0,0.16666666666666669,0.875,0.4285714285714286
0.6,0.2,0.2,0.8,2.0,1.5,1.2,0.8999999999999999,0.4,0.30000000000000004,0.4,0.30000000000000004,ok,`gtol` termination condition is satisfied.,True,True,True,5,2.6159013735064738e-14,7.135936359693696e-16,2.220446049250313e-16,1.970645868709653e-15,0.9315764459651233,0.9826756148617339,2.198267250759578e-09,-2.03365438242438,0.0,0.0,1.0,-2.03365438242438,0.7991662540876194,0.975906484705106,0.8077938685629302,0.33721600723452694,0.7730823048033115,0.33194583575044767,0.8627839927654732,0.4680541642495524,6.0,0.16666666666666669,1.0,0.37499999999999994
0.6,0.225,0.175,0.825,2.0,1.5,1.2,0.8999999999999999,0.45,0.3375,0.35,0.26249999999999996,ok,`gtol` termination condition is satisfied.,True,True,True,5,5.684341886080802e-14,9.694605782913356e-16,0.0,1.6653345369377348e-15,0.9288579862370728,0.9819370326097886,2.932246435754645e-09,-2.1470689373397023,0.0,0.0,1.0,-2.1470689373397023,0.8003243987889068,0.9780558698292181,0.807414004574645,0.3790957761948378,0.7730823048033114,0.2913026648748639,0.9709042238051623,0.40869733512513606,6.0,0.16666666666666669,1.125,0.3333333333333333
0.6,0.25,0.15,0.85,2.0,1.5,1.2,0.8999999999999999,0.5,0.375,0.3,0.22499999999999998,ok,`gtol` termination condition is satisfied.,True,True,True,5,2.7755575615628914e-15,4.002966042486721e-16,0.0,1.3600232051658168e-15,0.9259169365552076,0.9810785058602034,6.0499830418035095e-09,-2.257523966876053,0.0,0.0,1.0,-2.257523966876053,0.8016835171656109,0.9805741486052024,0.8073044892399606,0.42113030197209644,0.7730823048033113,0.250481098557122,1.0788696980279036,0.349518901442878,6.0,0.16666666666666669,1.25,0.3
0.6,0.275,0.125,0.875,2.0,1.5,1.2,0.8999999999999999,0.55,0.41250000000000003,0.25,0.1875,ok,`gtol` termination condition is satisfied.,True,True,True,5,6.341579087288422e-15,2.482534153247273e-16,0.0,9.43689570931383e-16,0.9227626032852142,0.9801076414504937,3.1068890459697845e-09,-2.365140646067316,0.0,0.0,1.0,-2.365140646067316,0.8032369616101659,0.9834474430846338,0.8074357086864807,0.4633582963965788,0.7730823048033114,0.20944777726443076,1.1866417036034214,0.29055222273556924,6.0,0.16666666666666669,1.375,0.2727272727272727
0.6000000000000001,0.30000000000000004,0.10000000000000002,0.9000000000000001,2.0,1.5,1.2,0.8999999999999999,0.6,0.44999999999999996,0.19999999999999998,0.15,ok,`gtol` termination condition is satisfied.,True,True,True,5,2.325245665339088e-14,2.2887833992611187e-16,0.0,1.3600232051658168e-15,0.9194010528063301,0.9790300355351771,4.891826170406876e-10,-2.4700297898271186,0.0,0.0,1.0,-2.4700297898271186,0.8049813894819128,0.986668061567951,0.8077851388925661,0.5058156708507382,0.7730823048033113,0.16817085480674548,1.2941843291492616,0.23182914519325448,6.0,0.16666666666666669,1.5,0.25
0.6,0.325,0.075,0.925,2.0,1.5,1.2,0.8999999999999999,0.65,0.48750000000000004,0.15,0.11249999999999999,ok,`gtol` termination condition is satisfied.,True,True,True,5,5.365951535397895e-15,6.661338147750939e-16,-4.440892098500626e-16,3.0531133177191805e-16,0.915835605910387,0.9778496209152749,3.476704370617617e-09,-2.572293361021517,0.0,0.0,1.0,-2.572293361021517,0.8069162225956698,0.9902335148511565,0.8083358353112533,0.5485367807163574,0.7730823048033113,0.12661917157634883,1.401463219283643,0.17338082842365116,6.0,0.16666666666666669,1.625,0.23076923076923075
0.6,0.35,0.05,0.95,2.0,1.5,1.2,0.8999999999999999,0.7,0.5249999999999999,0.1,0.07500000000000001,ok,`gtol` termination condition is satisfied.,True,True,True,5,5.81311416334772e-15,1.1102230246251565e-15,-4.440892098500626e-16,5.273559366969494e-16,0.9120671763556494,0.9765689145168279,1.321460056777219e-09,-2.672025837279597,0.0,0.0,1.0,-2.672025837279597,0.8090432852518786,0.9941458589049988,0.8090753487473845,0.591555431292305,0.7730823048033115,0.08476155318869381,1.5084445687076946,0.1152384468113062,6.0,0.16666666666666669,1.75,0.2142857142857143
0.6,0.375,0.025,0.975,2.0,1.5,1.2,0.8999999999999999,0.75,0.5625,0.05,0.037500000000000006,ok,`gtol` termination condition is satisfied.,True,True,True,5,9.300982661356352e-15,5.978733960281817e-16,0.0,1.1102230246251565e-15,0.9080944893510966,0.9751891896187271,1.2588038235633879e-09,-2.769315343531339,0.0,0.0,1.0,-2.769315343531339,0.8113665763730582,0.9984112847152632,0.8099949482272112,0.6349057369363548,0.7730823048033114,0.04256618192649414,1.6150942630636451,0.057433818073505866,6.0,0.16666666666666669,1.875,0.19999999999999998
0.6,0.4,0.0,1.0,2.0,1.5,1.2,0.8999999999999999,0.8,0.6000000000000001,0.0,0.0,ok,`gtol` termination condition is satisfied.,True,True,True,5,2.90655708167386e-15,8.08254562088053e-16,2.220446049250313e-16,1.7763568394002505e-15,0.9039142027075278,0.9737105890233859,2.003014926208547e-09,-2.864244675163683,0.0,0.0,1.0,-2.864244675163683,0.8138921477129045,1.0030399055586612,0.8110890713783327,0.6786229011214824,nan,nan,1.721377098878518,nan,6.0,0.16666666666666669,2.0,0.18749999999999997
0.625,0.0,0.375,0.625,2.0,1.5,1.25,0.9375,0.0,0.0,0.75,0.5625,ok,`gtol` termination condition is satisfied.,True,True,True,5,0.0,9.155133597044475e-16,0.0,1.1102230246251565e-15,0.9372007644636218,0.9803542154985483,1.3951485799231388e-09,-0.9999999960800943,0.0,0.0,1.0,-0.9999999960800943,0.8028407830309332,1.0236616142649233,nan,nan,0.7730823048033114,0.6186633116270676,nan,0.8813366883729324,6.25,0.16,0.0,nan
0.625,0.025,0.35,0.65,2.0,1.5,1.25,0.9375,0.05,0.037500000000000006,0.7,0.5249999999999999,ok,`gtol` termination condition is satisfied.,True,True,True,5,2.6159013735064738e-14,4.440892098500626e-16,-4.440892098500626e-16,1.4155343563970746e-15,0.9375053747423453,0.9814418212834477,2.1504500849666522e-14,-1.137869102415055,0.0,0.0,1.0,-1.137869102415055,0.8011066776833244,1.0203186020691781,0.8296227019959083,0.04387638370401203,0.7730823048033112,0.5772314782846384,0.10612361629598799,0.8227685217153615,6.25,0.16,0.125,2.9999999999999996
0.625,0.05,0.325,0.675,2.0,1.5,1.25,0.9375,0.1,0.07500000000000001,0.65,0.48750000000000004,ok,`gtol` termination condition is satisfied.,True,True,True,5,4.35983562251079e-14,6.961062950497062e-16,-2.220446049250313e-16,5.551115123125783e-16,0.9371768634078769,0.9821355063387275,9.811337686012643e-09,-1.2714910124989351,0.0,0.0,1.0,-1.2714910124989351,0.8000121658519452,1.0182049227024255,0.8247543362639217,0.08698700597658823,0.7730823048033113,0.5361885442784917,0.2130129940234118,0.7638114557215083,6.25,0.16,0.25,1.4999999999999998
0.625,0.075,0.3,0.7,2.0,1.5,1.25,0.9375,0.15,0.11249999999999999,0.6,0.44999999999999996,ok,`gtol` termination condition is satisfied.,True,True,True,5,1.162622832669544e-14,8.95090418262362e-16,4.440892098500626e-16,1.8041124150158794e-15,0.9363349304827782,0.9825143558843354,4.380598571855804e-09,-1.4011446143169923,0.0,0.0,1.0,-1.4011446143169923,0.7994182368905162,1.01705668739438,0.8210001141792836,0.12959325379687328,0.7730823048033115,0.49538831435330966,0.3204067462031267,0.7046116856466903,6.25,0.16,0.375,1.0
0.625,0.1,0.275,0.725,2.0,1.5,1.25,0.9375,0.2,0.15000000000000002,0.55,0.41250000000000003,ok,`gtol` termination condition is satisfied.,True,True,True,5,5.684341886080802e-14,3.1401849173675503e-16,-4.440892098500626e-16,8.326672684688674e-16,0.9350644434617696,0.9826347269442586,1.1336389167595815e-08,-1.5270734128718741,0.0,0.0,1.0,-1.5270734128718741,0.7992300986535875,1.0166927708974165,0.8181084767851738,0.1718783141255902,0.7730823048033112,0.4547229558506953,0.4281216858744099,0.6452770441493048,6.25,0.16,0.5,0.7499999999999999
0.625,0.125,0.25,0.75,2.0,1.5,1.25,0.9375,0.25,0.1875,0.5,0.375,ok,`gtol` termination condition is satisfied.,True,True,True,5,5.684341886080802e-14,4.996003610813204e-16,-4.440892098500626e-16,-1.6653345369377348e-16,0.9334268974831986,0.9825377546801447,7.801490443445613e-10,-1.649491434286903,0.0,0.0,1.0,-1.649491434286903,0.7993816433599921,1.0169859116765223,0.8159007114368888,0.21397554359621743,0.7730823048033113,0.41410972133317303,0.5360244564037826,0.585890278666827,6.25,0.16,0.625,0.6
0.625,0.15,0.225,0.775,2.0,1.5,1.25,0.9375,0.3,0.22499999999999998,0.45,0.3375,ok,`gtol` termination condition is satisfied.,True,True,True,5,5.81311416334772e-15,9.42055475210265e-16,0.0,2.7755575615628914e-16,0.9314675388571169,0.9822540210946704,1.7922849485755337e-10,-1.7685877822789413,0.0,0.0,1.0,-1.7685877822789413,0.7998260763515492,1.017845255879158,0.8142470798848149,0.2559855768807053,0.7730823048033113,0.3734827276840342,0.6440144231192946,0.5265172723159659,6.25,0.16,0.75,0.5
0.625,0.175,0.2,0.8,2.0,1.5,1.25,0.9375,0.35,0.26249999999999996,0.4,0.30000000000000004,ok,`gtol` termination condition is satisfied.,True,True,True,5,5.580589596813811e-15,1.1157603309187458e-15,-2.220446049250313e-16,-3.885780586188048e-16,0.9292199589267047,0.9818065692676592,3.316041088333177e-10,-1.8845305823900909,0.0,0.0,1.0,-1.8845305823900909,0.8005300437169162,1.0192053974466182,0.8130517179893891,0.2979870657651573,0.7730823048033115,0.33278764511096387,0.7520129342348425,0.4672123548890362,6.25,0.16,0.875,0.4285714285714286
0.625,0.2,0.175,0.825,2.0,1.5,1.25,0.9375,0.4,0.30000000000000004,0.35,0.26249999999999996,ok,`gtol` termination condition is satisfied.,True,True,True,5,1.743934249004316e-14,5.978733960281817e-16,-2.220446049250313e-16,6.661338147750939e-16,0.926709146354025,0.9812129101291193,4.627221869094559e-09,-1.9974700890007042,0.0,0.0,1.0,-1.9974700890007042,0.8014698357158109,1.0210192755341245,0.8122427886291642,0.34004366349308984,0.7730823048033114,0.29197813331799294,0.8599563365069103,0.408021866682007,6.25,0.16,1.0,0.37499999999999994
0.625,0.225,0.15,0.85,2.0,1.5,1.25,0.9375,0.45,0.3375,0.3,0.22499999999999998,ok,`gtol` termination condition is satisfied.,True,True,True,5,2.325245665339088e-14,9.694605782913356e-16,0.0,8.049116928532385e-16,0.9239535639785414,0.9804863925769651,1.7302606033409512e-09,-2.1075413812483355,0.0,0.0,1.0,-2.1075413812483355,0.8026288693997501,1.0232534529243176,0.8117658917517496,0.3822087185318978,0.7730823048033113,0.25101336309838596,0.9677912814681022,0.348986636901614,6.25,0.16,1.125,0.3333333333333333
0.625,0.25,0.125,0.875,2.0,1.5,1.25,0.9375,0.5,0.375,0.25,0.1875,ok,`gtol` termination condition is satisfied.,True,True,True,5,5.684341886080802e-14,5.933464366067994e-16,-4.440892098500626e-16,1.0269562977782698e-15,0.920966587492993,0.9796371579647913,1.0303662391806758e-14,-2.214866538693188,0.0,0.0,1.0,-2.214866538693188,0.803995986616808,1.0258849157568706,0.8115795561252259,0.42452853144619485,0.7730823048033114,0.20985623021019567,1.0754714685538052,0.29014376978980433,6.25,0.16,1.25,0.3
0.625,0.275,0.1,0.9,2.0,1.5,1.25,0.9375,0.55,0.41250000000000003,0.2,0.15000000000000002,ok,`gtol` termination condition is satisfied.,True,True,True,5,1.9024737261865264e-14,1.5700924586837752e-16,0.0,8.604228440844963e-16,0.9177575134067866,0.9786728151215068,2.2960728125893423e-09,-2.3195566086835218,0.0,0.0,1.0,-2.3195566086835218,0.8055642882766232,1.0288988769150196,0.8116520980686258,0.4670446908941363,0.7730823048033114,0.16847201869992226,1.1829553091058638,0.23152798130007776,6.25,0.16,1.375,0.2727272727272727
0.625,0.3,0.075,0.925,2.0,1.5,1.25,0.9375,0.6,0.44999999999999996,0.15,0.11249999999999999,ok,`gtol` termination condition is satisfied.,True,True,True,5,5.81311416334772e-15,3.1031676915590914e-16,-2.220446049250313e-16,1.6653345369377348e-16,0.9143322672815098,0.9775989221094983,1.9296763673464133e-09,-2.421713173163173,0.0,0.0,1.0,-2.421713173163173,0.8073303322684067,1.0322872627129134,0.8119594004400129,0.509795811384487,0.7730823048033113,0.12682735792019637,1.2902041886155127,0.17317264207980362,6.25,0.16,1.5,0.25
0.625,0.325,0.05,0.95,2.0,1.5,1.25,0.9375,0.65,0.48750000000000004,0.1,0.07500000000000001,ok,`gtol` termination condition is satisfied.,True,True,True,5,5.684341886080802e-14,3.3766115072321297e-16,-2.220446049250313e-16,2.1094237467877974e-15,0.9106938965069906,0.976419330490737,6.862125536136821e-10,-2.521429790097045,0.0,0.0,1.0,-2.521429790097045,0.8092935860515136,1.0360476805144414,0.8124833260428072,0.5528188815224199,0.7730823048033114,0.08488936927858033,1.3971811184775804,0.11511063072141968,6.25,0.16,1.625,0.23076923076923075
0.625,0.35,0.025,0.975,2.0,1.5,1.25,0.9375,0.7,0.5249999999999999,0.05,0.037500000000000006,ok,`gtol` termination condition is satisfied.,True,True,True,5,5.684341886080802e-14,4.965068306494546e-16,0.0,0.0,0.9068429023304054,0.9751364287078832,2.609952276627092e-09,-2.6187931511181457,0.0,0.0,1.0,-2.6187931511181457,0.8114560642603266,1.0401827379882074,0.8132105790108678,0.5961503630052608,0.7730823048033114,0.04262493000808873,1.503849636994739,0.057375069991911276,6.25,0.16,1.75,0.2142857142857143
0.625,0.375,0.0,1.0,2.0,1.5,1.25,0.9375,0.75,0.5625,0.0,0.0,ok,`gtol` termination condition is satisfied.,True,True,True,5,2.7902947984069054e-14,4.847302891456678e-16,0.0,5.551115123125783e-16,0.9027774464148969,0.9737513087079969,8.292134793108944e-10,-2.7138841904296447,0.0,0.0,1.0,-2.7138841904296447,0.8138221068658537,1.0446996317078867,0.8141318908649166,0.6398271391542174,nan,nan,1.6101728608457826,nan,6.25,0.16,1.875,0.19999999999999998
0.65,0.0,0.35,0.65,2.0,1.5,1.3,0.9750000000000001,0.0,0.0,0.7,0.5249999999999999,ok,`gtol` termination condition is satisfied.,True,True,True,5,2.6829757676989476e-15,1.1102230246251565e-15,0.0,5.828670879282072e-16,0.9320897712632157,0.9786360701381479,5.365950048347776e-09,-0.9999999921092949,0.0,0.0,1.0,-0.9999999921092949,0.805624377149666,1.0701748303092111,nan,nan,0.7730823048033112,0.5805852934411171,nan,0.8194147065588828,6.5,0.15384615384615385,0.0,nan
0.65,0.025,0.325,0.675,2.0,1.5,1.3,0.9750000000000001,0.05,0.037500000000000006,0.65,0.48750000000000004,ok,`gtol` termination condition is satisfied.,True,True,True,5,8.71967124502158e-15,1.2123818431320796e-15,0.0,8.881784197001252e-16,0.9324502145805298,0.9797630254238825,3.785896815112815e-09,-1.132666478674026,0.0,0.0,1.0,-1.132666478674026,0.803792530949646,1.0665132926224314,0.8360586229260675,0.04438177983692167,0.7730823048033114,0.538906517757849,0.10561822016307836,0.761093482242151,6.5,0.15384615384615385,0.125,2.9999999999999996
0.65,0.05,0.3,0.7000000000000001,2.0,1.5,1.3,0.9750000000000001,0.1,0.07500000000000001,0.6,0.44999999999999996,ok,`gtol` termination condition is satisfied.,True,True,True,5,3.487868498008632e-14,8.473409486550036e-16,-4.440892098500626e-16,0.0,0.9321609847475847,0.9804917626043024,2.0587665638063873e-09,-1.2614131690747128,0.0,0.0,1.0,-1.2614131690747128,0.8026202666680632,1.0641663565811825,0.8307976617728926,0.08793740920930276,0.7730823048033113,0.497606519122435,0.21206259079069728,0.7023934808775649,6.5,0.15384615384615385,0.25,1.4999999999999998
0.65,0.075,0.275,0.725,2.0,1.5,1.3,0.9750000000000001,0.15,0.11249999999999999,0.55,0.41250000000000003,ok,`gtol` termination condition is satisfied.,True,True,True,5,1.162622832669544e-14,5.978733960281817e-16,0.0,4.440892098500626e-16,0.9313437101896571,0.9809015229412885,8.068450164206151e-10,-1.3864916579068614,0.0,0.0,1.0,-1.3864916579068614,0.8019654036400449,1.0628539158608892,0.8267177831176183,0.13094399303468388,0.7730823048033114,0.4565395814561687,0.3190560069653161,0.6434604185438314,6.5,0.15384615384615385,0.375,1.0
0.65,0.1,0.25,0.75,2.0,1.5,1.3,0.9750000000000001,0.2,0.15000000000000002,0.5,0.375,ok,`gtol` termination condition is satisfied.,True,True,True,5,5.684341886080802e-14,8.617648093045562e-16,4.440892098500626e-16,8.881784197001252e-16,0.9300847806004565,0.9810488916593741,5.010566089741257e-09,-1.5081224996746911,0.0,0.0,1.0,-1.5081224996746911,0.8017306441796568,1.0623831761031426,0.8235553620120859,0.1735964117617494,0.7730823048033112,0.4155977610472319,0.4264035882382507,0.5844022389527681,6.5,0.15384615384615385,0.5,0.7499999999999999
0.65,0.125,0.225,0.775,2.0,1.5,1.3,0.9750000000000001,0.25,0.1875,0.45,0.3375,ok,`gtol` termination condition is satisfied.,True,True,True,5,2.092721098805179e-14,6.4796043696850615e-16,0.0,7.216449660063518e-16,0.9284468720306266,0.9809752383304831,3.4338406957792282e-09,-1.6265001724387638,0.0,0.0,1.0,-1.6265001724387638,0.8018479241315704,1.0626183624625438,0.8211223182450853,0.21603693214005174,0.7730823048033113,0.3746978396304128,0.5339630678599483,0.5253021603695872,6.5,0.15384615384615385,0.625,0.6
0.65,0.15,0.2,0.8,2.0,1.5,1.3,0.9750000000000001,0.3,0.22499999999999998,0.4,0.30000000000000004,ok,`gtol` termination condition is satisfied.,True,True,True,5,5.684341886080802e-14,8.881784197001252e-16,2.220446049250313e-16,1.2212453270876722e-15,0.9264761270402819,0.9807113555662855,3.5125254014487654e-10,-1.7417970673381735,0.0,0.0,1.0,-1.7417970673381735,0.8022689361074601,1.0634623643543668,0.8192816103362988,0.2583731491982782,0.7730823048033114,0.33377322188451763,0.6416268508017218,0.4662267781154824,6.5,0.15384615384615385,0.75,0.5
0.65,0.175,0.175,0.825,2.0,1.5,1.3,0.9750000000000001,0.35,0.26249999999999996,0.35,0.26249999999999996,ok,`gtol` termination condition is satisfied.,True,True,True,5,1.9930677131477896e-14,3.3306690738754696e-16,-2.220446049250313e-16,1.0547118733938987e-15,0.9242067937814273,0.9802804600265812,4.555801937178444e-09,-1.8541668092306114,0.0,0.0,1.0,-1.8541668092306114,0.8029591714617819,1.0648451799926846,0.8179316562347512,0.30068929774924236,0.7730823048033112,0.2927686839155071,0.7493107022507575,0.40723131608449287,6.5,0.15384615384615385,0.875,0.4285714285714286
0.65,0.2,0.15,0.8500000000000001,2.0,1.5,1.3,0.9750000000000001,0.4,0.30000000000000004,0.3,0.22499999999999998,ok,`gtol` termination condition is satisfied.,True,True,True,5,2.7755575615628914e-15,7.301351988545593e-16,-2.220446049250313e-16,1.0824674490095276e-15,0.9216643126098218,0.979700193735196,1.5156126264501877e-09,-1.9637470545635602,0.0,0.0,1.0,-1.9637470545635602,0.80389405782193,1.0667164116647911,0.8169961286095397,0.3430536392234786,0.7730823048033112,0.2516368359584913,0.8569463607765215,0.3483631640415087,6.5,0.15384615384615385,1.0,0.37499999999999994
0.65,0.225,0.125,0.875,2.0,1.5,1.3,0.9750000000000001,0.45,0.3375,0.25,0.1875,ok,`gtol` termination condition is satisfied.,True,True,True,5,5.684341886080802e-14,8.455206652451151e-16,-2.220446049250313e-16,1.0269562977782698e-15,0.9188674177864818,0.9789839921038406,2.5531611709728715e-09,-2.0706617439988926,0.0,0.0,1.0,-2.0706617439988926,0.8050563927219527,1.0690402692790189,0.8164170989299646,0.3855234459463155,0.7730823048033113,0.21033565067135543,0.9644765540536846,0.2896643493286446,6.5,0.15384615384615385,1.125,0.3333333333333333
0.65,0.25,0.1,0.9,2.0,1.5,1.3,0.9750000000000001,0.5,0.375,0.2,0.15000000000000002,ok,`gtol` termination condition is satisfied.,True,True,True,5,2.7755575615628914e-15,7.135936359693696e-16,-4.440892098500626e-16,4.163336342344337e-16,0.9158295928993485,0.9781420374531649,1.866122825020325e-09,-2.175023125116944,0.0,0.0,1.0,-2.175023125116944,0.8064346064528394,1.0717921817554934,0.816150331635711,0.4281484741756086,0.7730823048033114,0.16882667055033124,1.0718515258243915,0.23117332944966879,6.5,0.15384615384615385,1.25,0.3
0.65,0.275,0.075,0.925,2.0,1.5,1.3,0.9750000000000001,0.55,0.41250000000000003,0.15,0.11249999999999999,ok,`gtol` termination condition is satisfied.,True,True,True,5,3.804947452373053e-14,5.661048867003676e-16,0.0,1.609823385706477e-15,0.9125600885414352,0.977181933000444,2.5144203369572363e-09,-2.2769334132184307,0.0,0.0,1.0,-2.2769334132184307,0.8080215724626758,1.0749564730245593,0.8161619963885531,0.4709734670011515,0.7730823048033112,0.12707365484922953,1.1790265329988485,0.17292634515077046,6.5,0.15384615384615385,1.375,0.2727272727272727
0.65,0.3,0.05,0.95,2.0,1.5,1.3,0.9750000000000001,0.6,0.44999999999999996,0.1,0.07500000000000001,ok,`gtol` termination condition is satisfied.,True,True,True,5,1.162622832669544e-14,5.551115123125783e-16,-2.220446049250313e-16,1.4988010832439613e-15,0.9090646339009489,0.9761091828239403,3.8067252923789574e-09,-2.376486232026447,0.0,0.0,1.0,-2.376486232026447,0.8098137908512067,1.0785247661136426,0.8164263391594888,0.5140400270295835,0.7730823048033114,0.08504151145841914,1.2859599729704163,0.11495848854158087,6.5,0.15384615384615385,1.5,0.25
0.65,0.325,0.025,0.9750000000000001,2.0,1.5,1.3,0.9750000000000001,0.65,0.48750000000000004,0.05,0.037500000000000006,ok,`gtol` termination condition is satisfied.,True,True,True,5,2.6829757676989476e-15,8.675560052622147e-16,2.220446049250313e-16,-1.6653345369377348e-16,0.9053459267936684,0.9749275330907623,2.2577936335073353e-09,-2.473767862962953,0.0,0.0,1.0,-2.473767862962953,0.8118108348069659,1.082494902880957,0.8169240174060539,0.5573880800486344,0.7730823048033114,0.0426954096729205,1.3926119199513658,0.057304590327079505,6.5,0.15384615384615385,1.625,0.23076923076923075
0.65,0.35,0.0,1.0,2.0,1.5,1.3,0.9750000000000001,0.7,0.5249999999999999,0.0,0.0,ok,`gtol` termination condition is satisfied.,True,True,True,5,2.7755575615628914e-15,8.005932084973442e-16,-2.220446049250313e-16,2.220446049250313e-16,0.901403956689129,0.9736392107288772,5.007241499319729e-15,-2.568858374425302,0.0,0.0,1.0,-2.568858374425302,0.8140149897874366,1.0868702441959714,0.8176409067189168,0.6010570795225088,nan,nan,1.498942920477491,nan,6.5,0.15384615384615385,1.75,0.2142857142857143
0.675,0.0,0.325,0.675,2.0,1.5,1.35,1.0125000000000002,0.0,0.0,0.65,0.48750000000000004,ok,`gtol` termination condition is satisfied.,True,True,True,5,5.167212589642417e-15,6.661338147750939e-16,-2.220446049250313e-16,8.881784197001252e-16,0.9267917786803473,0.9768643867171066,0.0,-0.9999999974752426,0.0,0.0,1.0,-0.9999999974752426,0.808550007714925,1.1173941083914773,nan,nan,0.7730823048033114,0.5421967584106797,nan,0.7578032415893203,6.75,0.14814814814814814,0.0,nan
0.675,0.025,0.3,0.7000000000000001,2.0,1.5,1.35,1.0125000000000002,0.05,0.037500000000000006,0.6,0.44999999999999996,ok,`gtol` termination condition is satisfied.,True,True,True,5,6.103769871515106e-14,4.965068306494546e-16,-2.220446049250313e-16,1.6653345369377348e-16,0.9272126439275509,0.9780330828216915,9.792920292553215e-09,-1.1278436991761573,0.0,0.0,1.0,-1.1278436991761573,0.8066138799219106,1.11338640483709,0.8429191404948962,0.04491999727142818,0.7730823048033112,0.5002621415052989,0.10508000272857185,0.699737858494701,6.75,0.14814814814814814,0.125,2.9999999999999996
0.675,0.05,0.275,0.7250000000000001,2.0,1.5,1.35,1.0125000000000002,0.1,0.07500000000000001,0.55,0.41250000000000003,ok,`gtol` termination condition is satisfied.,True,True,True,5,5.684341886080802e-14,6.661338147750939e-16,0.0,9.992007221626409e-16,0.9269652632958787,0.978798193062575,2.24971109959994e-09,-1.2520599176079694,0.0,0.0,1.0,-1.2520599176079694,0.8053594404381237,1.110785913069171,0.8372419503603551,0.08894927905477613,0.7730823048033114,0.45869600995620363,0.21105072094522392,0.6413039900437965,6.75,0.14814814814814814,0.25,1.4999999999999998
0.675,0.075,0.25,0.75,2.0,1.5,1.35,1.0125000000000002,0.15,0.11249999999999999,0.5,0.375,ok,`gtol` termination condition is satisfied.,True,True,True,5,2.325245665339088e-14,6.087272963323595e-16,0.0,3.3306690738754696e-16,0.9261736864723166,0.9792394210112568,2.0213183234036495e-09,-1.372876548946901,0.0,0.0,1.0,-1.372876548946901,0.8046407892096068,1.10929466494638,0.8328169479976932,0.13238191469053684,0.7730823048033114,0.41735276875976046,0.3176180853094631,0.5826472312402395,6.75,0.14814814814814814,0.375,1.0
0.675,0.1,0.225,0.775,2.0,1.5,1.35,1.0125000000000002,0.2,0.15000000000000002,0.45,0.3375,ok,`gtol` termination condition is satisfied.,True,True,True,5,8.71967124502158e-15,5.978733960281817e-16,0.0,7.771561172376096e-16,0.9249261307232202,0.9794137685816289,6.524498778550475e-09,-1.49049416188766,0.0,0.0,1.0,-1.49049416188766,0.804357787944647,1.1087071149692245,0.8293676603256479,0.17542536101216957,0.7730823048033113,0.37612413100435343,0.42457463898783054,0.5238758689956466,6.75,0.14814814814814814,0.5,0.7499999999999999
0.675,0.125,0.2,0.8,2.0,1.5,1.35,1.0125000000000002,0.25,0.1875,0.4,0.30000000000000004,ok,`gtol` termination condition is satisfied.,True,True,True,5,2.7902947984069054e-14,5.661048867003676e-16,0.0,1.887379141862766e-15,0.9232866443933841,0.9793629582828993,2.240222536796295e-09,-1.6050901482342508,0.0,0.0,1.0,-1.6050901482342508,0.8044402065371874,1.1088782454354393,0.8266960859396715,0.21823145514156292,0.7730823048033114,0.33492623747904005,0.531768544858437,0.46507376252096,6.75,0.14814814814814814,0.625,0.6
0.675,0.15,0.175,0.8250000000000001,2.0,1.5,1.35,1.0125000000000002,0.3,0.22499999999999998,0.35,0.26249999999999996,ok,`gtol` termination condition is satisfied.,True,True,True,5,5.684341886080802e-14,5.551115123125783e-16,-2.220446049250313e-16,1.0547118733938987e-15,0.9213023841669268,0.9791180681120922,8.263530990079737e-09,-1.7168222673764633,0.0,0.0,1.0,-1.7168222673764633,0.804838093561891,1.1097041936970602,0.8246574762578145,0.26091527116063307,0.7730823048033114,0.2936916384144882,0.6390847288393668,0.40630836158551176,6.75,0.14814814814814814,0.75,0.5
0.675,0.175,0.15,0.8500000000000001,2.0,1.5,1.35,1.0125000000000002,0.35,0.26249999999999996,0.3,0.22499999999999998,ok,`gtol` termination condition is satisfied.,True,True,True,5,5.684341886080802e-14,4.847302891456678e-16,-4.440892098500626e-16,1.4155343563970746e-15,0.9190083225267365,0.9787025343023769,4.472347463025153e-09,-1.825831488035106,0.0,0.0,1.0,-1.825831488035106,0.805515706340874,1.1111100313389053,0.8231442318942005,0.3035670542052325,0.7730823048033113,0.2523640817564479,0.7464329457947674,0.34763591824355206,6.75,0.14814814814814814,0.875,0.4285714285714286
0.675,0.2,0.125,0.875,2.0,1.5,1.35,1.0125000000000002,0.4,0.30000000000000004,0.25,0.1875,ok,`gtol` termination condition is satisfied.,True,True,True,5,2.6159013735064738e-14,4.577566798522237e-16,0.0,1.0547118733938987e-15,0.9164303821951292,0.9781341559671692,2.979431000096487e-10,-1.9322443460050303,0.0,0.0,1.0,-1.9322443460050303,0.8064475675474236,1.113041814915994,0.8220753128397869,0.3462600430231045,0.7730823048033114,0.21089498990407335,0.8537399569768958,0.28910501009592665,6.75,0.14814814814814814,1.0,0.37499999999999994
0.675,0.225,0.1,0.9,2.0,1.5,1.35,1.0125000000000002,0.45,0.3375,0.2,0.15000000000000002,ok,`gtol` termination condition is satisfied.,True,True,True,5,7.750818884463627e-15,4.2001807449902774e-16,0.0,9.71445146547012e-16,0.9135875704759124,0.9774264662356095,8.374179063924846e-10,-2.036175096684654,0.0,0.0,1.0,-2.036175096684654,0.8076158412096549,1.1154612886962905,0.8213890992547496,0.38905576837974176,0.7730823048033114,0.1692409857110013,0.9609442316202583,0.23075901428899873,6.75,0.14814814814814814,1.125,0.3333333333333333
0.675,0.25,0.075,0.925,2.0,1.5,1.35,1.0125000000000002,0.5,0.375,0.15,0.11249999999999999,ok,`gtol` termination condition is satisfied.,True,True,True,5,2.7902947984069054e-14,3.3306690738754696e-16,2.220446049250313e-16,1.1102230246251565e-15,0.9104934556146915,0.9765896878233216,5.251543555104147e-10,-2.137727360463999,0.0,0.0,1.0,-2.137727360463999,0.8090085556489494,1.1183422923094275,0.8210384769780138,0.4320077603846657,0.7730823048033113,0.12736208591659595,1.0679922396153343,0.17263791408340404,6.75,0.14814814814814814,1.25,0.3
0.675,0.275,0.05,0.9500000000000001,2.0,1.5,1.35,1.0125000000000002,0.55,0.41250000000000003,0.1,0.07500000000000001,ok,`gtol` termination condition is satisfied.,True,True,True,5,6.341579087288422e-15,7.021666937153402e-16,2.220446049250313e-16,1.5543122344752192e-15,0.907157195905673,0.9756314075748845,3.222283585552729e-09,-2.236995658394825,0.0,0.0,1.0,-2.236995658394825,0.8106183878250696,1.1216683012327566,0.8209873963459043,0.47516423345597736,0.7730823048033114,0.08522032435971519,1.1748357665440228,0.11477967564028482,6.75,0.14814814814814814,1.375,0.2727272727272727
0.675,0.3,0.025,0.9750000000000001,2.0,1.5,1.35,1.0125000000000002,0.6,0.44999999999999996,0.05,0.037500000000000006,ok,`gtol` termination condition is satisfied.,True,True,True,5,2.325245665339088e-14,3.885780586188048e-16,0.0,1.3322676295501878e-15,0.9035842544453405,0.9745570552018079,7.041476860182943e-10,-2.3340667047866597,0.0,0.0,1.0,-2.3340667047866597,0.8124418321091713,1.1254307456840078,0.8212084313998256,0.5185701078641554,0.7730823048033115,0.04277865074562766,1.2814298921358445,0.05722134925437235,6.75,0.14814814814814814,1.5,0.25
0.675,0.325,0.0,1.0,2.0,1.5,1.35,1.0125000000000002,0.65,0.48750000000000004,0.0,0.0,ok,`gtol` termination condition is satisfied.,True,True,True,5,1.073190307079579e-14,8.08254562088053e-16,0.0,1.6653345369377348e-15,0.8997768845543179,0.973370241222678,4.4578712934095365e-09,-2.4290205160151057,0.0,0.0,1.0,-2.4290205160151057,0.8144786418689617,1.1296278845980818,0.8216810352349532,0.5622686028743337,nan,nan,1.3877313971256666,nan,6.75,0.14814814814814814,1.625,0.23076923076923075
0.7,0.0,0.3,0.7,2.0,1.5,1.4,1.0499999999999998,0.0,0.0,0.6,0.44999999999999996,ok,`gtol` termination condition is satisfied.,True,True,True,4,5.684341886080802e-14,1.5982970556924734e-15,-4.440892098500626e-16,-1.1102230246251565e-16,0.9212933837235585,0.9750344984670891,2.4913328335318175e-09,-0.9999999949839113,0.0,0.0,1.0,-0.9999999949839113,0.8116290817768053,1.1653748829133157,nan,nan,0.7730823048033113,0.5034762987304471,nan,0.6965237012695529,7.0,0.14285714285714288,0.0,nan
0.7,0.025,0.275,0.725,2.0,1.5,1.4,1.0499999999999998,0.05,0.037500000000000006,0.55,0.41250000000000003,ok,`gtol` termination condition is satisfied.,True,True,True,5,5.684341886080802e-14,6.206335383118183e-16,0.0,4.718447854656915e-16,0.9217798015400416,0.9762475988378687,2.5251360155590963e-09,-1.123360755947952,0.0,0.0,1.0,-1.123360755947952,0.8095814234451847,1.16099030017844,0.8502325849314136,0.04549363149000948,0.7730823048033114,0.4612763991263819,0.10450636850999054,0.6387236008736181,7.0,0.14285714285714288,0.125,2.9999999999999996
0.7,0.05,0.25,0.75,2.0,1.5,1.4,1.0499999999999998,0.1,0.07500000000000001,0.5,0.375,ok,`gtol` termination condition is satisfied.,True,True,True,5,2.6159013735064738e-14,4.577566798522237e-16,-2.220446049250313e-16,1.6930901125533637e-15,0.9215771912332911,0.9770506156954512,1.1421075565702338e-08,-1.2433560613419379,0.0,0.0,1.0,-1.2433560613419379,0.8082398869184557,1.1581138412982077,0.8441141074415274,0.0900274429445937,0.7730823048033115,0.4194343741128956,0.20997255705540635,0.5805656258871044,7.0,0.14285714285714288,0.25,1.4999999999999998
0.7000000000000001,0.07500000000000001,0.22500000000000003,0.7750000000000001,2.0,1.5,1.4,1.0499999999999998,0.15,0.11249999999999999,0.44999999999999996,0.33749999999999997,ok,`gtol` termination condition is satisfied.,True,True,True,5,5.684341886080802e-14,4.002966042486721e-16,-4.440892098500626e-16,1.2212453270876722e-15,0.9208125492512221,0.9775240281559688,7.006431273772624e-09,-1.3601931657466537,0.0,0.0,1.0,-1.3601931657466537,0.8074542585535526,1.1564278006623145,0.8393234298838981,0.13391384532923684,0.7730823048033114,0.37780440486435773,0.3160861546707631,0.5221955951356422,7.0,0.14285714285714288,0.375,1.0
0.7,0.1,0.2,0.7999999999999999,2.0,1.5,1.4,1.0499999999999998,0.2,0.15000000000000002,0.4,0.30000000000000004,ok,`gtol` termination condition is satisfied.,True,True,True,5,2.6159013735064738e-14,9.155133597044475e-16,-4.440892098500626e-16,3.885780586188048e-16,0.9195762472835999,0.9777254488751038,1.9923490309804535e-09,-1.4740551633007961,0.0,0.0,1.0,-1.4740551633007961,0.8071211940703571,1.1557126522568852,0.835570381921461,0.17737384548912705,0.7730823048033114,0.33627763095750807,0.42262615451087304,0.463722369042492,7.0,0.14285714285714288,0.5,0.7499999999999999
0.7,0.125,0.175,0.825,2.0,1.5,1.4,1.0499999999999998,0.25,0.1875,0.35,0.26249999999999996,ok,`gtol` termination condition is satisfied.,True,True,True,5,6.9757369960172635e-15,9.485749680535094e-16,0.0,6.938893903907228e-16,0.9179339108860155,0.9776970758586101,8.407515056228978e-09,-1.5851044683180238,0.0,0.0,1.0,-1.5851044683180238,0.8071680677590045,1.1558133114699285,0.8326464421687834,0.22056957842407574,0.7730823048033112,0.2947693766101186,0.5294304215759242,0.40523062338988136,7.0,0.14285714285714288,0.625,0.6
0.7,0.15,0.15,0.85,2.0,1.5,1.4,1.0499999999999998,0.3,0.22499999999999998,0.3,0.22499999999999998,ok,`gtol` termination condition is satisfied.,True,True,True,5,5.684341886080802e-14,6.753223014464259e-16,0.0,1.4988010832439613e-15,0.9159338362946711,0.9774703498365505,3.5452995635420646e-09,-1.6934859340500275,0.0,0.0,1.0,-1.6934859340500275,0.8075431402240921,1.1566186089458137,0.8303987209401159,0.2636241694169071,0.7730823048033113,0.2532111843135134,0.6363758305830929,0.34678881568648656,7.0,0.14285714285714288,0.75,0.5
0.7,0.175,0.125,0.875,2.0,1.5,1.4,1.0499999999999998,0.35,0.26249999999999996,0.25,0.1875,ok,`gtol` termination condition is satisfied.,True,True,True,5,4.982669282869474e-15,9.155133597044475e-16,-2.220446049250313e-16,3.885780586188048e-16,0.9136117905918473,0.9770689738182935,2.5096605259254492e-09,-1.7993293677847444,0.0,0.0,1.0,-1.7993293677847444,0.8082093485069421,1.1580483243551891,0.8287132827533252,0.30663434694158365,0.7730823048033115,0.21154562385367773,0.7433656530584162,0.2884543761463223,7.0,0.14285714285714288,0.875,0.4285714285714286
0.7000000000000001,0.20000000000000004,0.10000000000000002,0.9000000000000001,2.0,1.5,1.4,1.0499999999999998,0.39999999999999997,0.3,0.19999999999999998,0.15,ok,`gtol` termination condition is satisfied.,True,True,True,5,8.719671245021581e-15,5.661048867003676e-16,0.0,1.2212453270876722e-15,0.910994208121579,0.9765109299151234,2.9293634747174266e-09,-1.9027515978293714,0.0,0.0,1.0,-1.9027515978293714,0.8091402656541544,1.1600447442142574,0.8275041412976784,0.3496787382945192,0.7730823048033115,0.16972277055358356,0.8503212617054807,0.2302772294464164,7.0,0.14285714285714288,0.9999999999999999,0.375
0.7000000000000001,0.22500000000000003,0.07500000000000001,0.925,2.0,1.5,1.4000000000000001,1.05,0.45000000000000007,0.3375,0.15000000000000002,0.11250000000000002,ok,`gtol` termination condition is satisfied.,True,True,True,5,3.10032755378545e-14,2.482534153247273e-16,-2.220446049250313e-16,9.992007221626409e-16,0.9081003655256303,0.9758098587994095,5.49496997559517e-10,-2.0038583187925143,0.0,0.0,1.0,-2.0038583187925143,0.8103174098700374,1.1625670345386951,0.8267058180749209,0.3928235088346911,0.7730823048033114,0.12769771946229194,0.957176491165309,0.1723022805377081,7.000000000000001,0.14285714285714285,1.1250000000000002,0.33333333333333326
0.7,0.25,0.05,0.95,2.0,1.5,1.4,1.0499999999999998,0.5,0.375,0.1,0.07500000000000001,ok,`gtol` termination condition is satisfied.,True,True,True,5,6.9757369960172635e-15,4.552252871008668e-16,-2.220446049250313e-16,1.4432899320127035e-15,0.9049438831731494,0.9749760202770905,3.104188125260189e-09,-2.1027455904186896,0.0,0.0,1.0,-2.1027455904186896,0.8117284225903552,1.1655874277846585,0.8262682073569062,0.4361263243381881,0.7730823048033114,0.08542875632161072,1.063873675661812,0.11457124367838929,7.0,0.14285714285714288,1.25,0.3
0.7,0.275,0.025,0.975,2.0,1.5,1.4,1.0499999999999998,0.55,0.41250000000000003,0.05,0.037500000000000006,ok,`gtol` termination condition is satisfied.,True,True,True,5,5.684341886080802e-14,4.965068306494546e-16,0.0,1.1102230246251565e-15,0.9015337670503968,0.9740169698240433,4.887791711730754e-10,-2.1995012009896526,0.0,0.0,1.0,-2.1995012009896526,0.8133658247143913,1.1690886194784234,0.826152974358268,0.47963923571220624,0.7730823048033114,0.042875948359241835,1.170360764287794,0.05712405164075817,7.0,0.14285714285714288,1.375,0.2727272727272727
0.7,0.3,0.0,1.0,2.0,1.5,1.4,1.0499999999999998,0.6,0.44999999999999996,0.0,0.0,ok,`gtol` termination condition is satisfied.,True,True,True,5,1.743934249004316e-14,9.42055475210265e-16,0.0,8.326672684688674e-16,0.897875125809607,0.9729380364165094,1.8528010811692288e-09,-2.2942058429686916,0.0,0.0,1.0,-2.2942058429686916,0.8152261708106574,1.1730620002673315,0.8263309987979346,0.5234108660642259,nan,nan,1.276589133935774,nan,7.0,0.14285714285714288,1.5,0.25
0.725,0.0,0.275,0.725,2.0,1.5,1.45,1.0875,0.0,0.0,0.55,0.41250000000000003,ok,`gtol` termination condition is satisfied.,True,True,True,5,4.8108531007015615e-15,8.881784197001252e-16,-4.440892098500626e-16,2.7755575615628914e-16,0.9155793815076007,0.973141082286307,2.405428204540292e-09,-0.9999999998806715,0.0,0.0,1.0,-0.9999999998806715,0.8148746072184828,1.2141797340328213,nan,nan,0.7730823048033112,0.46440022157520755,nan,0.6355997784247925,7.25,0.13793103448275862,0.0,nan
0.725,0.025,0.25,0.75,2.0,1.5,1.45,1.0875,0.05,0.037500000000000006,0.5,0.375,ok,`gtol` termination condition is satisfied.,True,True,True,5,5.684341886080802e-14,6.661338147750939e-16,-2.220446049250313e-16,1.2212453270876722e-15,0.916137129027404,0.9744015737864136,4.433737981895094e-09,-1.1191830366138318,0.0,0.0,1.0,-1.1191830366138318,0.812707334333443,1.2093839608697103,0.8580303108242555,0.046105600223603924,0.7730823048033113,0.42192499370920405,0.1038943997763961,0.578075006290796,7.25,0.13793103448275862,0.125,2.9999999999999996
0.725,0.05,0.225,0.775,2.0,1.5,1.45,1.0875,0.1,0.07500000000000001,0.45,0.3375,ok,`gtol` termination condition is satisfied.,True,True,True,5,8.71967124502158e-15,9.155133597044475e-16,-4.440892098500626e-16,1.609823385706477e-15,0.9159826201318556,0.9752442712781835,1.063863132767606e-09,-1.235236455423919,0.0,0.0,1.0,-1.235236455423919,0.8112732025827442,1.2062066688207516,0.8514439003353892,0.09117732168810304,0.7730823048033114,0.3797965480080963,0.208822678311897,0.5202034519919037,7.25,0.13793103448275862,0.25,1.4999999999999998
0.725,0.075,0.2,0.7999999999999999,2.0,1.5,1.45,1.0875,0.15,0.11249999999999999,0.4,0.30000000000000004,ok,`gtol` termination condition is satisfied.,True,True,True,5,4.650491330678176e-14,5.095246377785861e-16,-2.220446049250313e-16,8.881784197001252e-16,0.9152463696844337,0.9757507572843246,3.63102097099772e-09,-1.3483494625840975,0.0,0.0,1.0,-1.3483494625840975,0.8104170309091264,1.2043082580727311,0.8462658084929642,0.13554744883120898,0.7730823048033114,0.3378685042235617,0.314452551168791,0.46213149577643836,7.25,0.13793103448275862,0.375,1.0
0.725,0.1,0.175,0.825,2.0,1.5,1.45,1.0875,0.2,0.15000000000000002,0.35,0.26249999999999996,ok,`gtol` termination condition is satisfied.,True,True,True,5,5.684341886080802e-14,8.220759195387499e-16,-4.440892098500626e-16,6.106226635438361e-16,0.9140212596162773,0.9759794590521124,1.948178059890135e-10,-1.4586896808121508,0.0,0.0,1.0,-1.4586896808121508,0.8100318651265515,1.203453816102071,0.8421912373655794,0.17945161825508776,0.7730823048033112,0.29603119603011513,0.4205483817449123,0.4039688039698848,7.25,0.13793103448275862,0.5,0.7499999999999999
0.725,0.125,0.15,0.85,2.0,1.5,1.45,1.0875,0.25,0.1875,0.3,0.22499999999999998,ok,`gtol` termination condition is satisfied.,True,True,True,5,5.684341886080802e-14,4.710277376051325e-16,0.0,1.6653345369377348e-16,0.9123747151740331,0.9759731790147341,3.579977787320394e-10,-1.5664063801911656,0.0,0.0,1.0,-1.5664063801911656,0.8100424296191814,1.2034772555261797,0.8390004933117843,0.22306306861813718,0.7730823048033113,0.25419894653344743,0.5269369313818628,0.34580105346655254,7.25,0.13793103448275862,0.625,0.6
0.725,0.15,0.125,0.875,2.0,1.5,1.45,1.0875,0.3,0.22499999999999998,0.25,0.1875,ok,`gtol` termination condition is satisfied.,True,True,True,5,1.5160477989251146e-16,5.661048867003676e-16,0.0,7.771561172376096e-16,0.9103563069753341,0.9757638017603928,4.802887227651965e-09,-1.6716330443648808,0.0,0.0,1.0,-1.6716330443648808,0.8103950381073288,1.2042594766639807,0.8365320766733135,0.26651361085221165,0.7730823048033113,0.2123021224985751,0.6334863891477882,0.2876978775014249,7.25,0.13793103448275862,0.75,0.5
0.7250000000000001,0.17500000000000002,0.10000000000000002,0.9000000000000001,2.0,1.5,1.45,1.0875,0.35,0.26249999999999996,0.19999999999999998,0.15,ok,`gtol` termination condition is satisfied.,True,True,True,5,9.965338565738948e-15,4.855242786854203e-16,-4.440892098500626e-16,3.3306690738754696e-16,0.9080026700311298,0.9753753459499384,1.8489793560170383e-09,-1.774489621312666,0.0,0.0,1.0,-1.774489621312666,0.8110512132978362,1.205714563285899,0.8346653754352377,0.30990698345453693,0.7730823048033113,0.17028194526714488,0.7400930165454629,0.2297180547328551,7.25,0.13793103448275862,0.875,0.4285714285714286
0.725,0.2,0.075,0.925,2.0,1.5,1.45,1.0875,0.4,0.30000000000000004,0.15,0.11249999999999999,ok,`gtol` termination condition is satisfied.,True,True,True,5,3.487868498008632e-14,7.514536976383426e-16,2.220446049250313e-16,1.27675647831893e-15,0.9053407772358711,0.9748260024304684,1.1523827494607748e-09,-1.8750843389556344,0.0,0.0,1.0,-1.8750843389556344,0.8119835318809262,1.2077807919483783,0.8333092116492549,0.3533276635141855,0.7730823048033112,0.12808695757032565,0.8466723364858146,0.17191304242967434,7.25,0.13793103448275862,1.0,0.37499999999999994
0.725,0.225,0.05,0.95,2.0,1.5,1.45,1.0875,0.45,0.3375,0.1,0.07500000000000001,ok,`gtol` termination condition is satisfied.,True,True,True,5,1.5501637768927254e-14,7.021666937153402e-16,-2.220446049250313e-16,7.216449660063518e-16,0.9023901635114926,0.9741295273238736,1.893397058613107e-09,-1.973515340819402,0.0,0.0,1.0,-1.973515340819402,0.8131728568915041,1.2104146413997978,0.8323940772213235,0.3968468772606038,0.7730823048033114,0.08567051548910924,0.9531531227393963,0.11432948451089077,7.25,0.13793103448275862,1.125,0.3333333333333333
0.725,0.25,0.025,0.975,2.0,1.5,1.45,1.0875,0.5,0.375,0.05,0.037500000000000006,ok,`gtol` termination condition is satisfied.,True,True,True,5,6.9757369960172635e-15,6.661338147750939e-16,0.0,1.7763568394002505e-15,0.8991644563348594,0.9732962105040919,1.2745100998093837e-09,-2.069872039038569,0.0,0.0,1.0,-2.069872039038569,0.8146064657708142,1.2135867402133635,0.831866765532834,0.44052684144935644,0.7730823048033114,0.04298892707316972,1.0594731585506436,0.05701107292683028,7.25,0.13793103448275862,1.25,0.3
0.725,0.275,0.0,1.0,2.0,1.5,1.45,1.0875,0.55,0.41250000000000003,0.0,0.0,ok,`gtol` termination condition is satisfied.,True,True,True,5,1.9024737261865264e-14,1.3322676295501878e-15,4.440892098500626e-16,2.220446049250313e-15,0.8956724312386933,0.9723335553783831,4.09728460878481e-09,-2.1642363285505652,0.0,0.0,1.0,-2.1642363285505652,0.8162767766769436,1.2172791113034975,0.8316866015762324,0.48442386875025395,nan,nan,1.1655761312497461,nan,7.25,0.13793103448275862,1.375,0.2727272727272727
0.75,0.0,0.25,0.75,2.0,1.5,1.5,1.125,0.0,0.0,0.5,0.375,ok,`gtol` termination condition is satisfied.,True,True,True,5,4.650491330678176e-15,7.550332863779066e-16,4.440892098500626e-16,7.771561172376096e-16,0.9096324128134007,0.9711780272458926,2.3252459642264837e-09,-0.9999999998004896,0.0,0.0,1.0,-0.9999999998004896,0.818301512773428,1.2638797776768103,nan,nan,0.7730823048033115,0.4249421491106756,nan,0.5750578508893244,7.5,0.13333333333333333,0.0,nan
0.75,0.025,0.225,0.775,2.0,1.5,1.5,1.125,0.05,0.037500000000000006,0.45,0.3375,ok,`gtol` termination condition is satisfied.,True,True,True,5,5.684341886080802e-14,3.1401849173675503e-16,-4.440892098500626e-16,2.7755575615628914e-16,0.9102680447013428,0.9724892836686501,6.358326409835358e-09,-1.1152805219049786,0.0,0.0,1.0,-1.1152805219049786,0.816005548890753,1.2586342532419905,0.8663472600720664,0.0467592056708704,0.7730823048033113,0.3821808742892114,0.10324079432912962,0.5178191257107887,7.5,0.13333333333333333,0.125,2.9999999999999996
0.75,0.05,0.2,0.8,2.0,1.5,1.5,1.125,0.1,0.07500000000000001,0.4,0.30000000000000004,ok,`gtol` termination condition is satisfied.,True,True,True,5,7.847704120519421e-14,5.978733960281817e-16,-2.220446049250313e-16,2.7755575615628914e-16,0.9101654503340746,0.9733737122047544,3.452574504070743e-09,-1.2276444769336892,0.0,0.0,1.0,-1.2276444769336892,0.8144726509675447,1.2551283860790396,0.8592644832757214,0.09240504234322984,0.7730823048033114,0.33975462571977566,0.20759495765677022,0.4602453742802244,7.5,0.13333333333333333,0.25,1.4999999999999998
0.75,0.075,0.175,0.825,2.0,1.5,1.5,1.125,0.15,0.11249999999999999,0.35,0.26249999999999996,ok,`gtol` termination condition is satisfied.,True,True,True,5,5.81311416334772e-14,5.551115123125783e-16,-6.661338147750939e-16,9.992007221626409e-16,0.9094592969761942,0.9739143499301574,1.1466117598518356e-09,-1.3372651224582235,0.0,0.0,1.0,-1.3372651224582235,0.8135419391315263,1.2529981807792463,0.8536759243014124,0.13729138425983742,0.7730823048033112,0.29751612587917886,0.3127086157401625,0.4024838741208211,7.5,0.13333333333333333,0.375,1.0
0.75,0.1,0.15,0.85,2.0,1.5,1.5,1.125,0.2,0.15000000000000002,0.3,0.22499999999999998,ok,`gtol` termination condition is satisfied.,True,True,True,5,5.684341886080802e-14,1.0053497077208614e-15,-2.220446049250313e-16,1.1102230246251565e-15,0.908245370565976,0.9741706571544148,7.239979362415293e-09,-1.4442965228620042,0.0,0.0,1.0,-1.4442965228620042,0.8131023968053884,1.251991718546247,0.8492611282170822,0.18166970279657313,0.7730823048033112,0.2553546640116302,0.41833029720342696,0.34464533598836977,7.5,0.13333333333333333,0.5,0.7499999999999999
0.75,0.125,0.125,0.875,2.0,1.5,1.5,1.125,0.25,0.1875,0.25,0.1875,ok,`gtol` termination condition is satisfied.,True,True,True,5,5.684341886080802e-14,7.835728851042836e-16,0.0,1.7208456881689926e-15,0.9065931408845583,0.9741861787114523,3.508359807369552e-09,-1.5488762426723208,0.0,0.0,1.0,-1.5488762426723208,0.8130758139361296,1.2519308398702258,0.8457885129461704,0.22572523806181882,0.7730823048033115,0.213183364714468,0.5242747619381811,0.28681663528553203,7.5,0.13333333333333333,0.625,0.6
0.75,0.15,0.1,0.9,2.0,1.5,1.5,1.125,0.3,0.22499999999999998,0.2,0.15000000000000002,ok,`gtol` termination condition is satisfied.,True,True,True,5,5.684341886080802e-14,1.1174851121785398e-15,0.0,9.43689570931383e-16,0.9045535992842803,0.9739933293066406,4.225779224721322e-09,-1.6511277239489437,0.0,0.0,1.0,-1.6511277239489437,0.8134063806358941,1.2526878103183767,0.8430874592750414,0.26959919446979197,0.7730823048033112,0.17093123180649675,0.6304008055302079,0.22906876819350327,7.5,0.13333333333333333,0.75,0.5
0.75,0.175,0.075,0.925,2.0,1.5,1.5,1.125,0.35,0.26249999999999996,0.15,0.11249999999999999,ok,`gtol` termination condition is satisfied.,True,True,True,5,5.684341886080802e-14,5.551115123125783e-16,0.0,2.0539125955565396e-15,0.9021643252969774,0.9736164942711163,3.0281391695629716e-09,-1.7511621517603542,0.0,0.0,1.0,-1.7511621517603542,0.8140541024838498,1.254170570148279,0.8410303137807645,0.3134029109595686,0.7730823048033113,0.12853794200111363,0.7365970890404312,0.17146205799888636,7.5,0.13333333333333333,0.875,0.4285714285714286
0.75,0.2,0.05,0.95,2.0,1.5,1.5,1.125,0.4,0.30000000000000004,0.1,0.07500000000000001,ok,`gtol` termination condition is satisfied.,True,True,True,5,1.743934249004316e-14,5.978733960281817e-16,6.661338147750939e-16,1.887379141862766e-15,0.8994528535992199,0.9730740985532392,2.267325131424528e-09,-1.8490801646666863,0.0,0.0,1.0,-1.8490801646666863,0.8149905115739181,1.256313130910032,0.8395204493868155,0.35722723582097193,0.7730823048033115,0.08595028652249773,0.8427727641790282,0.11404971347750228,7.5,0.13333333333333333,1.0,0.37499999999999994
0.75,0.225,0.025,0.975,2.0,1.5,1.5,1.125,0.45,0.3375,0.05,0.037500000000000006,ok,`gtol` termination condition is satisfied.,True,True,True,5,5.684341886080802e-14,3.1401849173675503e-16,2.220446049250313e-16,1.3322676295501878e-15,0.8964389561329302,0.9723800189206873,1.0654282290997736e-09,-1.9449732274374472,0.0,0.0,1.0,-1.9449732274374472,0.8161958112764274,1.2590691839529677,0.8384841554115802,0.40114894369798554,0.7730823048033115,0.04311962903409752,0.9488510563020145,0.05688037096590248,7.5,0.13333333333333333,1.125,0.3333333333333333
0.75,0.25,0.0,1.0,2.0,1.5,1.5,1.125,0.5,0.375,0.0,0.0,ok,`gtol` termination condition is satisfied.,True,True,True,5,6.9757369960172635e-15,9.155133597044475e-16,0.0,9.992007221626409e-16,0.8931362055616908,0.9715445631943627,1.2561516668958162e-09,-2.038924887663884,0.0,0.0,1.0,-2.038924887663884,0.8176569489802133,1.2624077885194802,0.8378650221087317,0.4452352841579795,nan,nan,1.0547647158420204,nan,7.5,0.13333333333333333,1.25,0.3
0.775,0.0,0.225,0.775,2.0,1.5,1.55,1.1625,0.0,0.0,0.45,0.3375,ok,`gtol` termination condition is satisfied.,True,True,True,5,9.000950962602921e-15,3.8559277963506344e-16,2.220446049250313e-16,1.4432899320127035e-15,0.9034325170014001,0.9691382669742982,2.250234985035809e-09,-0.9999999997254769,0.0,0.0,1.0,-0.9999999997254769,0.8219270550857058,1.3145564248126327,nan,nan,0.7730823048033114,0.3850725213169973,nan,0.5149274786830027,7.75,0.12903225806451613,0.0,nan
0.775,0.025,0.2,0.8,2.0,1.5,1.55,1.1625,0.05,0.037500000000000006,0.4,0.30000000000000004,ok,`gtol` termination condition is satisfied.,True,True,True,5,1.743934249004316e-14,2.482534153247273e-16,0.0,1.1657341758564144e-15,0.9041535316411332,0.9705041288679844,8.422295723014076e-09,-1.1116270121226886,0.0,0.0,1.0,-1.1116270121226886,0.8194921335701983,1.3088175199371992,0.8752226720102738,0.04745821322155802,0.7730823048033114,0.3420137300797072,0.102541786778442,0.45798626992029284,7.75,0.12903225806451613,0.125,2.9999999999999996
0.775,0.05,0.175,0.8250000000000001,2.0,1.5,1.55,1.1625,0.1,0.07500000000000001,0.35,0.26249999999999996,ok,`gtol` termination condition is satisfied.,True,True,True,5,1.743934249004316e-14,5.978733960281817e-16,-2.220446049250313e-16,5.551115123125783e-16,0.9041072393363242,0.9714326615368124,8.85799906001397e-09,-1.2205305801707644,0.0,0.0,1.0,-1.2205305801707644,0.817853504416676,1.3049519354644528,0.867613058172953,0.09371758067862064,0.7730823048033111,0.29927733670154216,0.20628241932137942,0.4007226632984578,7.75,0.12903225806451613,0.25,1.4999999999999998
0.775,0.075,0.15,0.85,2.0,1.5,1.55,1.1625,0.15,0.11249999999999999,0.3,0.22499999999999998,ok,`gtol` termination condition is satisfied.,True,True,True,5,3.487868498008632e-14,8.005932084973442e-16,-4.440892098500626e-16,3.3306690738754696e-16,0.9034331761557296,0.9720087413207034,1.934327581739382e-09,-1.326869860562704,0.0,0.0,1.0,-1.326869860562704,0.8168437574900095,1.3025683517919895,0.8615895099184899,0.13915550492969608,0.7730823048033113,0.2567148269093621,0.3108444950703039,0.3432851730906379,7.75,0.12903225806451613,0.375,1.0
0.775,0.1,0.125,0.875,2.0,1.5,1.55,1.1625,0.2,0.15000000000000002,0.25,0.1875,ok,`gtol` termination condition is satisfied.,True,True,True,5,1.743934249004316e-14,5.978733960281817e-16,-4.440892098500626e-16,3.3306690738754696e-16,0.9022304748650369,0.9722931004149594,5.034188904649231e-09,-1.4307868760919682,0.0,0.0,1.0,-1.4307868760919682,0.8163473002147157,1.3013959625886296,0.8568147641048041,0.1840406465146967,0.7730823048033112,0.21421419646652795,0.4159593534853034,0.28578580353347205,7.75,0.12903225806451613,0.5,0.7499999999999999
0.775,0.125,0.1,0.9,2.0,1.5,1.55,1.1625,0.25,0.1875,0.2,0.15000000000000002,ok,`gtol` termination condition is satisfied.,True,True,True,5,9.000950962602921e-15,4.965068306494546e-16,-4.440892098500626e-16,7.771561172376096e-16,0.9005709228507106,0.9723301762283337,3.611124148498486e-09,-1.5324088652722636,0.0,0.0,1.0,-1.5324088652722636,0.8162826664028225,1.3012433058821957,0.8530445569608934,0.22857125408927445,0.7730823048033114,0.17168715648872152,0.5214287459107255,0.2283128435112785,7.75,0.12903225806451613,0.625,0.6
0.775,0.15,0.075,0.925,2.0,1.5,1.55,1.1625,0.3,0.22499999999999998,0.15,0.11249999999999999,ok,`gtol` termination condition is satisfied.,True,True,True,5,1.162622832669544e-14,8.08254562088053e-16,-2.220446049250313e-16,9.992007221626409e-16,0.8985070925515617,0.9721530065416775,3.1909560276069524e-10,-1.6318502820525058,0.0,0.0,1.0,-1.6318502820525058,0.8165917245896565,1.3019732126495303,0.8500985921531414,0.27289872081510264,0.7730823048033112,0.12906113561239593,0.6271012791848973,0.17093886438760406,7.75,0.12903225806451613,0.75,0.5
0.775,0.175,0.05,0.95,2.0,1.5,1.55,1.1625,0.35,0.26249999999999996,0.1,0.07500000000000001,ok,`gtol` termination condition is satisfied.,True,True,True,5,1.9930677131477896e-14,3.608224830031759e-16,-6.661338147750939e-16,6.661338147750939e-16,0.8960775878780116,0.9717863969877839,2.9764597658585243e-10,-1.729214578304474,0.0,0.0,1.0,-1.729214578304474,0.8172328507028018,1.3034869828552111,0.8478417822926948,0.31714265312992934,0.7730823048033115,0.08627403645191445,0.7328573468700705,0.11372596354808556,7.75,0.12903225806451613,0.875,0.4285714285714286
0.775,0.2,0.025,0.9750000000000001,2.0,1.5,1.55,1.1625,0.4,0.30000000000000004,0.05,0.037500000000000006,ok,`gtol` termination condition is satisfied.,True,True,True,5,5.684341886080802e-14,5.978733960281817e-16,0.0,5.551115123125783e-16,0.8933105227548587,0.9712490312198496,1.952194308397821e-09,-1.824595613196688,0.0,0.0,1.0,-1.824595613196688,0.8181764834461017,1.305714094508473,0.8461717813558314,0.3614008653173125,0.7730823048033112,0.043270636867638226,0.8385991346826877,0.05672936313236178,7.75,0.12903225806451613,1.0,0.37499999999999994
0.775,0.225,0.0,1.0,2.0,1.5,1.55,1.1625,0.45,0.3375,0.0,0.0,ok,`gtol` termination condition is satisfied.,True,True,True,5,1.5501637768927254e-14,7.771561172376096e-16,-2.220446049250313e-16,6.106226635438361e-16,0.8902258706127869,0.9705549079714895,1.3117317459149714e-09,-1.9180789417188908,0.0,0.0,1.0,-1.9180789417188908,0.8194021696294052,1.3086053684279417,0.8450105035206608,0.40575624400433574,nan,nan,0.9442437559956643,nan,7.75,0.12903225806451613,1.125,0.3333333333333333
0.8,0.0,0.2,0.8,2.0,1.5,1.6,1.2000000000000002,0.0,0.0,0.4,0.30000000000000004,ok,`gtol` termination condition is satisfied.,True,True,True,5,4.35983562251079e-15,6.753223014464259e-16,0.0,0.0,0.8969565574002418,0.9670135632548046,2.1799167144946394e-09,-0.9999999996551583,0.0,0.0,1.0,-0.9999999996551583,0.8257713433109248,1.3663036378211992,nan,nan,0.7730823048033115,0.34475797001541747,nan,0.4552420299845826,8.0,0.125,0.0,nan
0.8,0.025,0.175,0.8250000000000001,2.0,1.5,1.6,1.2000000000000002,0.05,0.037500000000000006,0.35,0.26249999999999996,ok,`gtol` termination condition is satisfied.,True,True,True,5,6.103769871515106e-14,5.978733960281817e-16,2.220446049250313e-16,1.1657341758564144e-15,0.8977716107807703,0.9684384397916624,1.7589072781200161e-09,-1.108199536043748,0.0,0.0,1.0,-1.108199536043748,0.8231857552491125,1.3600216124030804,0.8847009902962146,0.04820695232817534,0.7730823048033112,0.30138935496728736,0.10179304767182468,0.3986106450327126,8.0,0.125,0.125,2.9999999999999996
0.8,0.05,0.15,0.8500000000000001,2.0,1.5,1.6,1.2000000000000002,0.1,0.07500000000000001,0.3,0.22499999999999998,ok,`gtol` termination condition is satisfied.,True,True,True,5,5.684341886080802e-14,7.771561172376096e-16,0.0,8.881784197001252e-16,0.8977867020060795,0.9694138322267951,3.388786748495504e-09,-1.2138512692872923,0.0,0.0,1.0,-1.2138512692872923,0.8214334813873551,1.3557611068956648,0.8765317163194867,0.09512294321287784,0.7730823048033113,0.2583293904028252,0.2048770567871222,0.34167060959717477,8.0,0.125,0.25,1.4999999999999998
0.8,0.075,0.125,0.875,2.0,1.5,1.6,1.2000000000000002,0.15,0.11249999999999999,0.25,0.1875,ok,`gtol` termination condition is satisfied.,True,True,True,5,4.35983562251079e-15,4.002966042486721e-16,0.0,7.216449660063518e-16,0.8971470605314468,0.970026887185215,3.5814001212477616e-09,-1.3171018528179177,0.0,0.0,1.0,-1.3171018528179177,0.8203396209066172,1.3531000127834323,0.8700469935369106,0.14115111248854662,0.7730823048033112,0.21542797686517448,0.30884888751145334,0.28457202313482555,8.0,0.125,0.375,1.0
0.8,0.1,0.1,0.9,2.0,1.5,1.6,1.2000000000000002,0.2,0.15000000000000002,0.2,0.15000000000000002,ok,`gtol` termination condition is satisfied.,True,True,True,5,3.487868498008632e-14,4.577566798522237e-16,0.0,1.1102230246251565e-15,0.8959556719481417,0.9703398749964921,1.8254549807254504e-09,-1.4180825800441041,0.0,0.0,1.0,-1.4180825800441041,0.8197834144358691,1.3517464312204346,0.8648914481683363,0.18657884432887034,0.7730823048033114,0.17257155214439177,0.41342115567112975,0.22742844785560826,8.0,0.125,0.5,0.7499999999999999
0.8,0.125,0.075,0.925,2.0,1.5,1.6,1.2000000000000002,0.25,0.1875,0.15,0.11249999999999999,ok,`gtol` termination condition is satisfied.,True,True,True,5,1.9857159247553444e-16,4.965068306494546e-16,2.220446049250313e-16,1.887379141862766e-15,0.8942869498791829,0.9703982918747494,2.866774641502309e-09,-1.5169114665778316,0.0,0.0,1.0,-1.5169114665778316,0.8196797720054017,1.3514941711974056,0.8608072475365864,0.2316185343847593,0.7730823048033113,0.12967017548021145,0.5183814656152407,0.17032982451978854,8.0,0.125,0.625,0.6
0.8,0.15,0.05,0.9500000000000001,2.0,1.5,1.6,1.2000000000000002,0.3,0.22499999999999998,0.1,0.07500000000000001,ok,`gtol` termination condition is satisfied.,True,True,True,5,5.684341886080802e-14,4.742874840267547e-16,2.220446049250313e-16,1.27675647831893e-15,0.8921952251180184,0.9702359001819714,5.014050932837739e-09,-1.6136950151677136,0.0,0.0,1.0,-1.6136950151677136,0.8199680171441434,1.3521957156858124,0.8576038035435674,0.2764326652996835,0.7730823048033114,0.0866494555270736,0.6235673347003163,0.11335054447292642,8.0,0.125,0.75,0.5
0.8,0.175,0.025,0.9750000000000001,2.0,1.5,1.6,1.2000000000000002,0.35,0.26249999999999996,0.05,0.037500000000000006,ok,`gtol` termination condition is satisfied.,True,True,True,5,4.35983562251079e-15,5.978733960281817e-16,0.0,1.3322676295501878e-15,0.8897202087312714,0.9698779825396022,2.926517579698442e-09,-1.7085297401007273,0.0,0.0,1.0,-1.7085297401007273,0.8206047728781992,1.3537451723227538,0.8551381708294643,0.3211498715034202,0.7730823048033114,0.04344524813624927,0.7288501284965796,0.05655475186375074,8.0,0.125,0.875,0.4285714285714286
0.8,0.2,0.0,1.0,2.0,1.5,1.6,1.2000000000000002,0.4,0.30000000000000004,0.0,0.0,ok,`gtol` termination condition is satisfied.,True,True,True,5,6.103769871515106e-14,1.0934428697813141e-15,-6.661338147750939e-16,4.440892098500626e-16,0.8868906024537929,0.9693435044614589,1.097979314548233e-09,-1.8015035121380936,0.0,0.0,1.0,-1.8015035121380936,0.8215593367925337,1.3560672071541366,0.853302002642195,0.36587561895994786,nan,nan,0.8341243810400523,nan,8.0,0.125,1.0,0.37499999999999994
0.825,0.0,0.175,0.825,2.0,1.5,1.65,1.2374999999999998,0.0,0.0,0.35,0.26249999999999996,ok,`gtol` termination condition is satisfied.,True,True,True,5,4.2277193915256145e-15,4.742874840267547e-16,0.0,8.326672684688674e-16,0.890177471830004,0.9647942225382247,0.0,-0.9999999974752426,0.0,0.0,1.0,-0.9999999974752426,0.8298580252496016,1.41923086775905,nan,nan,0.7730823048033112,0.30396051938374713,nan,0.3960394806162528,8.25,0.12121212121212123,0.0,nan
0.825,0.025,0.15,0.85,2.0,1.5,1.65,1.2374999999999998,0.05,0.037500000000000006,0.3,0.22499999999999998,ok,`gtol` termination condition is satisfied.,True,True,True,5,4.2277193915256145e-15,4.965068306494546e-16,0.0,1.887379141862766e-15,0.8910966572743563,0.9662832236622737,5.959999907221939e-09,-1.1049779253816738,0.0,0.0,1.0,-1.1049779253816738,0.827108293049362,1.412348522785111,0.8948330372305554,0.04901044760036184,0.7730823048033113,0.26026883789508704,0.10098955239963818,0.33973116210491294,8.25,0.12121212121212123,0.125,2.9999999999999996
0.825,0.05,0.125,0.875,2.0,1.5,1.65,1.2374999999999998,0.1,0.07500000000000001,0.25,0.1875,ok,`gtol` termination condition is satisfied.,True,True,True,5,2.6159013735064738e-14,3.1401849173675503e-16,-2.220446049250313e-16,1.1102230246251565e-16,0.8911790639224302,0.9673086921442262,6.611740999923659e-09,-1.207568257479257,0.0,0.0,1.0,-1.207568257479257,0.8252333138039213,1.4076529848585808,0.8860685252243151,0.09663040306004377,0.7730823048033115,0.2168706425285261,0.20336959693995627,0.28312935747147394,8.25,0.12121212121212123,0.25,1.4999999999999998
0.8250000000000001,0.07500000000000001,0.10000000000000002,0.9000000000000001,2.0,1.5,1.6499999999999997,1.2374999999999998,0.15,0.11249999999999999,0.19999999999999998,0.15,ok,`gtol` termination condition is satisfied.,True,True,True,5,2.325245665339088e-14,5.551115123125783e-16,-2.220446049250313e-16,1.6653345369377348e-15,0.8905765814014869,0.9679605386486206,4.765936109403077e-09,-1.3079065493971176,0.0,0.0,1.0,-1.3079065493971176,0.824049568398855,1.4046872094149372,0.8790945351844442,0.14329128566472749,0.7730823048033113,0.17361388586857368,0.30670871433527247,0.22638611413142629,8.249999999999998,0.12121212121212124,0.375,1.0
0.8250000000000001,0.10000000000000002,0.07500000000000001,0.925,2.0,1.5,1.6500000000000001,1.2375,0.20000000000000004,0.15000000000000002,0.15000000000000002,0.11250000000000002,ok,`gtol` termination condition is satisfied.,True,True,True,5,5.684341886080802e-14,4.002966042486721e-16,-2.220446049250313e-16,1.2212453270876722e-15,0.8893966357344593,0.9683028743383181,5.900552969239398e-09,-1.4061145055708077,0.0,0.0,1.0,-1.4061145055708077,0.8234304416531093,1.4031355939700787,0.8735360903380476,0.1893009574369638,0.7730823048033114,0.130383162091383,0.4106990425630363,0.16961683790861704,8.25,0.12121212121212122,0.5000000000000001,0.7499999999999998
0.825,0.125,0.05,0.95,2.0,1.5,1.65,1.2374999999999998,0.25,0.1875,0.1,0.07500000000000001,ok,`gtol` termination condition is satisfied.,True,True,True,5,5.684341886080802e-14,4.002966042486721e-16,-2.220446049250313e-16,1.1102230246251565e-15,0.8877166203454783,0.9683824413651496,3.308687825964904e-09,-1.5023019168330733,0.0,0.0,1.0,-1.5023019168330733,0.8232867948991464,1.4027755497803047,0.8691207860366589,0.2348872593145889,0.7730823048033114,0.08708660929457941,0.5151127406854111,0.1129133907054206,8.25,0.12121212121212123,0.625,0.6
0.825,0.15,0.025,0.975,2.0,1.5,1.65,1.2374999999999998,0.3,0.22499999999999998,0.05,0.037500000000000006,ok,`gtol` termination condition is satisfied.,True,True,True,5,1.743934249004316e-14,9.155133597044475e-16,-2.220446049250313e-16,2.220446049250313e-16,0.8855928220356136,0.9682338389509264,3.540227347657242e-09,-1.5965681763397246,0.0,0.0,1.0,-1.5965681763397246,0.8235551525415689,1.403448162032747,0.8656470592117592,0.2802247931428601,0.7730823048033114,0.04364772870597083,0.6197752068571398,0.05635227129402918,8.25,0.12121212121212123,0.75,0.5
0.825,0.175,0.0,1.0,2.0,1.5,1.65,1.2374999999999998,0.35,0.26249999999999996,0.0,0.0,ok,`gtol` termination condition is satisfied.,True,True,True,5,1.9930677131477896e-14,2.618455766672135e-16,-4.440892098500626e-16,1.3322676295501878e-15,0.8830661437771715,0.9678828868155791,3.1660341812534604e-09,-1.6890036604055831,0.0,0.0,1.0,-1.6890036604055831,0.8241902498404332,1.405039732349182,0.8629636467981231,0.3254520975164323,nan,nan,0.7245479024835675,nan,8.25,0.12121212121212123,0.875,0.4285714285714286
0.85,0.0,0.15,0.85,2.0,1.5,1.7,1.275,0.0,0.0,0.3,0.22499999999999998,ok,`gtol` termination condition is satisfied.,True,True,True,5,4.103374703539567e-15,4.440892098500626e-16,0.0,7.771561172376096e-16,0.8830632785931088,0.9624687183589287,4.103375452782743e-09,-1.000000001578621,0.0,0.0,1.0,-1.000000001578621,0.8342151998683138,1.4734669425871814,nan,nan,0.7730823048033113,0.26263654832357475,nan,0.33736345167642523,8.5,0.11764705882352942,0.0,nan
0.85,0.025,0.125,0.875,2.0,1.5,1.7,1.275,0.05,0.037500000000000006,0.25,0.1875,ok,`gtol` termination condition is satisfied.,True,True,True,5,3.487868498008632e-14,7.021666937153402e-16,-2.220446049250313e-16,8.881784197001252e-16,0.8840984991854834,0.964027829323242,1.7236244894572662e-09,-1.101944309732837,0.0,0.0,1.0,-1.101944309732837,0.8312856471859477,1.465917847214206,0.9056775584130011,0.04987459191922031,0.7730823048033112,0.21860751531519082,0.10012540808077972,0.28139248468480915,8.5,0.11764705882352942,0.125,2.9999999999999996
0.85,0.05,0.1,0.9,2.0,1.5,1.7,1.275,0.1,0.07500000000000001,0.2,0.15000000000000002,ok,`gtol` termination condition is satisfied.,True,True,True,5,1.743934249004316e-14,6.661338147750939e-16,-6.661338147750939e-16,-1.6653345369377348e-16,0.8842552115544627,0.9651071539412629,3.851536561892682e-09,-1.201647659562035,0.0,0.0,1.0,-1.201647659562035,0.8292774946910935,1.4607411573084856,0.8962789536321017,0.09825081027814744,0.7730823048033112,0.17485501803134038,0.2017491897218526,0.22514498196865965,8.5,0.11764705882352942,0.25,1.4999999999999998
0.8500000000000001,0.07500000000000001,0.07500000000000001,0.925,2.0,1.5,1.7000000000000002,1.2750000000000001,0.15000000000000002,0.11250000000000002,0.15000000000000002,0.11250000000000002,ok,`gtol` termination condition is satisfied.,True,True,True,5,8.206749407079134e-15,7.021666937153402e-16,-2.220446049250313e-16,1.0547118733938987e-15,0.8836931206994343,0.9657999453119789,3.0445272212543616e-09,-1.2992356117452846,0.0,0.0,1.0,-1.2992356117452846,0.8279972583703896,1.4574398622221625,0.8887853836687817,0.14559131221091673,0.7730823048033113,0.1312246785724819,0.30440868778908337,0.16877532142751814,8.5,0.11764705882352941,0.37500000000000006,0.9999999999999998
0.85,0.1,0.05,0.95,2.0,1.5,1.7,1.275,0.2,0.15000000000000002,0.1,0.07500000000000001,ok,`gtol` termination condition is satisfied.,True,True,True,5,2.6159013735064738e-14,6.437857749532317e-16,-2.220446049250313e-16,5.551115123125783e-16,0.8825247869529388,0.9661725064628727,8.760375790090759e-10,-1.394821342941697,0.0,0.0,1.0,-1.394821342941697,0.8273116518649013,1.4556715273540826,0.8828005345826425,0.19222646360165496,0.7730823048033115,0.08759893390331898,0.4077735363983451,0.11240106609668103,8.5,0.11764705882352942,0.5,0.7499999999999999
0.85,0.125,0.025,0.975,2.0,1.5,1.7,1.275,0.25,0.1875,0.05,0.037500000000000006,ok,`gtol` termination condition is satisfied.,True,True,True,5,8.206749407079134e-15,5.978733960281817e-16,2.220446049250313e-16,8.881784197001252e-16,0.8808309942800355,0.9662730397737987,5.1953088701925495e-09,-1.4885072798198484,0.0,0.0,1.0,-1.4885072798198484,0.8271269907550839,1.4551951947379276,0.8780362819649307,0.23840104622755504,0.7730823048033114,0.04388369107261066,0.511598953772445,0.05611630892738934,8.5,0.11764705882352942,0.625,0.6
0.85,0.15,0.0,1.0,2.0,1.5,1.7,1.275,0.3,0.22499999999999998,0.0,0.0,ok,`gtol` termination condition is satisfied.,True,True,True,5,1.162622832669544e-14,5.721958498152797e-16,-2.220446049250313e-16,3.3306690738754696e-16,0.8786702076651418,0.9661371071048453,3.478834829829826e-09,-1.5803864769081808,0.0,0.0,1.0,-1.5803864769081808,0.8273767089713909,1.455839336785484,0.8742793213922694,0.28430297103793895,nan,nan,0.6156970289620609,nan,8.5,0.11764705882352942,0.75,0.5
0.875,0.0,0.125,0.875,2.0,1.5,1.75,1.3125,0.0,0.0,0.25,0.1875,ok,`gtol` termination condition is satisfied.,True,True,True,5,9.720843384060804e-17,7.021666937153402e-16,0.0,8.881784197001252e-16,0.8755757328436635,0.9600231787847565,1.9930677355336043e-09,-0.9999999954821738,0.0,0.0,1.0,-0.9999999954821738,0.8388766542176779,1.5291653132159209,nan,nan,0.7730823048033113,0.22073541893758358,nan,0.2792645810624164,8.75,0.1142857142857143,0.0,nan
0.875,0.025,0.1,0.9,2.0,1.5,1.75,1.3125,0.05,0.037500000000000006,0.2,0.15000000000000002,ok,`gtol` termination condition is satisfied.,True,True,True,5,4.35983562251079e-14,7.771561172376096e-16,0.0,1.1102230246251565e-15,0.8767412073573331,0.9616594953637431,5.5419362636989435e-09,-1.099082904530285,0.0,0.0,1.0,-1.099082904530285,0.8357488279565571,1.5208714269189099,0.9173032911469003,0.05080637922348194,0.7730823048033114,0.17635359175908488,0.09919362077651808,0.22364640824091514,8.75,0.1142857142857143,0.125,2.9999999999999996
0.875,0.05,0.075,0.925,2.0,1.5,1.75,1.3125,0.1,0.07500000000000001,0.15,0.11249999999999999,ok,`gtol` termination condition is satisfied.,True,True,True,5,9.591638369523738e-14,1.0235750533041806e-15,-2.220446049250313e-16,-1.1102230246251565e-16,0.8769805555286482,0.9627971584700824,1.5250168926971469e-09,-1.1960594096478179,0.0,0.0,1.0,-1.1960594096478179,0.8335952809626398,1.5151599990206552,0.9072277728009305,0.09999700753131607,0.7730823048033113,0.13222909560474122,0.20000299246868397,0.16777090439525877,8.75,0.1142857142857143,0.25,1.4999999999999998
0.875,0.075,0.05,0.95,2.0,1.5,1.75,1.3125,0.15,0.11249999999999999,0.1,0.07500000000000001,ok,`gtol` termination condition is satisfied.,True,True,True,5,1.162622832669544e-14,1.3506446028928519e-15,0.0,9.43689570931383e-16,0.87646270590678,0.9635334568730067,1.4897321842314498e-09,-1.2910461285556585,0.0,0.0,1.0,-1.2910461285556585,0.8322109266292163,1.5114878587896063,0.8991816843819772,0.14806926642622473,0.7730823048033114,0.0882048146022925,0.3019307335737752,0.11179518539770751,8.75,0.1142857142857143,0.375,1.0
0.875,0.1,0.025,0.975,2.0,1.5,1.75,1.3125,0.2,0.15000000000000002,0.05,0.037500000000000006,ok,`gtol` termination condition is satisfied.,True,True,True,5,3.487868498008632e-14,4.440892098500626e-16,-4.440892098500626e-16,-5.551115123125783e-16,0.8753061871522355,0.9639373009456949,1.717645864717469e-09,-1.3841486047334859,0.0,0.0,1.0,-1.3841486047334859,0.8314548271466985,1.5094819404531943,0.8927453277415732,0.19537839300483179,0.7730823048033115,0.04416067863740891,0.4046216069951683,0.05583932136259109,8.75,0.1142857142857143,0.5,0.7499999999999999
0.875,0.125,0.0,1.0,2.0,1.5,1.75,1.3125,0.25,0.1875,0.0,0.0,ok,`gtol` termination condition is satisfied.,True,True,True,5,5.580589596813811e-14,8.881784197001252e-16,0.0,9.992007221626409e-16,0.8735956580331797,0.9640586030370979,5.100324168256786e-09,-1.475462652299555,0.0,0.0,1.0,-1.475462652299555,0.8312281632236797,1.5088805608485019,0.887613527462155,0.24218785273584403,nan,nan,0.5078121472641559,nan,8.75,0.1142857142857143,0.625,0.6
0.9,0.0,0.1,0.9,2.0,1.5,1.8,1.35,0.0,0.0,0.2,0.15000000000000002,ok,`gtol` termination condition is satisfied.,True,True,True,5,1.162622832669544e-14,1.0532500405730103e-15,-4.440892098500626e-16,5.551115123125783e-16,0.8676684702700818,0.9574406752953817,3.875407265041618e-09,-1.0000000013506498,0.0,0.0,1.0,-1.0000000013506498,0.8438835771035978,1.5865112878328986,nan,nan,0.7730823048033114,0.17819762531250485,nan,0.22180237468749517,9.0,0.11111111111111112,0.0,nan
0.9,0.025,0.075,0.925,2.0,1.5,1.8,1.35,0.05,0.037500000000000006,0.15,0.11249999999999999,ok,`gtol` termination condition is satisfied.,True,True,True,5,3.487868498008632e-14,5.978733960281817e-16,0.0,8.881784197001252e-16,0.8689814364475956,0.9591627281114979,1.0915656014921696e-10,-1.0963796714535365,0.0,0.0,1.0,-1.0963796714535365,0.8405354527828247,1.5773796986335877,0.9297917915969611,0.05181422410412951,0.7730823048033113,0.1334462864874903,0.09818577589587052,0.1665537135125097,9.0,0.11111111111111112,0.125,2.9999999999999996
0.9,0.05,0.05,0.9500000000000001,2.0,1.5,1.8,1.35,0.1,0.07500000000000001,0.1,0.07500000000000001,ok,`gtol` termination condition is satisfied.,True,True,True,5,1.743934249004316e-14,7.108895957933346e-16,0.0,9.992007221626409e-16,0.8693134790571357,0.96036410382069,1.8876811908371043e-09,-1.1907767639993379,0.0,0.0,1.0,-1.1907767639993379,0.8382220659464777,1.571070506176862,0.9189916443774121,0.10188439815594313,0.7730823048033114,0.08893021026681912,0.1981156018440569,0.1110697897331809,9.0,0.11111111111111112,0.25,1.4999999999999998
0.9,0.075,0.025,0.975,2.0,1.5,1.8,1.35,0.15,0.11249999999999999,0.05,0.037500000000000006,ok,`gtol` termination condition is satisfied.,True,True,True,5,5.684341886080802e-14,4.965068306494546e-16,0.0,4.996003610813204e-16,0.8688445042948036,0.961146977968568,3.3730156292280558e-09,-1.2832998843770111,0.0,0.0,1.0,-1.2832998843770111,0.8367246953474222,1.5669866171858406,0.9103569358177765,0.15074679687335318,0.7730823048033115,0.04448910598972958,0.29925320312664677,0.05551089401027043,9.0,0.11111111111111112,0.375,1.0
0.9,0.1,0.0,1.0,2.0,1.5,1.8,1.35,0.2,0.15000000000000002,0.0,0.0,ok,`gtol` termination condition is satisfied.,True,True,True,5,2.6159013735064738e-14,7.771561172376096e-16,2.220446049250313e-16,1.3322676295501878e-15,0.8677000311145388,0.9615833707402809,4.716405861042102e-09,-1.3740476929085697,0.0,0.0,1.0,-1.3740476929085697,0.8358935523380476,1.5647196488539041,0.9034421240217836,0.19878433208905424,nan,nan,0.4012156679109459,nan,9.0,0.11111111111111112,0.5,0.7499999999999999
0.925,0.0,0.075,0.925,2.0,1.5,1.85,1.3875000000000002,0.0,0.0,0.15,0.11249999999999999,ok,`gtol` termination condition is satisfied.,True,True,True,5,7.541337292991636e-15,7.021666937153402e-16,-2.220446049250313e-16,9.992007221626409e-16,0.8592843766900452,0.9547002108231963,0.0,-0.9999999974752426,0.0,0.0,1.0,-0.9999999974752426,0.8492869941935817,1.6457322638520897,nan,nan,0.7730823048033114,0.13495223335397125,nan,0.16504776664602874,9.25,0.10810810810810811,0.0,nan
0.925,0.025,0.05,0.9500000000000001,2.0,1.5,1.85,1.3875000000000002,0.05,0.037500000000000006,0.1,0.07500000000000001,ok,`xtol` termination condition is satisfied.,True,True,True,5,5.2318027470129476e-14,7.216449660063518e-16,2.220446049250313e-16,1.6653345369377348e-15,0.8607660952569689,0.956518424549521,3.833612448293706e-09,-1.0938220878244964,0.0,0.0,1.0,-1.0938220878244964,0.8456918543617393,1.6356505953411655,0.9432413920328762,0.052908411241279325,0.7730823048033115,0.08981328482420295,0.0970915887587207,0.11018671517579706,9.25,0.10810810810810811,0.125,2.9999999999999996
0.925,0.05,0.025,0.9750000000000001,2.0,1.5,1.85,1.3875000000000002,0.1,0.07500000000000001,0.05,0.037500000000000006,ok,`gtol` termination condition is satisfied.,True,True,True,5,5.684341886080802e-14,5.978733960281817e-16,-2.220446049250313e-16,8.881784197001252e-16,0.8612031701389676,0.9577900443078868,5.051156416782678e-09,-1.185775879203444,0.0,0.0,1.0,-1.185775879203444,0.8432013023502083,1.6286684316865168,0.9316627251039756,0.1039317408084485,0.7730823048033114,0.04488385154681696,0.19606825919155155,0.05511614845318304,9.25,0.10810810810810811,0.25,1.4999999999999998
0.925,0.075,0.0,1.0,2.0,1.5,1.85,1.3875000000000002,0.15,0.11249999999999999,0.0,0.0,ok,`gtol` termination condition is satisfied.,True,True,True,5,2.325245665339088e-14,5.978733960281817e-16,-4.440892098500626e-16,-1.1102230246251565e-16,0.8607887234896552,0.9586232048850062,8.304484313959689e-09,-1.2759627856580875,0.0,0.0,1.0,-1.2759627856580875,0.8415804031623582,1.6241248260176708,0.9223994046314954,0.1536502257870315,nan,nan,0.2963497742129685,nan,9.25,0.10810810810810811,0.375,1.0
0.95,0.0,0.05,0.95,2.0,1.5,1.9,1.4249999999999998,0.0,0.0,0.1,0.07500000000000001,ok,`gtol` termination condition is satisfied.,True,True,True,5,5.684341886080802e-14,7.991485278462367e-16,-2.220446049250313e-16,5.551115123125783e-16,0.8503517483137402,0.9517752361694657,1.8357197847553743e-09,-0.9999999956395241,0.0,0.0,1.0,-0.9999999956395241,0.8551513327131646,1.7071126358510507,nan,nan,0.7730823048033114,0.09091323753215595,nan,0.10908676246784406,9.5,0.10526315789473685,0.0,nan
0.95,0.025,0.025,0.975,2.0,1.5,1.9,1.4249999999999998,0.05,0.037500000000000006,0.05,0.037500000000000006,ok,`gtol` termination condition is satisfied.,True,True,True,5,3.487868498008632e-14,6.661338147750939e-16,-4.440892098500626e-16,1.2212453270876722e-15,0.8520289818869231,0.9537026002161941,1.6112263578798949e-09,-1.091398983589072,0.0,0.0,1.0,-1.091398983589072,0.8512761340977576,1.6959423770251718,0.957772896409107,0.05410174543045245,0.7730823048033114,0.04536713663725531,0.09589825456954756,0.05463286336274469,9.5,0.10526315789473685,0.125,2.9999999999999996
0.95,0.05,0.0,1.0,2.0,1.5,1.9,1.4249999999999998,0.1,0.07500000000000001,0.0,0.0,ok,`gtol` termination condition is satisfied.,True,True,True,5,8.71967124502158e-15,4.965068306494546e-16,-6.661338147750939e-16,4.440892098500626e-16,0.8525865092496117,0.955052535702228,4.180916248013279e-09,-1.1810354710076096,0.0,0.0,1.0,-1.1810354710076096,0.8485872707715247,1.6881959412634808,0.9453538252442972,0.10616229169272058,nan,nan,0.19383770830727948,nan,9.5,0.10526315789473685,0.25,1.4999999999999998
0.975,0.0,0.025,0.975,2.0,1.5,1.95,1.4625,0.0,0.0,0.05,0.037500000000000006,ok,`gtol` termination condition is satisfied.,True,True,True,5,7.154602047197194e-15,6.661338147750939e-16,4.440892098500626e-16,1.4432899320127035e-15,0.840778484760179,0.9486313964936116,5.365952319949612e-09,-0.9999999921092896,0.0,0.0,1.0,-0.9999999921092896,0.8615598277882472,1.7710162982133557,nan,nan,0.7730823048033114,0.04597419646292584,nan,0.05402580353707417,9.75,0.10256410256410257,0.0,nan
0.975,0.025,0.0,1.0,2.0,1.5,1.95,1.4625,0.05,0.037500000000000006,0.0,0.0,ok,`gtol` termination condition is satisfied.,True,True,True,5,2.6159013735064738e-14,6.661338147750939e-16,-2.220446049250313e-16,3.885780586188048e-16,0.8426857591632012,0.9506844815764292,2.842826142935263e-09,-1.089100388663402,0.0,0.0,1.0,-1.089100388663402,0.8573627345174355,1.7585827524361375,0.9735380536355549,0.05541052353391205,nan,nan,0.09458947646608798,nan,9.75,0.10256410256410257,0.125,2.9999999999999996
1.0,0.0,0.0,1.0,2.0,1.5,2.0,1.5,0.0,0.0,0.0,0.0,ok,`gtol` termination condition is satisfied.,True,True,True,1,0.0,5.978733960281817e-16,0.0,1.1102230246251565e-15,0.830442922077477,0.9452229580296896,3.487868549534312e-09,-0.999999993987374,0.0,0.0,1.0,-0.999999993987374,0.8686230813390072,1.8379220986118359,nan,nan,nan,nan,nan,nan,10.0,0.1,0.0,nan
