rho_sg,rho_gfm,rho_gfl,grid_forming_fraction,S_total,P_load,Sr_sg,Pset_sg,Sr_gfm,Pset_gfm,Sr_gfl,Pset_gfl,status,message,equilibrium_valid,capacity_feasible,locally_stable,nfev,max_differential_residual,max_kcl_residual,active_power_balance,reactive_balance_residual,min_bus_voltage_pu,max_bus_voltage_pu,rotational_eigenvalue_abs,critical_eigenvalue_real,critical_eigenvalue_imag,critical_mode_frequency_hz,critical_damping_ratio,max_nontrivial_real_part,loading_sg,current_sg,loading_gfm,current_gfm,loading_gfl,current_gfl,gfm_current_margin,gfl_current_margin,Hsys_sg,Xsys_sg,Hsys_gfm,Xsys_gfm
0.0,0.0,1.0,0.0,2.0,1.5,0.0,0.0,0.0,0.0,2.0,1.5,no_voltage_forming_reference,no_voltage_forming_reference,False,False,False,,,,,,,,,,,,,,,,,,,,,,,,,
0.0,0.025,0.975,0.025,2.0,1.5,0.0,0.0,0.05,0.037500000000000006,1.95,1.4625,ok,`gtol` termination condition is satisfied.,True,True,True,4,1.1335572618528054e-13,8.622116668970984e-16,-2.220446049250313e-16,-5.134781488891349e-16,0.9943951852827657,1.0161903557054202,1.0508049541613218e-08,-7.883185298133298,0.0,0.0,1.0,-7.883185298133298,nan,nan,0.7627839918196506,0.03835416759398054,0.7730823048033113,1.4834922275167348,0.11164583240601948,2.416507772483265,0.0,nan,0.125,2.9999999999999996
0.0,0.05,0.95,0.05,2.0,1.5,0.0,0.0,0.1,0.07500000000000001,1.9,1.4249999999999998,ok,`gtol` termination condition is satisfied.,True,True,True,4,1.3951473992034528e-13,5.117875266520903e-16,0.0,8.708311849403572e-16,1.0001114031436236,1.020375645119936,1.493249079942416e-08,-7.883185272692763,0.0,0.0,1.0,-7.883185272692763,nan,nan,0.7584355616443589,0.07583510789501936,0.7730823048033113,1.439525126017331,0.2241648921049807,2.360474873982669,0.0,nan,0.25,1.4999999999999998
0.0,0.075,0.925,0.075,2.0,1.5,0.0,0.0,0.15,0.11249999999999999,1.85,1.3875000000000002,ok,`gtol` termination condition is satisfied.,True,True,True,4,1.685803107370839e-13,4.2276033262255756e-16,0.0,4.874572967494828e-16,1.0008410891662924,1.0195976976831331,4.424439481454101e-09,-7.883185291468381,0.0,0.0,1.0,-7.883185291468381,nan,nan,0.7579418169452566,0.11359572840528971,0.7730823048033115,1.4027123316735848,0.33640427159471026,2.2972876683264154,0.0,nan,0.375,1.0
0.0,0.1,0.9,0.1,2.0,1.5,0.0,0.0,0.2,0.15000000000000002,1.8,1.35,ok,`gtol` termination condition is satisfied.,True,True,True,4,1.2207539743030213e-13,7.499143576176368e-16,2.220446049250313e-16,-4.49293380277993e-16,1.0005433243513542,1.0177465092791096,7.105427357601002e-15,-7.883185287625245,0.0,0.0,1.0,-7.883185287625245,nan,nan,0.7581415967178335,0.15154598072189068,0.7730823048033114,1.3672836368966004,0.4484540192781094,2.2327163631033997,0.0,nan,0.5,0.7499999999999999
0.0,0.125,0.875,0.125,2.0,1.5,0.0,0.0,0.25,0.1875,1.75,1.3125,ok,`gtol` termination condition is satisfied.,True,True,True,4,1.3951473992034527e-14,5.978733960281817e-16,-4.440892098500626e-16,-7.112366251504909e-17,0.9998554712354835,1.0154472265518673,8.84888606833556e-10,-7.883185286391567,0.0,0.0,1.0,-7.883185286391567,nan,nan,0.7586120750302505,0.18968043303620233,0.7730823048033113,1.332313485162384,0.5603195669637977,2.167686514837616,0.0,nan,0.625,0.6
0.0,0.15,0.85,0.15,2.0,1.5,0.0,0.0,0.3,0.22499999999999998,1.7,1.275,ok,`gtol` termination condition is satisfied.,True,True,True,4,5.81311416334772e-15,7.499143576176368e-16,2.220446049250313e-16,1.0061396160665481e-16,0.9989727926483514,1.0128903370941211,6.63666455125167e-09,-7.883185293680589,0.0,0.0,1.0,-7.883185293680589,nan,nan,0.7592340779757452,0.22800443122068187,0.7730823048033114,1.2975145186358963,0.671995568779318,2.102485481364104,0.0,nan,0.75,0.5
0.0,0.175,0.825,0.175,2.0,1.5,0.0,0.0,0.35,0.26249999999999996,1.65,1.2374999999999998,ok,`gtol` termination condition is satisfied.,True,True,True,4,4.9826692828694736e-14,1.0007415106216803e-15,0.0,4.740131898106625e-16,0.9979748070607453,1.0101524475496708,2.5282496096679097e-09,-7.883185289406105,0.0,0.0,1.0,-7.883185289406105,nan,nan,0.759961906178423,0.266526434615957,0.7730823048033113,1.2627656409878083,0.7834735653840428,2.0372343590121913,0.0,nan,0.875,0.4285714285714286
0.0,0.2,0.8,0.2,2.0,1.5,0.0,0.0,0.4,0.30000000000000004,1.6,1.2000000000000002,ok,`gtol` termination condition is satisfied.,True,True,True,4,5.684341886080802e-14,4.335559509131367e-16,2.220446049250313e-16,4.568827954853916e-16,0.9968996958119927,1.0072694151523334,6.63666455125167e-09,-7.883185280988583,0.0,0.0,1.0,-7.883185280988583,nan,nan,0.7607749376665172,0.30525636264613465,0.7730823048033115,1.2280048109057617,0.8947436373538655,1.9719951890942384,0.0,nan,1.0,0.37499999999999994
0.0,0.225,0.775,0.225,2.0,1.5,0.0,0.0,0.45,0.3375,1.55,1.1625,ok,`gtol` termination condition is satisfied.,True,True,True,4,6.200655107570901e-14,5.266250202865052e-16,-4.440892098500626e-16,-9.152834740122628e-16,0.9957678246742367,1.004259459611644,3.552713678800501e-15,-7.883185287431472,0.0,0.0,1.0,-7.883185287431472,nan,nan,0.7616630727652539,0.34420511915666047,0.7730823048033114,1.1931952056578257,1.0057948808433397,1.9068047943421744,0.0,nan,1.125,0.3333333333333333
0.0,0.25,0.75,0.25,2.0,1.5,0.0,0.0,0.5,0.375,1.5,1.125,ok,`gtol` termination condition is satisfied.,True,True,True,4,5.684341886080802e-14,5.273559366969494e-16,-4.440892098500626e-16,-8.144526719711109e-16,0.9945908245104348,1.0011320786678988,1.3273369070532226e-09,-7.883185288603788,0.0,0.0,1.0,-7.883185288603788,nan,nan,0.7626213102040302,0.383384448865901,0.7730823048033112,1.1583121567215748,1.116615551134099,1.8416878432784252,0.0,nan,1.25,0.3
0.0,0.275,0.725,0.275,2.0,1.5,0.0,0.0,0.55,0.41250000000000003,1.45,1.0875,ok,`gtol` termination condition is satisfied.,True,True,True,4,1.9024737261865264e-14,5.661048867003676e-16,0.0,-1.0200174038743626e-15,0.9933756123816153,0.9978919887848026,1.6088899101873722e-09,-7.883185285540736,0.0,0.0,1.0,-7.883185285540736,nan,nan,0.7636474118518161,0.42280691340059723,0.7730823048033115,1.1233373496964119,1.227193086599403,1.776662650303588,0.0,nan,1.375,0.2727272727272727
0.0,0.3,0.7,0.3,2.0,1.5,0.0,0.0,0.6,0.44999999999999996,1.4,1.0499999999999998,ok,`gtol` termination condition is satisfied.,True,True,True,4,5.81311416334772e-15,4.47545209131181e-16,-2.220446049250313e-16,2.7755575615628914e-17,0.9921263602994979,0.9945410468216624,7.374083565991896e-10,-7.8831852863065155,0.0,0.0,1.0,-7.8831852863065155,nan,nan,0.7647407883497837,0.4624859205145569,0.7730823048033112,1.0882559650840762,1.337514079485443,1.7117440349159236,0.0,nan,1.5,0.25
0.0,0.325,0.675,0.325,2.0,1.5,0.0,0.0,0.65,0.48750000000000004,1.35,1.0125000000000002,ok,`gtol` termination condition is satisfied.,True,True,True,4,5.902546688937685e-14,7.301351988545593e-16,0.0,9.80118763926896e-16,0.9908306226027167,0.9910792573032291,1.361367019114823e-09,-7.883185288852458,0.0,0.0,1.0,-7.883185288852458,nan,nan,0.7659019266131626,0.5024357827907492,0.7730823048033114,1.0530551454828336,1.4475642172092509,1.6469448545171665,0.0,nan,1.625,0.23076923076923075
0.0,0.35,0.65,0.35,2.0,1.5,0.0,0.0,0.7,0.5249999999999999,1.3,0.9750000000000001,ok,`gtol` termination condition is satisfied.,True,True,True,4,1.9930677131477896e-14,1.0838898772828417e-15,0.0,4.649058915617843e-16,0.9875053281475707,0.9895344840158758,0.0,-7.883185286877843,0.0,0.0,1.0,-7.883185286877843,nan,nan,0.7671320808260232,0.5426717969432594,0.7730823048033114,1.0177231125725317,1.5573282030567404,1.5822768874274684,0.0,nan,1.75,0.2142857142857143
0.0,0.375,0.625,0.375,2.0,1.5,0.0,0.0,0.75,0.5625,1.25,0.9375,ok,`gtol` termination condition is satisfied.,True,True,True,4,9.300982661356352e-15,7.850462293418876e-17,0.0,3.8163916471489756e-17,0.983816986800274,0.9881937716325965,0.0,-7.883185287276456,0.0,0.0,1.0,-7.883185287276456,nan,nan,0.7684331017489674,0.5832103407812198,0.7730823048033115,0.9822486234427257,1.66678965921878,1.5177513765572743,0.0,nan,1.875,0.19999999999999998
0.0,0.4,0.6,0.4,2.0,1.5,0.0,0.0,0.8,0.6000000000000001,1.2,0.8999999999999999,ok,`gtol` termination condition is satisfied.,True,True,True,4,5.684341886080802e-14,6.597425008528065e-16,-2.220446049250313e-16,1.700029006457271e-16,0.980011160884274,0.9868233916843431,5.530544910925528e-10,-7.8831852881783036,0.0,0.0,1.0,-7.8831852881783036,nan,nan,0.76980734382555,0.624068987672955,0.7730823048033113,0.9466206128988384,1.7759310123270453,1.4533793871011615,0.0,nan,2.0,0.18749999999999997
0.0,0.425,0.575,0.425,2.0,1.5,0.0,0.0,0.85,0.6375,1.15,0.8624999999999999,ok,`gtol` termination condition is satisfied.,True,True,True,4,5.684341886080802e-14,4.577566798522237e-16,0.0,-3.469446951953614e-17,0.9760840774055491,0.9854228920473177,1.5615686521641692e-09,-7.8831852886738885,0.0,0.0,1.0,-7.8831852886738885,nan,nan,0.7712576191614893,0.6652666399146194,0.7730823048033113,0.910827941059039,1.8847333600853804,1.3891720589409609,0.0,nan,2.125,0.17647058823529413
0.0,0.45,0.55,0.45,2.0,1.5,0.0,0.0,0.9,0.675,1.1,0.8250000000000001,ok,`gtol` termination condition is satisfied.,True,True,True,4,2.325245665339088e-14,4.847302891456678e-16,-2.220446049250313e-16,-4.544975507059235e-16,0.9720313097353733,0.9839914535547102,9.83206405180681e-10,-7.88318528841468,0.0,0.0,1.0,-7.88318528841468,nan,nan,0.772787181952183,0.706823683523278,0.7730823048033114,0.8748592013102475,1.9931763164767222,1.3251407986897528,0.0,nan,2.25,0.16666666666666666
0.0,0.475,0.525,0.475,2.0,1.5,0.0,0.0,0.95,0.7124999999999999,1.05,0.7875000000000001,ok,`gtol` termination condition is satisfied.,True,True,True,4,7.342881048439225e-15,1.5700924586837752e-16,0.0,3.365363543395006e-16,0.9678477885449096,0.9825279364262685,9.314540250215941e-10,-7.883185287914207,0.0,0.0,1.0,-7.883185287914207,nan,nan,0.774399734500343,0.7487621679758043,0.7730823048033114,0.8387025621703027,2.1012378320241956,1.2612974378296973,0.0,nan,2.375,0.15789473684210525
0.0,0.5,0.5,0.5,2.0,1.5,0.0,0.0,1.0,0.75,1.0,0.75,ok,`gtol` termination condition is satisfied.,True,True,True,4,5.684341886080802e-14,2.0206364052201326e-16,0.0,1.3877787807814457e-17,0.9635277856089082,0.9810309048145429,4.42444303416778e-10,-7.883185287718898,0.0,0.0,1.0,-7.883185287718898,nan,nan,0.7760994501717517,0.7911060154812024,0.7730823048033113,0.8023456265091065,2.208893984518798,1.1976543734908935,0.0,nan,2.5,0.15
0.0,0.525,0.475,0.525,2.0,1.5,0.0,0.0,1.05,0.7875000000000001,0.95,0.7124999999999999,ok,`gtol` termination condition is satisfied.,True,True,True,4,6.6435590438259655e-15,1.1710090180710446e-15,2.220446049250313e-16,1.1934897514720433e-15,0.9590648750923756,0.9794986353320931,8.427605280303396e-10,-7.883185288384947,0.0,0.0,1.0,-7.883185288384947,nan,nan,0.7778910111551481,0.8338812656293078,0.7730823048033114,0.7657752969968865,2.3161187343706926,1.1342247030031134,0.0,nan,2.625,0.14285714285714285
0.0,0.55,0.45,0.55,2.0,1.5,0.0,0.0,1.1,0.8250000000000001,0.9,0.675,ok,`gtol` termination condition is satisfied.,True,True,True,4,5.684341886080802e-14,4.2276033262255756e-16,2.220446049250313e-16,-5.898059818321144e-16,0.954451874171274,0.9779291129088044,4.022240318590775e-10,-7.883185287551847,0.0,0.0,1.0,-7.883185287551847,nan,nan,0.7797796605536484,0.8771163628186234,0.7730823048033114,0.7289776395767498,2.4228836371813767,1.0710223604232503,0.0,nan,2.75,0.13636363636363635
0.0,0.575,0.425,0.575,2.0,1.5,0.0,0.0,1.15,0.8624999999999999,0.85,0.6375,ok,`gtol` termination condition is satisfied.,True,True,True,4,6.065858257406317e-15,5.117875266520903e-16,0.0,5.551115123125783e-17,0.9496807628619365,0.9763200157029059,7.694644921230065e-10,-7.883185288167245,0.0,0.0,1.0,-7.883185288167245,nan,nan,0.7817712695838305,0.9208424958635508,0.7730823048033114,0.6919377382169275,2.5291575041364487,1.0080622617830723,0.0,nan,2.875,0.13043478260869565
0.0,0.6,0.4,0.6,2.0,1.5,0.0,0.0,1.2,0.8999999999999999,0.8,0.6000000000000001,ok,`gtol` termination condition is satisfied.,True,True,True,4,5.684341886080802e-14,6.206335383118183e-16,-2.220446049250313e-16,-4.163336342344337e-16,0.9447425813096335,0.9746686896435679,1.4748096077710215e-09,-7.883185285569119,0.0,0.0,1.0,-7.883185285569119,nan,nan,0.7838724217553945,0.9650940017889196,0.7730823048033114,0.6546395347029995,2.63490599821108,0.9453604652970006,0.0,nan,3.0,0.125
0.0,0.625,0.375,0.625,2.0,1.5,0.0,0.0,1.25,0.9375,0.75,0.5625,ok,`gtol` termination condition is satisfied.,True,True,True,4,5.580589596813811e-15,4.710277376051325e-16,2.220446049250313e-16,-1.3877787807814457e-16,0.9396273012316603,0.9729721122748429,3.539604165325727e-10,-7.8831852869224965,0.0,0.0,1.0,-7.8831852869224965,nan,nan,0.7860905170276581,1.0099088492754316,0.7730823048033114,0.6170656470309753,2.7400911507245684,0.8829343529690247,0.0,nan,3.125,0.12
0.0,0.65,0.35,0.65,2.0,1.5,0.0,0.0,1.3,0.9750000000000001,0.7,0.5249999999999999,ok,`gtol` termination condition is satisfied.,True,True,True,4,1.073190307079579e-14,4.440892098500626e-16,-2.220446049250313e-16,-3.3306690738754696e-16,0.9343236665036148,0.9712268447410807,6.80682177289782e-10,-7.883185288171778,0.0,0.0,1.0,-7.883185288171778,nan,nan,0.7884339002392231,1.0553292218608674,0.7730823048033112,0.579197159146588,2.844670778139133,0.8208028408534119,0.0,nan,3.25,0.11538461538461538
0.0,0.675,0.325,0.675,2.0,1.5,0.0,0.0,1.35,1.0125000000000002,0.65,0.48750000000000004,ok,`gtol` termination condition is satisfied.,True,True,True,4,1.0334425179284835e-14,4.440892098500626e-16,-2.220446049250313e-16,5.689893001203927e-16,0.928818995803845,0.969428969879318,6.554756737386924e-10,-7.883185288345308,0.0,0.0,1.0,-7.883185288345308,nan,nan,0.7909120197430761,1.1014022273195245,0.7730823048033114,0.5410133733185135,2.9485977726804764,0.7589866266814865,0.0,nan,3.375,0.1111111111111111
0.0,0.7,0.3,0.7,2.0,1.5,0.0,0.0,1.4,1.0499999999999998,0.6,0.44999999999999996,ok,`gtol` termination condition is satisfied.,True,True,True,4,9.965338565738948e-15,7.850462293418876e-16,2.220446049250313e-16,0.0,0.9230989375348255,0.9675740133463899,1.2641230284771154e-09,-7.883185288141966,0.0,0.0,1.0,-7.883185288141966,nan,nan,0.7935356243510442,1.1481807683623098,0.7730823048033113,0.5024915142040094,3.0518192316376895,0.6975084857959906,0.0,nan,3.5,0.10714285714285715
0.0,0.725,0.275,0.725,2.0,1.5,0.0,0.0,1.45,1.0875,0.55,0.41250000000000003,ok,`gtol` termination condition is satisfied.,True,True,True,4,5.0911894898503796e-17,5.23691153334427e-16,0.0,-1.1102230246251565e-16,0.9171471635745101,0.9656568433686357,1.220534784351912e-09,-7.883185288304561,0.0,0.0,1.0,-7.883185288304561,nan,nan,0.7963170096797321,1.1957246220175386,0.7730823048033113,0.4636063704156873,3.154275377982461,0.6363936295843128,0.0,nan,3.625,0.10344827586206896
0.0,0.75,0.25,0.75,2.0,1.5,0.0,0.0,1.5,1.125,0.5,0.375,ok,`gtol` termination condition is satisfied.,True,True,True,4,0.0,3.1401849173675503e-16,-4.440892098500626e-16,4.163336342344337e-16,0.9109449832662109,0.9636715428710791,2.3596982146045775e-09,-7.883185289636157,0.0,0.0,1.0,-7.883185289636157,nan,nan,0.7992703292135475,1.244101792451406,0.7730823048033113,0.42432985471384327,3.255898207548594,0.5756701452861568,0.0,nan,3.75,0.09999999999999999
0.0,0.775,0.225,0.775,2.0,1.5,0.0,0.0,1.55,1.1625,0.45,0.3375,ok,`gtol` termination condition is satisfied.,True,True,True,4,2.0083287292024585e-16,2.482534153247273e-16,0.0,-5.551115123125783e-17,0.9044708516473655,0.9616112451392639,5.708944428306495e-10,-7.883185286885585,0.0,0.0,1.0,-7.883185286885585,nan,nan,0.8024119915097782,1.2933902272118643,0.7730823048033112,0.3846304571649414,3.3566097727881363,0.5153695428350586,0.0,nan,3.875,0.0967741935483871
0.0,0.8,0.2,0.8,2.0,1.5,0.0,0.0,1.6,1.2000000000000002,0.4,0.30000000000000004,ok,`gtol` termination condition is satisfied.,True,True,True,4,8.71967124502158e-15,2.482534153247273e-16,0.0,8.326672684688674e-17,0.8976997349938235,0.9594679203476788,5.530580438062316e-10,-7.8831852881783,0.0,0.0,1.0,-7.8831852881783,nan,nan,0.805761174008143,1.343680024180339,0.7730823048033112,0.34447255565186524,3.4563199758196617,0.4555274443481348,0.0,nan,4.0,0.09374999999999999
0.0,0.825,0.175,0.825,2.0,1.5,0.0,0.0,1.65,1.2374999999999998,0.35,0.26249999999999996,ok,`gtol` termination condition is satisfied.,True,True,True,5,2.5366316349153687e-14,1.3322676295501878e-15,2.220446049250313e-16,1.1934897514720433e-15,0.8906022802576423,0.9572320945287953,5.362963406696508e-10,-7.883185286401943,0.0,0.0,1.0,-7.883185286401943,nan,nan,0.8093404975914662,1.3950763129011943,0.7730823048033111,0.30381553323991395,3.554923687098805,0.396184466760086,0.0,nan,4.125,0.09090909090909091
0.0,0.85,0.15,0.85,2.0,1.5,0.0,0.0,1.7,1.275,0.3,0.22499999999999998,ok,`gtol` termination condition is satisfied.,True,True,True,5,1.6413498814158268e-14,5.551115123125783e-16,-2.220446049250313e-16,8.604228440844963e-16,0.8831437094103441,0.954892473627631,1.5615685513657066e-09,-7.883185285550756,0.0,0.0,1.0,-7.883185285550756,nan,nan,0.8131769272959034,1.447703081323181,0.7730823048033112,0.26261262914485844,3.652296918676819,0.33738737085514153,0.0,nan,4.25,0.08823529411764706
0.0,0.875,0.125,0.875,2.0,1.5,0.0,0.0,1.75,1.3125,0.25,0.1875,ok,`gtol` termination condition is satisfied.,True,True,True,4,7.972270852591158e-15,4.002966042486721e-16,0.0,9.992007221626409e-16,0.8752823189471438,0.9524354310330843,5.056524516455174e-10,-7.8831852867708045,0.0,0.0,1.0,-7.8831852867708045,nan,nan,0.8173029985174768,1.5017083581762527,0.7730823048033113,0.22080941430795542,3.748291641823747,0.2791905856920446,0.0,nan,4.375,0.08571428571428572
0.0,0.9,0.1,0.9,2.0,1.5,0.0,0.0,1.8,1.35,0.2,0.15000000000000002,ok,`gtol` termination condition is satisfied.,True,True,True,4,5.684341886080802e-14,4.577566798522237e-16,-2.220446049250313e-16,4.996003610813204e-16,0.8669673977230119,0.9498442934732328,0.0,-7.8831852874314725,0.0,0.0,1.0,-7.8831852874314725,nan,nan,0.8217585240509431,1.5572713901169333,0.7730823048033112,0.17834172469085258,3.842728609883067,0.22165827530914745,0.0,nan,4.5,0.08333333333333333
0.0,0.925,0.075,0.925,2.0,1.5,0.0,0.0,1.85,1.3875000000000002,0.15,0.11249999999999999,ok,`gtol` termination condition is satisfied.,True,True,True,5,7.541337292991636e-15,8.08254562088053e-16,-6.661338147750939e-16,-1.1102230246251565e-15,0.8581362617487158,0.9470983199474416,4.783178435462237e-10,-7.883185288056425,0.0,0.0,1.0,-7.883185288056425,nan,nan,0.8265930330818586,1.6146128432434552,0.7730823048033113,0.13513278821732558,3.9353871567565455,0.1648672117826744,0.0,nan,4.625,0.08108108108108107
0.0,0.95,0.05,0.95,2.0,1.5,0.0,0.0,1.9,1.4249999999999998,0.1,0.07500000000000001,ok,`gtol` termination condition is satisfied.,True,True,True,5,1.468576209687845e-14,1.1157603309187458e-15,2.220446049250313e-16,-2.220446049250313e-16,0.8487099004955384,0.9441711965617684,6.054497890235916e-09,-7.883185293037243,0.0,0.0,1.0,-7.883185293037243,nan,nan,0.8318693642439272,1.6740097535479739,0.7730823048033114,0.09108911117355059,4.025990246452025,0.10891088882644942,0.0,nan,4.75,0.07894736842105263
0.0,0.975,0.025,0.975,2.0,1.5,0.0,0.0,1.95,1.4625,0.05,0.037500000000000006,ok,`gtol` termination condition is satisfied.,True,True,True,5,1.4309204094394388e-14,4.577566798522237e-16,-4.440892098500626e-16,5.551115123125783e-16,0.8385863469391698,0.9410287353083753,4.5378981570897955e-10,-7.883185287587155,0.0,0.0,1.0,-7.883185287587155,nan,nan,0.8376691558114095,1.7358182513916167,0.7730823048033114,0.046094377020628394,4.114181748608383,0.05390562297937161,0.0,nan,4.875,0.07692307692307693
0.0,1.0,0.0,1.0,2.0,1.5,0.0,0.0,2.0,1.5,0.0,0.0,ok,`gtol` termination condition is satisfied.,True,True,True,4,6.9757369960172635e-15,6.753223014464259e-16,-2.220446049250313e-16,-7.216449660063518e-16,0.8276301229229821,0.9376251959596534,4.42444303416778e-10,-7.883185286834012,0.0,0.0,1.0,-7.883185286834012,nan,nan,0.8441016159237085,1.800509669665555,nan,nan,4.199490330334445,nan,0.0,nan,5.0,0.075
0.025,0.0,0.975,0.025,2.0,1.5,0.05,0.037500000000000006,0.0,0.0,1.95,1.4625,ok,`gtol` termination condition is satisfied.,True,True,True,4,2.6159013735064738e-14,8.95090418262362e-16,0.0,7.28583859910259e-17,0.9940806839989815,1.0164698587706216,8.283688144229907e-08,-0.9999999146383622,0.0,0.0,1.0,-0.9999999146383622,0.7717874641601391,0.038474498797394355,nan,nan,0.7730823048033114,1.4830843053130263,nan,2.4169156946869736,0.25,4.0,0.0,nan
0.025,0.025,0.95,0.05,2.0,1.5,0.05,0.037500000000000006,0.05,0.037500000000000006,1.9,1.4249999999999998,ok,`gtol` termination condition is satisfied.,True,True,True,5,2.2671145237056108e-13,3.3766115072321297e-16,-2.220446049250313e-16,-5.447031714567174e-16,1.0008409744102615,1.021582195251943,3.573207929106834e-08,-2.7190182521721242,15.895367605915428,2.5298263267442267,0.16860827084508034,-2.7190182521721242,0.7655028386626463,0.03793214267716123,0.7579418934853388,0.03786525096716542,0.7730823048033113,1.4378249600993107,0.1121347490328346,2.362175039900689,0.25,4.0,0.125,2.9999999999999996
0.025,0.05,0.925,0.07500000000000001,2.0,1.5,0.05,0.037500000000000006,0.1,0.07500000000000001,1.85,1.3875000000000002,ok,`gtol` termination condition is satisfied.,True,True,True,5,1.307950686753237e-13,4.965068306494546e-16,0.0,-8.673617379884035e-16,1.0017823095616791,1.0210124253150763,1.644168001811389e-08,-2.096784072612325,14.603162486086397,2.3241654944347814,0.14212664770066785,-2.096784072612325,0.7650434982225512,0.037891263990042966,0.7573258365221275,0.07559784489042222,0.7730823048033114,1.400768715860414,0.22440215510957784,2.2992312841395863,0.25,4.0,0.25,1.4999999999999998
0.025,0.075,0.9,0.1,2.0,1.5,0.05,0.037500000000000006,0.15,0.11249999999999999,1.8,1.35,ok,`gtol` termination condition is satisfied.,True,True,True,5,8.138359828686808e-14,7.291123458696107e-16,-2.220446049250313e-16,-4.701100619897147e-16,1.0015845117808702,1.0192799103413488,1.0198596913660138e-09,-1.733496414228579,14.001978125442825,2.2284840317288164,0.12286565778635401,-1.733496414228579,0.7656502578355373,0.037945218878310864,0.7574533237408956,0.11343825431077756,0.7730823048033113,1.3652267002691558,0.33656174568922237,2.2347732997308443,0.25,4.0,0.375,1.0
0.025,0.1,0.875,0.125,2.0,1.5,0.05,0.037500000000000006,0.2,0.15000000000000002,1.75,1.3125,ok,`gtol` termination condition is satisfied.,True,True,True,4,6.103769871515106e-14,9.155133597044475e-16,4.440892098500626e-16,4.562322741819003e-16,1.0009618722482967,1.017073397852105,6.500867533884232e-09,-1.500364476205683,13.658178697847182,2.1737666533948055,0.10919413156704766,-1.500364476205683,0.7667001961451826,0.03803777516829236,0.7578614509486016,0.15142663710983145,0.7730823048033114,1.3301832849653616,0.44857336289016864,2.1698167150346386,0.25,4.0,0.5,0.7499999999999999
0.025,0.125,0.85,0.15,2.0,1.5,0.05,0.037500000000000006,0.25,0.1875,1.7,1.275,ok,`gtol` termination condition is satisfied.,True,True,True,5,5.684341886080802e-14,7.447602459741819e-16,0.0,1.289766904388756e-15,1.0001296153104633,1.0145994199524504,1.484300439431978e-08,-1.339566184055905,13.43518243505626,2.138275695880611,0.09921390673334811,-1.339566184055905,0.7680203600203657,0.03815283870076349,0.7584230668291511,0.18958119408195884,0.7730823048033113,1.2953288680445152,0.5604188059180412,2.1046711319554845,0.25,4.0,0.625,0.6
0.025,0.15,0.825,0.175,2.0,1.5,0.05,0.037500000000000006,0.3,0.22499999999999998,1.65,1.2374999999999998,ok,`gtol` termination condition is satisfied.,True,True,True,5,2.90655708167386e-14,8.08254562088053e-16,2.220446049250313e-16,-4.844215306665234e-16,0.999174682566846,1.0119404765930609,2.1224719561171047e-09,-1.2224782776580136,13.277670225303082,2.1132068491010654,0.09168246666710156,-1.2224782776580136,0.7695468232187266,0.038284270419053155,0.7590900059762298,0.22791510410156302,0.7730823048033115,1.2605344211746798,0.6720848958984369,2.03946557882532,0.25,4.0,0.75,0.5
0.025,0.175,0.8,0.19999999999999998,2.0,1.5,0.05,0.037500000000000006,0.35,0.26249999999999996,1.6,1.2000000000000002,ok,`gtol` termination condition is satisfied.,True,True,True,4,7.972270852591158e-14,4.75098925995612e-16,4.440892098500626e-16,5.772292366312826e-16,0.9981386511644759,1.0091351324040816,4.193442921225729e-09,-1.1336172224565495,13.159319567460107,2.0943707568871783,0.08582770279626065,-1.1336172224565495,0.7712530288256344,0.038429391141285886,0.759840633820211,0.2664401599184749,0.7730823048033115,1.2257344412720355,0.7835598400815249,1.9742655587279647,0.25,4.0,0.875,0.4285714285714286
0.025,0.2,0.775,0.225,2.0,1.5,0.05,0.037500000000000006,0.4,0.30000000000000004,1.55,1.1625,ok,`gtol` termination condition is satisfied.,True,True,True,4,3.78698621263005e-13,5.117875266520903e-16,0.0,6.304635633003208e-16,0.9970436732553811,1.0062030676029705,3.5513608572571383e-09,-1.0639656710662075,13.066102765682082,2.079534842104988,0.08116082409625991,-1.0639656710662075,0.7731282005668347,0.03858699575106488,0.7606643247087428,0.3051679059253837,0.7730823048033114,1.1908903987936867,0.8948320940746165,1.9091096012063133,0.25,4.0,1.0,0.37499999999999994
0.025,0.225,0.75,0.25,2.0,1.5,0.05,0.037500000000000006,0.45,0.3375,1.5,1.125,ok,`gtol` termination condition is satisfied.,True,True,True,5,6.200655107570901e-14,4.308824046522781e-16,0.0,-4.683753385137379e-17,0.9959024234264429,1.003154678258863,3.6457124843328735e-09,-1.0079467117202747,12.989888675141657,2.067404992862226,0.07736216819392515,-1.0079467117202747,0.7751692823459392,0.03875660418226486,0.7615557387284072,0.3441100999119067,0.7730823048033115,1.1559767225705224,1.0058899000880934,1.8440232774294776,0.25,4.0,1.125,0.3333333333333333
0.025,0.25,0.725,0.275,2.0,1.5,0.05,0.037500000000000006,0.5,0.375,1.45,1.0875,ok,`gtol` termination condition is satisfied.,True,True,True,4,5.684341886080802e-14,6.988675367311055e-16,2.220446049250313e-16,5.724587470723463e-16,0.9947224833813849,0.9999953012100061,4.854344251567772e-10,-0.9619376971443021,12.925648346971649,2.057180827088124,0.07421561052813327,-0.9619376971443021,0.777377462147095,0.03893813601716018,0.7625123755239788,0.38327894878376106,0.7730823048033112,1.1209746091890782,1.1167210512162389,1.7790253908109217,0.25,4.0,1.25,0.3
0.025,0.275,0.7,0.30000000000000004,2.0,1.5,0.05,0.037500000000000006,0.55,0.41250000000000003,1.4,1.0499999999999998,ok,`gtol` termination condition is satisfied.,True,True,True,4,5.684341886080802e-14,5.117875266520903e-16,-6.661338147750939e-16,-6.886852199627924e-16,0.9935084817681333,0.9967272688287636,2.0640597007495914e-09,-0.9234881510757107,12.870106735036549,2.0483411050013607,0.07157049473167175,-0.9234881510757107,0.7797565114007246,0.03913175421289745,0.7635334126436408,0.42268725900219295,0.7730823048033112,1.0858689839964395,1.227312740997807,1.7141310160035603,0.25,4.0,1.375,0.2727272727272727
0.025,0.3,0.675,0.325,2.0,1.5,0.05,0.037500000000000006,0.6,0.44999999999999996,1.35,1.0125000000000002,ok,`gtol` termination condition is satisfied.,True,True,True,4,2.179917811255395e-14,4.041272810440265e-16,2.220446049250313e-16,5.767955557622884e-16,0.9922632225522857,0.99435179317802,2.617755420885472e-09,-0.8908834406586952,12.821039112119674,2.040531750268371,0.06931891076807564,-0.8908834406586952,0.7823119314743402,0.03933778451658517,0.7646191101790055,0.46234855397276303,0.7730823048033114,1.0506468783313747,1.3376514460272368,1.6493531216686255,0.25,4.0,1.5,0.25
0.025,0.325,0.65,0.35000000000000003,2.0,1.5,0.05,0.037500000000000006,0.65,0.48750000000000004,1.3,0.9750000000000001,ok,`gtol` termination condition is satisfied.,True,True,True,4,2.146380614159158e-14,7.850462293418876e-16,-2.220446049250313e-16,1.012211148232467e-15,0.9898655195814903,0.9923111001330215,7.511112814382771e-10,-0.8628889791480947,12.776879914442182,2.0335035956750263,0.0673816981821766,-0.8628889791480947,0.7850504932522864,0.03955667195232668,0.765770489153869,0.5022771807481665,0.7730823048033113,1.015296498729662,1.4477228192518337,1.584703501270338,0.25,4.0,1.625,0.23076923076923075
0.025,0.35,0.625,0.375,2.0,1.5,0.05,0.037500000000000006,0.7,0.5249999999999999,1.25,0.9375,ok,`gtol` termination condition is satisfied.,True,True,True,4,1.9930677131477896e-14,1.0547118733938987e-15,0.0,9.957312752106873e-16,0.9862689482239189,0.990199347689582,1.901236413981382e-09,-0.8385937995932895,12.73649363651183,2.0270759199093273,0.06569955592161661,-0.8385937995932895,0.7879799833504217,0.039788956899891134,0.7669891527568402,0.5424884171056641,0.7730823048033113,0.9798066569411469,1.5575115828943356,1.5201933430588532,0.25,4.0,1.75,0.2142857142857143
0.025,0.375,0.6,0.4,2.0,1.5,0.05,0.037500000000000006,0.75,0.5625,1.2,0.8999999999999999,ok,`gtol` termination condition is satisfied.,True,True,True,4,1.3079506867532369e-14,3.510833468576701e-16,-2.220446049250313e-16,-8.222589276130066e-16,0.9825585490719551,0.988352124476242,7.251303872737357e-11,-0.8173113528304197,12.699034622468666,2.021114132661009,0.0642272325550117,-0.8173113528304197,0.7911090667098111,0.04003526226931484,0.7682771873540765,0.5829985854696347,0.7730823048033113,0.9441663976566103,1.6670014145303653,1.4558336023433895,0.25,4.0,1.875,0.19999999999999998
0.025,0.4,0.575,0.42500000000000004,2.0,1.5,0.05,0.037500000000000006,0.8,0.6000000000000001,1.15,0.8624999999999999,ok,`gtol` termination condition is satisfied.,True,True,True,4,1.3079506867532369e-14,3.510833468576701e-16,0.0,9.228728892196614e-16,0.9787309138534771,0.9869907633072238,2.381843377443461e-09,-0.7985145887512184,12.663857993401292,2.0155155982636264,0.0629296306507135,-0.7985145887512184,0.7944472193830983,0.040296287411768404,0.769637111103337,0.6238251782818516,0.7730823048033113,0.9083647383972425,1.7761748217181488,1.3916352616027572,0.25,4.0,2.0,0.18749999999999997
0.025,0.425,0.55,0.45,2.0,1.5,0.05,0.037500000000000006,0.85,0.6375,1.1,0.8250000000000001,ok,`gtol` termination condition is satisfied.,True,True,True,4,5.684341886080802e-14,5.117875266520903e-16,-2.220446049250313e-16,-6.938893903907228e-17,0.9747820047624555,0.985599833207279,6.41085107305919e-10,-0.7817922809787279,12.630461192158807,2.0102003322624276,0.06177913258322048,-0.7817922809787279,0.798004706945639,0.040572806445150204,0.7710718530514157,0.6649869987912889,0.7730823048033114,0.8723904741048991,1.885013001208711,1.327609525895101,0.25,4.0,2.125,0.17647058823529413
0.025,0.45,0.525,0.47500000000000003,2.0,1.5,0.05,0.037500000000000006,0.9,0.675,1.05,0.7875000000000001,ok,`gtol` termination condition is satisfied.,True,True,True,4,5.684341886080802e-14,6.961062950497062e-16,0.0,5.689893001203927e-16,0.9707071745050103,0.9841783795941883,1.0604320404178637e-09,-0.7668189295302243,12.598444506768372,2.005104718521122,0.060753726434916486,-0.7668189295302243,0.8017925952462893,0.04086566974159643,0.7725847534076046,0.7065043212527711,0.7730823048033114,0.8362320186387859,1.993495678747229,1.2637679813612142,0.25,4.0,2.25,0.16666666666666666
0.025,0.475,0.5,0.5,2.0,1.5,0.05,0.037500000000000006,0.95,0.7124999999999999,1.0,0.75,ok,`gtol` termination condition is satisfied.,True,True,True,4,1.468576209687845e-14,4.577566798522237e-16,-4.440892098500626e-16,-1.0547118733938987e-15,0.9665011592694877,0.9827251604150156,2.8721499718253975e-11,-0.7533335624575197,12.567483719050736,2.0001771561138413,0.05983566697107056,-0.7533335624575197,0.8058227864776142,0.04117580792097141,0.7741795799882746,0.7483990749542462,0.7730823048033113,0.7998772659389582,2.1016009250457532,1.2001227340610416,0.25,4.0,2.375,0.15789473684210525
0.025,0.5,0.475,0.525,2.0,1.5,0.05,0.037500000000000006,1.0,0.75,0.95,0.7124999999999999,ok,`gtol` termination condition is satisfied.,True,True,True,4,1.743934249004316e-14,6.615281034191894e-16,-2.220446049250313e-16,-1.249000902703301e-16,0.9621580498849519,0.9812386598880626,4.09596286780808e-10,-0.7411245216562632,12.537310693669358,1.9953749699763577,0.05901050296089552,-0.7411245216562632,0.8101080772801069,0.041504238053197945,0.775860558363585,0.7906950572576231,0.7730823048033114,0.7633134594165308,2.209304942742377,1.1366865405834692,0.25,4.0,2.5,0.15
0.025,0.525,0.45,0.55,2.0,1.5,0.05,0.037500000000000006,1.05,0.7875000000000001,0.9,0.675,ok,`gtol` termination condition is satisfied.,True,True,True,4,3.321779521912983e-14,4.47545209131181e-16,-4.440892098500626e-16,7.632783294297951e-17,0.9576712436083077,0.979717089575475,1.2750569031636093e-09,-0.7300183507689293,12.507699294666827,1.9906621694532383,0.05826635941194437,-0.7300183507689293,0.8146622380349603,0.041852072009669505,0.7776324148663396,0.8334181819401186,0.7730823048033113,0.7265270613132824,2.316581818059882,1.0734729386867177,0.25,4.0,2.625,0.14285714285714285
0.025,0.55,0.425,0.5750000000000001,2.0,1.5,0.05,0.037500000000000006,1.1,0.8250000000000001,0.85,0.6375,ok,`gtol` termination condition is satisfied.,True,True,True,4,5.684341886080802e-14,2.423651445728339e-16,-2.220446049250313e-16,0.0,0.9530333770281899,0.9781583788776108,1.2426147710390316e-09,-0.7198715538996503,12.47845492874007,1.986007784058407,0.057593400738140996,-0.7198715538996503,0.8195001143009459,0.04222052708234825,0.7795004327981176,0.8765967706188974,0.7730823048033113,0.6895036154262386,2.423403229381103,1.0104963845737613,0.25,4.0,2.75,0.13636363636363635
0.025,0.575,0.4,0.6,2.0,1.5,0.05,0.037500000000000006,1.15,0.8624999999999999,0.8,0.6000000000000001,ok,`gtol` termination condition is satisfied.,True,True,True,4,1.2131716514812633e-14,3.885780586188048e-16,0.0,3.608224830031759e-16,0.9482362390458023,0.9765601558789639,1.1653963888722525e-09,-0.7105643939428675,12.449406602571742,1.9813845993601717,0.056983424027647625,-0.7105643939428675,0.8246377528924006,0.042610939145049584,0.7814705231477405,0.9202618970369771,0.7730823048033114,0.6522275972757624,2.5297381029630226,0.9477724027242377,0.25,4.0,2.875,0.13043478260869565
0.025,0.6,0.375,0.625,2.0,1.5,0.05,0.037500000000000006,1.2,0.8999999999999999,0.75,0.5625,ok,`gtol` termination condition is satisfied.,True,True,True,4,8.71967124502158e-15,4.002966042486721e-16,0.0,1.5265566588595902e-16,0.9432706615089278,0.9749197185973176,1.162943169647718e-09,-0.7019961687397408,12.420400730127797,1.9767681713820249,0.05642954778567514,-0.7019961687397408,0.8300925566284578,0.043024778789570874,0.7835493120900925,0.9644477966461944,0.7730823048033114,0.6146822457882579,2.6355522033538055,0.8853177542117421,0.25,4.0,3.0,0.125
0.025,0.625,0.35,0.65,2.0,1.5,0.05,0.037500000000000006,1.25,0.9375,0.7,0.5249999999999999,ok,`gtol` termination condition is satisfied.,True,True,True,4,1.3079506867532369e-14,8.400361489980555e-16,-4.440892098500626e-16,5.551115123125783e-17,0.9381263836313817,0.9732339959324022,7.664966728371449e-10,-0.6940815693704666,12.391296159830084,1.9721360351525783,0.055925971419307705,-0.6940815693704666,0.835883473509826,0.04346367105013715,0.7857442485904167,1.0091923574834103,0.7730823048033111,0.5768493699831334,2.7408076425165895,0.8231506300168665,0.25,4.0,3.125,0.12
0.025,0.65,0.325,0.675,2.0,1.5,0.05,0.037500000000000006,1.3,0.9750000000000001,0.65,0.48750000000000004,ok,`gtol` termination condition is satisfied.,True,True,True,4,1.3079506867532369e-14,2.7755575615628914e-16,2.220446049250313e-16,5.273559366969494e-16,0.9327918846435213,0.9714994968617451,7.373028376626488e-10,-0.6867478367514993,12.361960035136205,1.9674670458963872,0.05546778753977504,-0.6867478367514993,0.8420312281996736,0.04392941955408049,0.7880637367284974,1.0545377131500888,0.7730823048033114,0.5387091230046355,2.8454622868499113,0.7612908769953646,0.25,4.0,3.25,0.11538461538461538
0.025,0.675,0.3,0.7000000000000001,2.0,1.5,0.05,0.037500000000000006,1.35,1.0125000000000002,0.6,0.44999999999999996,ok,`gtol` termination condition is satisfied.,True,True,True,4,4.35983562251079e-15,4.577566798522237e-16,0.0,-2.636779683484747e-16,0.9272541769886351,0.969712245588319,1.31903408712585e-09,-0.6799325299603246,12.332264202666366,1.9627408073695836,0.05505083552564601,-0.6799325299603246,0.8485586064414476,0.044424036230478046,0.7905172990299806,1.100530965289616,0.7730823048033113,0.5002397340375335,2.9494690347103845,0.6997602659624664,0.25,4.0,3.375,0.1111111111111111
0.025,0.7,0.275,0.725,2.0,1.5,0.05,0.037500000000000006,1.4,1.0499999999999998,0.55,0.41250000000000003,ok,`gtol` termination condition is satisfied.,True,True,True,4,3.487868498008632e-14,2.0014830212433605e-16,-4.440892098500626e-16,-3.608224830031759e-16,0.9214985495457614,0.9678676992981231,6.459676904846497e-10,-0.6735817465842728,12.30208193217015,1.9579371498263742,0.05467158607587426,-0.6735817465842728,0.8554908067659422,0.044949778106897396,0.7931157793522862,1.1472250720820742,0.7730823048033115,0.46141718600795933,3.052774927917925,0.6385828139920408,0.25,4.0,3.5,0.10714285714285715
0.025,0.725,0.25,0.75,2.0,1.5,0.05,0.037500000000000006,1.45,1.0875,0.5,0.375,ok,`gtol` termination condition is satisfied.,True,True,True,4,5.684341886080802e-14,6.753223014464259e-16,-4.440892098500626e-16,-4.996003610813204e-16,0.9155082464536921,0.9659606437967915,2.4766150406012543e-09,-0.6676487009895287,12.271284749615988,1.9530356259895758,0.05432705114743183,-0.6676487009895287,0.8628558789988031,0.04550919327903606,0.7958715970158112,1.1946799521116882,0.7730823048033112,0.4222148231858745,3.1553200478883117,0.5777851768141256,0.25,4.0,3.625,0.10344827586206896
0.025,0.75,0.225,0.775,2.0,1.5,0.05,0.037500000000000006,1.5,1.125,0.45,0.3375,ok,`gtol` termination condition is satisfied.,True,True,True,5,5.684341886080802e-14,7.063030538266869e-16,0.0,6.106226635438361e-16,0.9092640615809587,0.9639850603642243,6.215416518309832e-10,-0.6620925689001043,12.239739185666046,1.948014993554321,0.054014713570025276,-0.6620925689001043,0.8706852763992996,0.0461051789274176,0.7987990683466156,1.242963871314775,0.7730823048033113,0.3826028673745345,3.257036128685225,0.5173971326254655,0.25,4.0,3.75,0.09999999999999999
0.025,0.775,0.2,0.8,2.0,1.5,0.05,0.037500000000000006,1.55,1.1625,0.4,0.30000000000000004,ok,`gtol` termination condition is satisfied.,True,True,True,5,0.0,5.749241051699428e-16,-6.661338147750939e-16,-1.1102230246251565e-15,0.9027438206701935,0.96193395439211,1.167915652589908e-09,-0.6568775531552484,12.207303238378541,1.9428526522096465,0.05373247419510595,-0.6568775531552484,0.8790145588715778,0.046741055402715774,0.8019148183092256,1.2921552074381115,0.7730823048033114,0.342547813500126,3.357844792561889,0.45745218649987407,0.25,4.0,3.875,0.0967741935483871
0.025,0.8,0.175,0.8250000000000001,2.0,1.5,0.05,0.037500000000000006,1.6,1.2000000000000002,0.35,0.26249999999999996,ok,`gtol` termination condition is satisfied.,True,True,True,5,5.684341886080802e-14,1.0778315928076987e-15,0.0,-7.494005416219807e-16,0.895921711294978,0.959799132267749,2.863551506563254e-09,-0.6519721098072886,12.173822296584309,1.9375239948237224,0.053478613260963856,-0.6519721098072886,0.8878843004089119,0.047420662105604604,0.8052383145954634,1.342344726139354,0.7730823048033112,0.3020116638205591,3.457655273860647,0.39798833617944085,0.25,4.0,4.0,0.09374999999999999
0.025,0.825,0.15,0.85,2.0,1.5,0.05,0.037500000000000006,1.65,1.2374999999999998,0.3,0.22499999999999998,ok,`gtol` termination condition is satisfied.,True,True,True,5,8.455438783051229e-15,6.753223014464259e-16,4.440892098500626e-16,2.7755575615628914e-16,0.8887674027040763,0.957570906739909,4.989450398065873e-10,-0.6473483118507777,12.139124204093166,1.9320016218878973,0.05325176595763059,-0.6473483118507777,0.8973412777701297,0.04814848347823924,0.8087925712867763,1.3936385631917005,0.7730823048033113,0.26095094254735507,3.5563614368082987,0.3390490574526449,0.25,4.0,4.125,0.09090909090909091
0.025,0.85,0.125,0.875,2.0,1.5,0.05,0.037500000000000006,1.7,1.275,0.25,0.1875,ok,`gtol` termination condition is satisfied.,True,True,True,5,4.35983562251079e-15,1.1157603309187458e-15,0.0,5.551115123125783e-16,0.8812448694638327,0.9552377012837998,1.5499966345108232e-09,-0.6429813152789763,12.103013017848737,1.9262543480961842,0.053050911682567876,-0.6429813152789763,0.9074400544815862,0.048929817466659344,0.8126050922579069,1.4461622012844122,0.7730823048033113,0.2193154058512903,3.6538377987155872,0.2806845941487097,0.25,4.0,4.25,0.08823529411764706
0.025,0.875,0.1,0.9,2.0,1.5,0.05,0.037500000000000006,1.75,1.3125,0.2,0.15000000000000002,ok,`gtol` termination condition is satisfied.,True,True,True,5,5.684341886080802e-14,4.440892098500626e-16,-2.220446049250313e-16,-5.551115123125783e-16,0.8733107876031644,0.9527855083583184,4.17297222275251e-09,-0.6388489118785037,12.065260790616579,1.9202458945194578,0.05287537908703182,-0.6388489118785037,0.9182451336686254,0.049771005303725746,0.8167091615635166,1.5000658807235476,0.7730823048033112,0.17704631977009375,3.7499341192764524,0.22295368022990628,0.25,4.0,4.375,0.08571428571428572
0.025,0.9,0.075,0.925,2.0,1.5,0.05,0.037500000000000006,1.8,1.35,0.15,0.11249999999999999,ok,`gtol` termination condition is satisfied.,True,True,True,5,7.750818884463627e-15,1.1322097734007351e-15,0.0,1.1657341758564144e-15,0.8649122969775446,0.9501971304820392,5.491825207923174e-10,-0.6349311498444583,12.025596364789633,1.9139331050841977,0.052724870357677756,-0.6349311498444583,0.9298339515480554,0.05067975223121542,0.8211456496701475,1.555532133270533,0.7730823048033113,0.13407410916196905,3.8444678667294676,0.16592589083803094,0.25,4.0,4.5,0.08333333333333333
0.025,0.925,0.05,0.9500000000000001,2.0,1.5,0.05,0.037500000000000006,1.85,1.3875000000000002,0.1,0.07500000000000001,ok,`gtol` termination condition is satisfied.,True,True,True,5,7.541337292991636e-15,5.635475559608569e-16,-4.440892098500626e-16,1.1102230246251565e-16,0.855983794382337,0.9474510882259374,1.514256085745109e-09,-0.6312100039082518,11.983689514739506,1.907263422749309,0.05259951129932576,-0.6312100039082518,0.9423011524162279,0.05166558733654477,0.8259656107637098,1.6127865584850902,0.7730823048033115,0.09031506319125518,3.9372134415149107,0.10968493680874483,0.25,4.0,4.625,0.08108108108108107
0.025,0.95,0.025,0.975,2.0,1.5,0.05,0.037500000000000006,1.9,1.4249999999999998,0.05,0.037500000000000006,ok,`gtol` termination condition is satisfied.,True,True,True,5,7.342881048439225e-15,5.978733960281817e-16,-2.220446049250313e-16,1.1102230246251565e-16,0.8464421893568845,0.9445199983323246,1.0120272855425844e-09,-0.6276690973324868,11.939127662749978,1.9001711837318462,0.05249994083732281,-0.6276690973324868,0.9557648895283705,0.05274054409742536,0.8312341382489601,1.6721137355075244,0.7730823048033114,0.04566657442906344,4.027886264492475,0.05433342557093657,0.25,4.0,4.75,0.07894736842105263
0.025,0.975,0.0,1.0,2.0,1.5,0.05,0.037500000000000006,1.95,1.4625,0.0,0.0,ok,`gtol` termination condition is satisfied.,True,True,True,4,1.3515490429783448e-13,4.965068306494546e-16,-4.440892098500626e-16,4.440892098500626e-16,0.836179613436982,0.9413680713873596,2.3669911030070115e-09,-0.6242934623415928,11.89138020503051,1.8925719398157215,0.052427462798971675,-0.6242934623415928,0.9703764706970716,0.053920206630760165,0.8370363102603835,1.7338816288959435,nan,nan,4.116118371104056,nan,0.25,4.0,4.875,0.07692307692307693
0.05,0.0,0.95,0.05,2.0,1.5,0.1,0.07500000000000001,0.0,0.0,1.9,1.4249999999999998,ok,`gtol` termination condition is satisfied.,True,True,True,4,4.35983562251079e-15,4.695944831791985e-16,-2.220446049250313e-16,-3.642919299551295e-16,0.9988376225876477,1.0200926041820284,0.0,-0.9999999974752426,0.0,0.0,1.0,-0.9999999974752426,0.7661250658126698,0.07597439432465802,nan,nan,0.7730823048033113,1.4399245451878449,nan,2.360075454812155,0.5,2.0,0.0,nan
0.05,0.025,0.925,0.07500000000000001,2.0,1.5,0.1,0.07500000000000001,0.05,0.037500000000000006,1.85,1.3875000000000002,ok,`xtol` termination condition is satisfied.,True,True,True,5,1.2582815515737915e-13,5.551115123125783e-16,-2.220446049250313e-16,3.7816971776294395e-16,1.0010600450494531,1.0207408344504143,3.7789795351793245e-08,-2.4378401743437164,0.0,0.0,1.0,-2.4378401743437164,0.7645624868730111,0.07569645832604598,0.7577964150087803,0.037849698365063834,0.7730823048033114,1.4011414216187141,0.1121503016349362,2.298858578381286,0.5,2.0,0.125,2.9999999999999996
0.05,0.05,0.9,0.1,2.0,1.5,0.1,0.07500000000000001,0.1,0.07500000000000001,1.8,1.35,ok,`xtol` termination condition is satisfied.,True,True,True,5,1.1368683772161603e-13,7.216449660063518e-16,-2.220446049250313e-16,-3.7816971776294395e-16,1.001403363993975,1.0195413439272074,8.822744750585347e-09,-2.7170716012013783,15.67695129318975,2.4950642909220297,0.1707704547988438,-2.7170716012013783,0.7646639468900693,0.07571465299569777,0.7575709963225314,0.07565093383559769,0.7730823048033113,1.364876625096739,0.22434906616440237,2.235123374903261,0.5,2.0,0.25,1.4999999999999998
0.05,0.075,0.875,0.125,2.0,1.5,0.1,0.07500000000000001,0.15,0.11249999999999999,1.75,1.3125,ok,`gtol` termination condition is satisfied.,True,True,True,5,9.882294077691124e-14,2.7755575615628914e-16,-2.220446049250313e-16,-7.91033905045424e-16,1.0010852564672028,1.0176504376155768,1.1983831015177185e-08,-2.358968039770227,14.85451151520482,2.364168934860327,0.15683946968813556,-2.358968039770227,0.765367791339548,0.07584029126071383,0.7577797547307795,0.11354373913241309,0.7730823048033113,1.3294290292604956,0.33645626086758684,2.1705709707395044,0.5,2.0,0.375,1.0
0.05,0.1,0.85,0.15000000000000002,2.0,1.5,0.1,0.07500000000000001,0.2,0.15000000000000002,1.7,1.275,ok,`gtol` termination condition is satisfied.,True,True,True,5,4.35983562251079e-14,5.978733960281817e-16,-2.220446049250313e-16,7.28583859910259e-17,1.0004527944211843,1.0153967238750086,3.1901822826703513e-09,-2.0920746944537587,14.329132964000953,2.280552341441773,0.14446981400194822,-2.0920746944537587,0.7663998653550886,0.07602279897257508,0.7582028021977506,0.1515719295154574,0.7730823048033113,1.294311757428328,0.4484280704845427,2.105688242571672,0.5,2.0,0.5,0.7499999999999999
0.05,0.125,0.825,0.175,2.0,1.5,0.1,0.07500000000000001,0.25,0.1875,1.65,1.2374999999999998,ok,`gtol` termination condition is satisfied.,True,True,True,5,3.051884935757553e-14,3.6188843062238402e-16,0.0,9.775166787129308e-16,0.9996424326242066,1.0129084906623245,4.217650051957485e-09,-1.8877304040602474,13.96640281681457,2.2228220455086096,0.13394428284019444,-1.8877304040602474,0.767660898000673,0.07624328852826452,0.7587603227412496,0.189757931931069,0.7730823048033113,1.2593297565226045,0.5602420680689311,2.040670243477395,0.5,2.0,0.625,0.6
0.05,0.15,0.8,0.2,2.0,1.5,0.1,0.07500000000000001,0.3,0.22499999999999998,1.6,1.2000000000000002,ok,`gtol` termination condition is satisfied.,True,True,True,5,3.487868498008632e-14,3.3306690738754696e-16,2.220446049250313e-16,-6.5052130349130266e-18,0.9987184959844249,1.0102453499846509,6.799100759567318e-10,-1.7273873652855392,13.701193378977047,2.180612652522145,0.12508548431219363,-1.7273873652855392,0.7691087025136703,0.07649342305426725,0.7594170672541591,0.22811745360907051,0.7730823048033115,1.224387410151496,0.6718825463909294,1.9756125898485042,0.5,2.0,0.75,0.5
0.05,0.175,0.775,0.22499999999999998,2.0,1.5,0.1,0.07500000000000001,0.35,0.26249999999999996,1.55,1.1625,ok,`gtol` termination condition is satisfied.,True,True,True,4,5.684341886080802e-14,7.683082245783184e-16,-2.220446049250313e-16,-1.9509133891704167e-15,0.9977150561434712,1.00743804027655,7.514124519432453e-09,-1.5988004230011574,13.498470121461628,2.148348244008875,0.11762091883568995,-1.5988004230011574,0.7707243799988107,0.07676922720776566,0.7601555951964961,0.2666637700619354,0.7730823048033112,1.189430540181107,0.7833362299380644,1.9105694598188931,0.5,2.0,0.875,0.4285714285714286
0.05,0.2,0.75,0.25,2.0,1.5,0.1,0.07500000000000001,0.4,0.30000000000000004,1.5,1.125,ok,`gtol` termination condition is satisfied.,True,True,True,4,5.2318027470129476e-14,5.661048867003676e-16,-4.440892098500626e-16,-1.2726365100634851e-15,0.9966516465573273,1.0045033571750932,1.3001699606541831e-09,-1.4936995194415599,13.337885802885946,2.1227904559245117,0.11129350289483467,-1.4936995194415599,0.7725000940394822,0.07706881560658894,0.7609667579902941,0.30540932154935174,0.7730823048033114,1.1544246705815986,0.8945906784506484,1.8455753294184014,0.5,2.0,1.0,0.37499999999999994
0.05,0.225,0.725,0.275,2.0,1.5,0.1,0.07500000000000001,0.45,0.3375,1.45,1.0875,ok,`gtol` termination condition is satisfied.,True,True,True,4,3.487868498008632e-14,4.236704743275018e-16,0.0,-3.9118014383277e-16,0.9955400860506362,1.0014506302427746,4.653662557937347e-10,-1.4063638124418993,13.206894653559823,2.1019425670079706,0.10588842391636852,-1.4063638124418993,0.7744339117189948,0.07739142375572208,0.7618457332638515,0.3443664245894522,0.7730823048033114,1.1193455854064944,1.0056335754105479,1.7806544145935055,0.5,2.0,1.125,0.3333333333333333
0.05,0.25,0.7,0.3,2.0,1.5,0.1,0.07500000000000001,0.5,0.375,1.4,1.0499999999999998,ok,`gtol` termination condition is satisfied.,True,True,True,5,4.185442197610358e-14,4.75098925995612e-16,2.220446049250313e-16,3.378373969464832e-16,0.9943877729798446,0.9989167257201343,3.789702318923487e-09,-1.3327416218839105,13.097377259073507,2.0845123323209283,0.10123361929544106,-1.3327416218839105,0.7765273745092623,0.07773694788716765,0.7627901744476819,0.3835476436731805,0.7730823048033112,1.084174756564749,1.1164523563268194,1.7158252434352508,0.5,2.0,1.25,0.3
0.05,0.275,0.675,0.325,2.0,1.5,0.1,0.07500000000000001,0.55,0.41250000000000003,1.35,1.0125000000000002,ok,`gtol` termination condition is satisfied.,True,True,True,4,5.684341886080802e-14,5.389157964038493e-16,0.0,2.0383000842727483e-16,0.9931994090187174,0.9970900620822855,3.748744886659763e-09,-1.2698990516902613,13.003863533378173,2.0696291606295762,0.09719317317223247,-1.2698990516902613,0.7787842593006256,0.07810570869337939,0.7637992723040481,0.4229660186591086,0.7730823048033114,1.0488969333076579,1.2270339813408915,1.6511030666923423,0.5,2.0,1.375,0.2727272727272727
0.05,0.3,0.65,0.35,2.0,1.5,0.1,0.07500000000000001,0.6,0.44999999999999996,1.3,0.9750000000000001,ok,`gtol` termination condition is satisfied.,True,True,True,4,8.71967124502158e-15,3.925231146709438e-16,0.0,3.5041414214731503e-16,0.9916213195606826,0.9951931182854286,1.7687155288611366e-10,-1.2156677375389737,12.922541131306733,2.0566862983558,0.09365990431784851,-1.2156677375389737,0.7812099093826842,0.07849832309216467,0.7648732489221243,0.4626352277513793,0.7730823048033116,1.0134987786361358,1.3373647722486206,1.5865012213638643,0.5,2.0,1.5,0.25
0.05,0.325,0.625,0.375,2.0,1.5,0.1,0.07500000000000001,0.65,0.48750000000000004,1.25,0.9375,ok,`gtol` termination condition is satisfied.,True,True,True,5,1.073190307079579e-14,7.216449660063518e-16,0.0,6.210310043996969e-16,0.9881231625976613,0.9932263584440678,3.0299006748255533e-09,-1.1684149888893058,12.850674642549784,2.0452483914274735,0.09054895397270049,-1.1684149888893058,0.7838108601761359,0.07891563222345505,0.7660130733046094,0.5025697225265251,0.7730823048033113,0.9779680485008665,1.447430277473475,1.5220319514991334,0.5,2.0,1.625,0.23076923076923075
0.05,0.35,0.6,0.39999999999999997,2.0,1.5,0.1,0.07500000000000001,0.7,0.5249999999999999,1.2,0.8999999999999999,ok,`gtol` termination condition is satisfied.,True,True,True,4,5.684341886080802e-14,7.850462293418876e-16,0.0,5.169475958410885e-16,0.9845119288236922,0.991189393586179,4.040955061551622e-09,-1.1268905468715391,12.786251052542331,2.0349950586260617,0.08779268885515551,-1.1268905468715391,0.7865946279327721,0.07935866071839497,0.7672202982793928,0.5427848535153722,0.7730823048033113,0.9422930678680554,1.5572151464846273,1.4577069321319445,0.5,2.0,1.75,0.2142857142857143
0.05,0.375,0.575,0.425,2.0,1.5,0.1,0.07500000000000001,0.75,0.5625,1.15,0.8624999999999999,ok,`gtol` termination condition is satisfied.,True,True,True,4,5.684341886080802e-14,7.850462293418876e-16,0.0,-7.28583859910259e-16,0.9807849439994447,0.9890811675978244,5.706233479610672e-10,-1.0901222906949841,12.727755471694236,2.0256851977850556,0.08533678268138922,-1.0901222906949841,0.7895695943877215,0.07982859448283143,0.7684969680083586,0.5832969969143098,0.7730823048033113,0.9064623758379302,1.6667030030856902,1.3935376241620696,0.5,2.0,1.875,0.19999999999999998
0.05,0.4,0.55,0.45,2.0,1.5,0.1,0.07500000000000001,0.8,0.6000000000000001,1.1,0.8250000000000001,ok,`gtol` termination condition is satisfied.,True,True,True,4,1.743934249004316e-14,1.0605390551611693e-15,0.0,3.191891195797325e-16,0.9769388239932303,0.9869000707307132,1.0721129875150171e-09,-1.0573438559397088,12.674024787150444,2.0171336937441997,0.08313724035111089,-1.0573438559397088,0.7927449516945567,0.08032677017720734,0.7698455691594082,0.6241236893980372,0.7730823048033114,0.8704644696253112,1.775876310601963,1.329535530374689,0.5,2.0,2.0,0.18749999999999997
0.05,0.425,0.525,0.475,2.0,1.5,0.1,0.07500000000000001,0.85,0.6375,1.05,0.7875000000000001,ok,`gtol` termination condition is satisfied.,True,True,True,4,3.2826997628316536e-14,6.131407058289218e-16,-4.440892098500626e-16,-5.100087019371813e-16,0.9729695291906225,0.9854120640193497,1.074054732293608e-09,-1.0279434795420632,12.624149505230003,2.0091957960884597,0.08115814353670417,-1.0279434795420632,0.7961306880949954,0.08085467264597165,0.771269010950713,0.6652837764478932,0.7730823048033114,0.8342876068469797,1.8847162235521067,1.2657123931530205,0.5,2.0,2.125,0.17647058823529413
0.05,0.45,0.5,0.5,2.0,1.5,0.1,0.07500000000000001,0.9,0.675,1.0,0.75,ok,`gtol` termination condition is satisfied.,True,True,True,4,1.5501637768927254e-14,4.996003610813204e-16,0.0,3.469446951953614e-17,0.9688723834225349,0.9840067139318341,1.4941451539018965e-09,-1.0014272284029115,12.57740628157151,2.001756380987161,0.07936993794005986,-1.0014272284029115,0.799737603553957,0.08141393823081793,0.7727706258302561,0.7067975791224226,0.7730823048033115,0.7979196414623808,1.9932024208775776,1.2020803585376192,0.5,2.0,2.25,0.16666666666666666
0.05,0.475,0.475,0.525,2.0,1.5,0.1,0.07500000000000001,0.95,0.7124999999999999,0.95,0.7124999999999999,ok,`gtol` termination condition is satisfied.,True,True,True,4,7.342881048439225e-15,6.061909215660398e-16,0.0,8.951173136040325e-16,0.9646420660682921,0.9825686756951052,1.984567132922497e-09,-0.9773921508429111,12.533210499023257,1.9947224037307916,0.07774812506237856,-0.9773921508429111,0.8035773496684754,0.08200636288005737,0.7743541862992657,0.7486870843545731,0.7730823048033112,0.7613478775153805,2.1013129156454267,1.1386521224846193,0.5,2.0,2.375,0.15789473684210525
0.05,0.5,0.45,0.55,2.0,1.5,0.1,0.07500000000000001,1.0,0.75,0.9,0.675,ok,`gtol` termination condition is satisfied.,True,True,True,4,5.684341886080802e-14,5.0895734351719815e-16,-2.220446049250313e-16,3.95516952522712e-16,0.9602725820303408,0.9810964862365732,5.39387694407411e-11,-0.95550638988581,12.491082257034234,1.9880174857744672,0.07627225629031555,-0.95550638988581,0.8076624913173248,0.0826339145790583,0.7760239356763564,0.7909761644883035,0.7730823048033114,0.7245589297695855,2.2090238355116965,1.0754410702304145,0.5,2.0,2.5,0.15
0.05,0.525,0.425,0.5750000000000001,2.0,1.5,0.1,0.07500000000000001,1.05,0.7875000000000001,0.85,0.6375,ok,`gtol` termination condition is satisfied.,True,True,True,4,5.684341886080802e-14,4.002966042486721e-16,0.0,9.020562075079397e-17,0.955757211689679,0.9795883936586768,5.657211274422747e-10,-0.9354942562061916,12.450621499706166,1.9815779562444635,0.07492515387967526,-0.9354942562061916,0.8120065896802984,0.08329875004999299,0.7777846321242483,0.8336908328203599,0.7730823048033113,0.6875385830687013,2.3163091671796403,1.0124614169312987,0.5,2.0,2.625,0.14285714285714285
0.05,0.55,0.4,0.6000000000000001,2.0,1.5,0.1,0.07500000000000001,1.1,0.8250000000000001,0.8,0.6000000000000001,ok,`gtol` termination condition is satisfied.,True,True,True,4,2.5366316349153687e-14,7.850462293418876e-16,0.0,-5.551115123125783e-16,0.9510884410894677,0.9780423483719539,4.423034346947672e-10,-0.9171248829238767,12.41148948952642,1.9753499033912347,0.07369230299295913,-0.9171248829238767,0.8166243079348593,0.0840032360016485,0.7796416064031908,0.8768595434247584,0.7730823048033115,0.6502716436488276,2.4231404565752417,0.9497283563511725,0.5,2.0,2.75,0.13636363636363635
0.05,0.575,0.375,0.625,2.0,1.5,0.1,0.07500000000000001,1.15,0.8624999999999999,0.75,0.5625,ok,`gtol` termination condition is satisfied.,True,True,True,4,1.819757477221895e-14,8.95090418262362e-16,-4.440892098500626e-16,7.771561172376096e-16,0.9462578710770105,0.9764559840668651,7.999093188202821e-10,-0.9002035060398201,12.373394742948063,1.969286936167456,0.07256137401627161,-0.9002035060398201,0.8215315424466003,0.08474997551265949,0.7816008348022683,0.9205135456070475,0.7730823048033112,0.6127417761318636,2.529486454392952,0.8872582238681364,0.5,2.0,2.875,0.13043478260869565
0.05,0.6,0.35,0.65,2.0,1.5,0.1,0.07500000000000001,1.2,0.8999999999999999,0.7,0.5249999999999999,ok,`gtol` termination condition is satisfied.,True,True,True,4,1.3079506867532369e-14,5.551115123125783e-16,0.0,-6.661338147750939e-16,0.9412561027096047,0.9748265885211808,3.6106811557342146e-10,-0.884564690858876,12.336082142971634,1.9633484514415966,0.07152184463248384,-0.884564690858876,0.826745583830942,0.08554184044812704,0.7836690296872507,0.9646873061303128,0.7730823048033112,0.5749313197592889,2.635312693869687,0.825068680240711,0.5,2.0,3.0,0.125
0.05,0.625,0.325,0.675,2.0,1.5,0.1,0.07500000000000001,1.25,0.9375,0.65,0.48750000000000004,ok,`gtol` termination condition is satisfied.,True,True,True,4,4.35983562251079e-15,5.117875266520903e-16,0.0,3.608224830031759e-16,0.9360725947020475,0.9731510634615491,7.371901834253237e-10,-0.8700670174032856,12.29932431771479,1.957498261854662,0.07056469899782246,-0.8700670174032856,0.8322853140695681,0.08638201117904981,0.7858537512210755,1.0094190161311554,0.7730823048033113,0.5368210766624351,2.7405809838688446,0.763178923337565,0.5,2.0,3.125,0.12
0.05,0.65,0.3,0.7000000000000001,2.0,1.5,0.1,0.07500000000000001,1.3,0.9750000000000001,0.6,0.44999999999999996,ok,`gtol` termination condition is satisfied.,True,True,True,4,5.684341886080802e-14,6.261943282059023e-16,-2.220446049250313e-16,5.689893001203927e-16,0.9306954868760605,0.9714258719083457,1.0432135784989155e-09,-0.8565888732876416,12.262914637673585,1.9517034812997098,0.069682187177129,-0.8565888732876416,0.8381714481221098,0.08727402533854285,0.788163545193182,1.0547512047813865,0.7730823048033113,0.49839006358452126,2.845248795218614,0.7016099364154786,0.5,2.0,3.25,0.11538461538461538
0.05,0.675,0.275,0.7250000000000001,2.0,1.5,0.1,0.07500000000000001,1.35,1.0125000000000002,0.55,0.41250000000000003,ok,`gtol` termination condition is satisfied.,True,True,True,4,2.066885035856967e-14,2.5476231888929306e-16,-4.440892098500626e-16,-2.7755575615628914e-17,0.9251113812483746,0.9696469705284715,2.6539459034808247e-09,-0.844025092526343,12.226661342491294,1.9459335901680785,0.0688676319584403,-0.844025092526343,0.84442683144043,0.08822183796216504,0.7906081137000687,1.1007314888153443,0.7730823048033113,0.45961521635162383,2.9492685111846564,0.6403847836483763,0.5,2.0,3.375,0.1111111111111111
0.05,0.7,0.25,0.75,2.0,1.5,0.1,0.07500000000000001,1.4,1.0499999999999998,0.5,0.375,ok,`gtol` termination condition is satisfied.,True,True,True,4,1.9930677131477896e-14,8.95090418262362e-16,0.0,-4.718447854656915e-16,0.9193050692778796,0.967809723384937,3.259269284557187e-09,-0.8322842505692878,12.190382423990354,1.9401596209586258,0.06811527368582615,-0.8322842505692878,0.8510768088287649,0.08922989619689137,0.7931985278757032,1.1474134968824885,0.7730823048033113,0.42047103330484886,3.052586503117511,0.5795289666951511,0.5,2.0,3.5,0.10714285714285715
0.05,0.725,0.225,0.775,2.0,1.5,0.1,0.07500000000000001,1.45,1.0875,0.45,0.3375,ok,`gtol` termination condition is satisfied.,True,True,True,4,5.684341886080802e-14,8.968100940422724e-16,0.0,-6.38378239159465e-16,0.9132591894688666,0.9659087919515179,4.873124244679227e-10,-0.8212864665754507,12.153900949573318,1.934353413973874,0.06742014560218892,-0.8212864665754507,0.8581496857281337,0.09030323293556854,0.7959474953064158,1.1948580215969629,0.7730823048033113,0.3809291394744293,3.155141978403037,0.5190708605255707,0.5,2.0,3.625,0.10344827586206896
0.05,0.75,0.2,0.8,2.0,1.5,0.1,0.07500000000000001,1.5,1.125,0.4,0.30000000000000004,ok,`gtol` termination condition is satisfied.,True,True,True,4,5.684341886080802e-14,7.550332863779066e-16,-4.440892098500626e-16,2.7755575615628914e-17,0.9069537933681527,0.9639379941329824,6.526240735493879e-10,-0.8109616096981291,12.117040549143317,1.9284868990410928,0.0667779749035297,-0.8109616096981291,0.8656773110495716,0.09144758541186573,0.7988696996857497,1.2431344721570436,0.7730823048033116,0.3409577468913018,3.2568655278429564,0.45904225310869823,0.5,2.0,3.75,0.09999999999999999
0.05,0.775,0.175,0.8250000000000001,2.0,1.5,0.1,0.07500000000000001,1.55,1.1625,0.35,0.26249999999999996,ok,`gtol` termination condition is satisfied.,True,True,True,5,2.179917811255395e-14,5.4672143489065705e-16,-4.440892098500626e-16,-9.992007221626409e-16,0.9003657890086062,0.9618901219525553,3.5101120051719203e-11,-0.8012478178029323,12.079620784221396,1.9225313584844324,0.06618510512466604,-0.8012478178029323,0.8736958224196972,0.09266954724505086,0.8019822374695189,1.2923227297047426,0.7730823048033112,0.30052097712319076,3.357677270295258,0.3994790228768092,0.5,2.0,3.875,0.0967741935483871
0.05,0.8,0.15,0.8500000000000001,2.0,1.5,0.1,0.07500000000000001,1.6,1.2000000000000002,0.3,0.22499999999999998,ok,`gtol` termination condition is satisfied.,True,True,True,5,5.684341886080802e-14,6.6973807122470445e-16,-4.440892098500626e-16,5.551115123125783e-17,0.8934682174334719,0.9597567029845383,1.1568994997446285e-09,-0.7920902691003371,12.04145208878025,1.916456621933605,0.06563843785381211,-0.7920902691003371,0.8822466122147938,0.09397676609399139,0.8053051870807887,1.342515551412637,0.7730823048033113,0.2595779983167254,3.4574844485873637,0.3404220016832746,0.5,2.0,4.0,0.09374999999999999
0.05,0.825,0.125,0.875,2.0,1.5,0.1,0.07500000000000001,1.65,1.2374999999999998,0.25,0.1875,ok,`gtol` termination condition is satisfied.,True,True,True,5,8.455438783051229e-15,3.510833468576701e-16,0.0,-1.1102230246251565e-16,0.8862292973985607,0.9575276835972718,4.951629895361293e-10,-0.7834401539596108,12.002329895193354,1.9102301314396524,0.06513539247254586,-0.7834401539596108,0.8913775995216189,0.09537820470126765,0.8088623627678259,1.3938217363627097,0.7730823048033114,0.21808190811131464,3.55617826363729,0.28191809188868533,0.5,2.0,4.125,0.09090909090909091
0.05,0.85,0.1,0.9,2.0,1.5,0.1,0.07500000000000001,1.7,1.275,0.2,0.15000000000000002,ok,`gtol` termination condition is satisfied.,True,True,True,5,8.206749407079134e-15,6.661338147750939e-16,-4.440892098500626e-16,-6.661338147750939e-16,0.8786111410576642,0.9551910010351481,1.666820650640089e-09,-0.7752538052130422,11.962027417600119,1.9038157929118387,0.06467388410342516,-0.7752538052130422,0.9011449351638523,0.0968844919512367,0.8126823313021182,1.4463703717019878,0.7730823048033114,0.17597826129832178,3.653629628298012,0.22402173870167824,0.5,2.0,4.25,0.08823529411764706
0.05,0.875,0.075,0.925,2.0,1.5,0.1,0.07500000000000001,1.75,1.3125,0.15,0.11249999999999999,ok,`gtol` termination condition is satisfied.,True,True,True,5,7.972270852591158e-15,6.131407058289218e-16,0.0,6.106226635438361e-16,0.870567991109189,0.952731993455908,4.984270725319011e-10,-0.7674919563680582,11.920286331856977,1.897172492785795,0.06425232202438516,-0.7674919563680582,0.9116153348565451,0.09850840490008016,0.8167998120594183,1.5003166482517563,0.7730823048033113,0.13320308913810314,3.749683351748244,0.16679691086189685,0.5,2.0,4.375,0.08571428571428572
0.05,0.9,0.05,0.9500000000000001,2.0,1.5,0.1,0.07500000000000001,1.8,1.35,0.1,0.07500000000000001,ok,`gtol` termination condition is satisfied.,True,True,True,5,5.684341886080802e-14,7.021666937153402e-16,-2.220446049250313e-16,5.551115123125783e-16,0.8620437421277248,0.9501325669416366,3.030038719295367e-11,-0.7601190975104783,11.876804169098717,1.8902520916464918,0.06386963311078596,-0.7601190975104783,0.9228693492215356,0.10026554678075385,0.821257652202812,1.5558500207222834,0.7730823048033112,0.08968017132114016,3.844149979277717,0.11031982867885985,0.5,2.0,4.5,0.08333333333333333
0.05,0.925,0.025,0.9750000000000001,2.0,1.5,0.1,0.07500000000000001,1.85,1.3875000000000002,0.05,0.037500000000000006,ok,`gtol` termination condition is satisfied.,True,True,True,5,5.684341886080802e-14,7.772800161809615e-16,-2.220446049250313e-16,-1.0547118733938987e-15,0.8529683556946152,0.947369985877462,1.445027271379553e-09,-0.7531029115358046,11.83121651231384,1.8829965907252018,0.06352531998012152,-0.7531029115358046,0.9350060772984068,0.10217532794770016,0.826109693122357,1.6132059861077757,0.7730823048033114,0.04531717382257115,3.936794013892225,0.05468282617742885,0.5,2.0,4.625,0.08108108108108107
0.05,0.95,0.0,1.0,2.0,1.5,0.1,0.07500000000000001,1.9,1.4249999999999998,0.0,0.0,ok,`gtol` termination condition is satisfied.,True,True,True,5,7.342881048439225e-15,9.992007221626409e-16,0.0,5.551115123125783e-16,0.8432524991317922,0.9444150567066288,1.981999326716355e-09,-0.7464137645759479,11.783070728312913,1.8753339512124194,0.06321957044866883,-0.7464137645759479,0.9481501910634164,0.10426243342898688,0.831425072153269,1.6726836636848839,nan,nan,4.027316336315115,nan,0.5,2.0,4.75,0.07894736842105263
0.075,0.0,0.925,0.075,2.0,1.5,0.15,0.11249999999999999,0.0,0.0,1.85,1.3875000000000002,ok,`gtol` termination condition is satisfied.,True,True,True,4,5.684341886080802e-14,6.206335383118183e-16,-4.440892098500626e-16,5.204170427930421e-17,0.998527784107591,1.018727704544657,5.813114451527936e-08,-0.9999999393440985,0.0,0.0,1.0,-0.9999999393440985,0.7656580997197969,0.11383774165094472,nan,nan,0.7730823048033113,1.403910247562558,nan,2.2960897524374424,0.75,1.3333333333333335,0.0,nan
0.075,0.025,0.9,0.1,2.0,1.5,0.15,0.11249999999999999,0.05,0.037500000000000006,1.8,1.35,ok,`xtol` termination condition is satisfied.,True,True,True,5,1.743934249004316e-14,5.661048867003676e-16,-2.220446049250313e-16,4.40619762898109e-16,0.9999865906091592,1.0185823932274776,6.280721529754294e-09,-2.019592766559293,0.0,0.0,1.0,-2.019592766559293,0.7648216122577408,0.11361432624063501,0.7585214274849491,0.037926579946581225,0.7730823048033112,1.3661615966448275,0.1120734200534188,2.233838403355173,0.75,1.3333333333333335,0.125,2.9999999999999996
0.075,0.05,0.875,0.125,2.0,1.5,0.15,0.11249999999999999,0.1,0.07500000000000001,1.75,1.3125,ok,`gtol` termination condition is satisfied.,True,True,True,4,6.975736996017264e-14,7.216449660063518e-16,0.0,5.342948306008566e-16,1.0002555781976432,1.017260952942596,4.0057764416311814e-10,-2.8112150440941193,0.0,0.0,1.0,-2.8112150440941193,0.7650045891526496,0.11366337512378427,0.7583368875090248,0.07581431226561809,0.7730823048033113,1.3299380355574688,0.22418568773438197,2.170061964442531,0.75,1.3333333333333335,0.25,1.4999999999999998
0.075,0.075,0.85,0.15,2.0,1.5,0.15,0.11249999999999999,0.15,0.11249999999999999,1.7,1.275,ok,`gtol` termination condition is satisfied.,True,True,True,5,5.684341886080802e-14,5.117875266520903e-16,-2.220446049250313e-16,-4.579669976578771e-16,0.9999892326402906,1.0153750516614515,5.293628427578432e-09,-2.7150283184370174,15.446348110025038,2.4583626544286403,0.1731175892546697,-2.7150283184370174,0.7656675999595246,0.11384026736129238,0.7585196056160928,0.11377916594362107,0.7730823048033112,1.2943393832802441,0.33622083405637887,2.1056606167197556,0.75,1.3333333333333335,0.375,1.0
0.075,0.1,0.825,0.175,2.0,1.5,0.15,0.11249999999999999,0.2,0.15000000000000002,1.65,1.2374999999999998,ok,`gtol` termination condition is satisfied.,True,True,True,4,5.684341886080802e-14,1.8619006149354548e-16,-4.440892098500626e-16,4.2327252813834093e-16,0.9994321638975044,1.0131523995105183,1.533322794348863e-08,-2.4632461496581683,14.835299303470409,2.3611112163950674,0.16379701248965609,-2.4632461496581683,0.7666264118091649,0.11409390729841014,0.7589078145720685,0.15186779893345462,0.7730823048033112,1.2590265823204227,0.4481322010665455,2.0409734176795773,0.75,1.3333333333333335,0.5,0.7499999999999999
0.075,0.125,0.8,0.2,2.0,1.5,0.15,0.11249999999999999,0.25,0.1875,1.6,1.2000000000000002,ok,`gtol` termination condition is satisfied.,True,True,True,5,7.67331069561899e-14,5.661048867003676e-16,-2.220446049250313e-16,-3.0964814046186007e-16,0.9986964060861035,1.0106964402560281,5.18388083064118e-09,-2.257447936568354,14.391124650564784,2.2904186247890106,0.15496888229432607,-2.257447936568354,0.7678035755451533,0.11440211305575954,0.7594330427622683,0.19010608182182473,0.7730823048033114,1.223840946122221,0.5598939181781752,1.9761590538777791,0.75,1.3333333333333335,0.625,0.6
0.075,0.15,0.775,0.22499999999999998,2.0,1.5,0.15,0.11249999999999999,0.3,0.22499999999999998,1.55,1.1625,ok,`gtol` termination condition is satisfied.,True,True,True,5,4.069179914343404e-14,7.514536976383426e-16,0.0,-1.3782378016635732e-15,0.9978403233279104,1.008060243523887,3.5991721169236363e-09,-2.087199294932737,14.054500207307152,2.236843180679001,0.14689651337368093,-2.087199294932737,0.7691628885112862,0.11475409100545625,0.7600619682679326,0.22851210273795305,0.7730823048033115,1.1886963900652414,0.6714878972620468,1.9113036099347587,0.75,1.3333333333333335,0.75,0.5
0.075,0.175,0.75,0.25,2.0,1.5,0.15,0.11249999999999999,0.35,0.26249999999999996,1.5,1.125,ok,`gtol` termination condition is satisfied.,True,True,True,4,7.26639270418465e-14,4.002966042486721e-16,0.0,4.679416576447437e-16,0.9968971218142756,1.0052731999518423,3.7055050987554663e-09,-1.9447174043792401,13.79074821001602,2.194865746559757,0.13963457096911322,-1.9447174043792401,0.7706869232361762,0.11514430438219246,0.7607769200432196,0.2671007029597322,0.7730823048033115,1.153540606932045,0.7828992970402676,1.846459393067955,0.75,1.3333333333333335,0.875,0.4285714285714286
0.075,0.2,0.725,0.275,2.0,1.5,0.15,0.11249999999999999,0.4,0.30000000000000004,1.45,1.0875,ok,`gtol` termination condition is satisfied.,True,True,True,5,1.743934249004316e-14,6.497413668604471e-16,-2.220446049250313e-16,-3.421742056364252e-16,0.9958869111859635,1.0024681338550423,8.458894002481994e-09,-1.8241577477771038,13.578332887065612,2.1610587979237383,0.13314712341396784,-1.8241577477771038,0.7723678914790173,0.11556994163627485,0.7615680851629292,0.3058853677496402,0.7730823048033114,1.118338664870594,0.8941146322503599,1.781661335129406,0.75,1.3333333333333335,1.0,0.37499999999999994
0.075,0.225,0.7,0.3,2.0,1.5,0.15,0.11249999999999999,0.45,0.3375,1.4,1.0499999999999998,ok,`gtol` termination condition is satisfied.,True,True,True,4,5.684341886080802e-14,7.979727989493313e-16,0.0,7.962380754733545e-16,0.9948224176844437,1.000868545159097,1.699781201234554e-09,-1.7210983090509342,13.403239385269366,2.133191801609596,0.12736338188410348,-1.7210983090509342,0.7742034551279597,0.11602974119916414,0.7624299827257196,0.3448791323230943,0.7730823048033112,1.0830652337021802,1.0051208676769057,1.7169347662978196,0.75,1.3333333333333335,1.125,0.3333333333333333
0.075,0.25,0.675,0.325,2.0,1.5,0.15,0.11249999999999999,0.5,0.375,1.35,1.0125000000000002,ok,`gtol` termination condition is satisfied.,True,True,True,4,5.684341886080802e-14,4.440892098500626e-16,-2.220446049250313e-16,2.0296264668928643e-16,0.9937119316742575,0.9991915565475289,4.4198769190638005e-09,-1.6321636787060676,13.255994593093197,2.10975706509022,0.12220363251207995,-1.6321636787060676,0.7761946273211492,0.11652339667527419,0.7633597143828568,0.3840950732556409,0.7730823048033113,1.0477005606962808,1.115904926744359,1.6522994393037194,0.75,1.3333333333333335,1.25,0.3
0.075,0.275,0.65,0.35000000000000003,2.0,1.5,0.15,0.11249999999999999,0.55,0.41250000000000003,1.3,0.9750000000000001,ok,`gtol` termination condition is satisfied.,True,True,True,4,5.684341886080802e-14,3.554447978966673e-16,-2.220446049250313e-16,-2.0643209364124004e-16,0.9925609332625515,0.997440963183719,2.0690620901895463e-09,-1.554751942276027,13.12998850806517,2.089702573798352,0.11759075721594453,-1.554751942276027,0.7783446491241686,0.11705123579040412,0.764356033638187,0.42354660999920707,0.7730823048033113,1.0122282333706238,1.226453390000793,1.5877717666293762,0.75,1.3333333333333335,1.375,0.2727272727272727
0.075,0.3,0.625,0.375,2.0,1.5,0.15,0.11249999999999999,0.6,0.44999999999999996,1.25,0.9375,ok,`gtol` termination condition is satisfied.,True,True,True,4,5.81311416334772e-14,3.1401849173675503e-16,0.0,3.5735303605122226e-16,0.9894730488180113,0.9956188474281978,1.5602104508550052e-09,-1.4868366621551377,13.020481493410129,2.0722739911127657,0.11345482048236072,-1.4868366621551377,0.7806583592804522,0.11761403894125534,0.7654188242395553,0.4632477150695561,0.7730823048033113,0.9766338579494502,1.3367522849304438,1.5233661420505498,0.75,1.3333333333333335,1.5,0.25
0.075,0.325,0.6,0.4,2.0,1.5,0.15,0.11249999999999999,0.65,0.48750000000000004,1.2,0.8999999999999999,ok,`gtol` termination condition is satisfied.,True,True,True,4,5.684341886080802e-14,9.777686967753793e-16,0.0,-6.175615574477433e-16,0.9859651295586926,0.9937260739364692,1.848724175362168e-09,-1.4268231157536782,12.923993325703824,2.0569174222724276,0.10973438472614058,-1.4268231157536782,0.7831418304292741,0.11821293377062106,0.7665487971641273,0.5032130803028083,0.7730823048033112,0.9409042347970272,1.4467869196971919,1.4590957652029726,0.75,1.3333333333333335,1.625,0.23076923076923075
0.075,0.35,0.575,0.425,2.0,1.5,0.15,0.11249999999999999,0.7,0.5249999999999999,1.15,0.8624999999999999,ok,`gtol` termination condition is satisfied.,True,True,True,4,5.684341886080802e-14,1.0007415106216803e-15,0.0,7.494005416219807e-16,0.9823406717736854,0.9917625964564558,2.9224296485958163e-09,-1.3734434560127249,12.837914292788042,2.0432175186873107,0.10637634918565905,-1.3734434560127249,0.7858021581838969,0.11884933364973875,0.7677473114615563,0.5434582640631475,0.7730823048033113,0.9050268161233466,1.556541735936852,1.3949731838766533,0.75,1.3333333333333335,1.75,0.2142857142857143
0.075,0.375,0.55,0.45,2.0,1.5,0.15,0.11249999999999999,0.75,0.5625,1.1,0.8250000000000001,ok,`gtol` termination condition is satisfied.,True,True,True,4,5.684341886080802e-14,1.1866928732135989e-15,-2.220446049250313e-16,-2.8449465006019636e-16,0.9785972121132748,0.9897276508647375,2.129315312427407e-15,-1.325679748767516,12.760250294584868,2.0308569094729956,0.10333518632329945,-1.325679748767516,0.7886473430825559,0.11952490299631996,0.769016269221244,0.5839998337760605,0.7730823048033114,0.8689893295804811,1.6660001662239394,1.331010670419519,0.75,1.3333333333333335,1.875,0.19999999999999998
0.075,0.4,0.525,0.47500000000000003,2.0,1.5,0.15,0.11249999999999999,0.8,0.6000000000000001,1.05,0.7875000000000001,ok,`gtol` termination condition is satisfied.,True,True,True,4,5.684341886080802e-14,7.301351988545593e-16,0.0,1.2004286453759505e-15,0.9747315088854877,0.9876198763668,4.223525958049952e-09,-1.2827070106071181,12.68945141498044,2.0195889178185826,0.10057199218550925,-1.2827070106071181,0.7916862324795346,0.12024154000301385,0.7703580574268044,0.6248555131050337,0.7730823048033113,0.832779501476894,1.7751444868949666,1.2672204985231061,0.75,1.3333333333333335,2.0,0.18749999999999997
0.075,0.425,0.5,0.5,2.0,1.5,0.15,0.11249999999999999,0.85,0.6375,1.0,0.75,ok,`gtol` termination condition is satisfied.,True,True,True,4,1.6413498814158268e-14,1.2658490090568385e-15,4.440892098500626e-16,1.3114509478384662e-15,0.9707396046492026,0.9854373892421843,2.4910855286185683e-09,-1.2438506815209986,12.624293959945993,2.0092187867705626,0.09805354216747757,-1.2438506815209986,0.7949285038661988,0.12100137145357004,0.7717755213375118,0.6660443407050561,0.7730823048033114,0.7963848400752962,1.8839556592949438,1.2036151599247038,0.75,1.3333333333333335,2.125,0.17647058823529413
0.075,0.45,0.475,0.525,2.0,1.5,0.15,0.11249999999999999,0.9,0.675,0.95,0.7124999999999999,ok,`gtol` termination condition is satisfied.,True,True,True,4,2.90655708167386e-15,5.578801654593729e-16,0.0,-2.3592239273284576e-16,0.9666168510432916,0.9835467801380181,4.127061464390704e-10,-1.2085545685829682,12.563797570776119,1.9995904873949661,0.09575143081772558,-1.2085545685829682,0.79838467922141,0.12180675662477532,0.77327196063688,0.7075868465306066,0.7730823048033113,0.7597924542391957,1.9924131534693936,1.1402075457608043,0.75,1.3333333333333335,2.25,0.16666666666666666
0.075,0.475,0.45,0.5499999999999999,2.0,1.5,0.15,0.11249999999999999,0.95,0.7124999999999999,0.9,0.675,ok,`gtol` termination condition is satisfied.,True,True,True,4,5.342159518376592e-17,7.447602459741819e-16,0.0,2.42861286636753e-16,0.9623579046525828,0.9821259887576526,5.59739676665588e-10,-1.1763564667089306,12.507165888316054,1.9905772751958362,0.09364132243800345,-1.1763564667089306,0.8020661648224424,0.12266029866335745,0.7748511434577856,0.7495052515777962,0.7730823048033113,0.7229888910967682,2.1004947484222036,1.077011108903232,0.75,1.3333333333333335,2.375,0.15789473684210525
0.075,0.5,0.425,0.575,2.0,1.5,0.15,0.11249999999999999,1.0,0.75,0.85,0.6375,ok,`gtol` termination condition is satisfied.,True,True,True,4,2.90655708167386e-15,3.839033589254374e-16,0.0,2.42861286636753e-16,0.9579566987680069,0.9806694827564104,1.8114497079188474e-09,-1.1468694381255506,12.453743303323238,1.9820748067214826,0.09170231286355555,-1.1468694381255506,0.805985314040037,0.12356486272312799,0.7765173358101188,0.7918236974475108,0.7730823048033112,0.6859599812057398,2.208176302552489,1.0140400187942602,0.75,1.3333333333333335,2.5,0.15
0.075,0.525,0.4,0.6,2.0,1.5,0.15,0.11249999999999999,1.05,0.7875000000000001,0.8,0.6000000000000001,ok,`gtol` termination condition is satisfied.,True,True,True,4,3.321779521912983e-14,3.554447978966673e-16,-2.220446049250313e-16,-8.326672684688674e-17,0.953406393250855,0.979175585931499,5.083123579355735e-11,-1.119767315117556,12.402982919451361,1.9739960407150312,0.08991639350110595,-1.119767315117556,0.8101555128187934,0.1245236007830857,0.7782753455775819,0.8345685131426773,0.7730823048033114,0.6486906824002405,2.315431486857323,0.9513093175997596,0.75,1.3333333333333335,2.625,0.14285714285714285
0.075,0.55,0.375,0.625,2.0,1.5,0.15,0.11249999999999999,1.1,0.8250000000000001,0.75,0.5625,ok,`gtol` termination condition is satisfied.,True,True,True,4,5.684341886080802e-14,1.2262814116578437e-15,-2.220446049250313e-16,-1.2906342661267445e-15,0.9486993027573116,0.9776422965720764,1.700875297485303e-09,-1.09477336725406,12.354422423069773,1.9662673976769054,0.08826800387952656,-1.09477336725406,0.8145912892803979,0.12553998357775512,0.7801305814962222,0.8777685280749082,0.7730823048033115,0.6111649148653441,2.422231471925092,0.8888350851346559,0.75,1.3333333333333335,2.75,0.13636363636363635
0.07500000000000001,0.5750000000000001,0.35000000000000003,0.6500000000000001,2.0,1.5,0.15,0.11249999999999999,1.15,0.8624999999999999,0.7,0.5249999999999999,ok,`gtol` termination condition is satisfied.,True,True,True,4,6.065858257406317e-15,8.968100940422724e-16,0.0,1.3877787807814457e-17,0.9438268019506121,0.9760672697456657,5.120601517614587e-10,-1.071651377372758,12.307665619749976,1.9588258213053842,0.08674366017580505,-1.071651377372758,0.8193084504835254,0.12661784054393968,0.782089128613437,0.9214554424510211,0.7730823048033114,0.5733653804319866,2.5285445575489787,0.8266346195680133,0.75,1.3333333333333335,2.875,0.13043478260869565
0.075,0.6,0.325,0.6749999999999999,2.0,1.5,0.15,0.11249999999999999,1.2,0.8999999999999999,0.65,0.48750000000000004,ok,`gtol` termination condition is satisfied.,True,True,True,4,8.71967124502158e-15,5.661048867003676e-16,0.0,8.326672684688674e-17,0.9387792047710874,0.9744477883023782,2.1205194005221315e-17,-1.050198550948329,12.262368058145146,1.9516164904659659,0.08533164681008422,-1.050198550948329,0.8243242510543115,0.12776140918895507,0.7841578428180277,0.9656642692175081,0.7730823048033113,0.5352733588135702,2.6343357307824915,0.7647266411864299,0.75,1.3333333333333335,3.0,0.125
0.075,0.625,0.3,0.7,2.0,1.5,0.15,0.11249999999999999,1.25,0.9375,0.6,0.44999999999999996,ok,`gtol` termination condition is satisfied.,True,True,True,4,1.6741768790441432e-14,7.771561172376096e-16,-4.440892098500626e-16,-1.6653345369377348e-15,0.9335456131430461,0.9727807217930297,2.14682464503091e-10,-1.0302398420711698,12.218225623796238,1.9445910038392278,0.08402176085932453,-1.0302398420711698,0.8296576003683919,0.12897539587477416,0.7863444682708086,1.0104338658426257,0.7730823048033114,0.496868472575546,2.739566134157374,0.703131527424454,0.75,1.3333333333333335,3.125,0.12
0.075,0.65,0.275,0.725,2.0,1.5,0.15,0.11249999999999999,1.3,0.9750000000000001,0.55,0.41250000000000003,ok,`gtol` termination condition is satisfied.,True,True,True,4,2.146380614159158e-14,4.14014208754318e-16,0.0,8.049116928532385e-16,0.928113728467044,0.9710624716190448,6.613215916224893e-10,-1.011623380277849,12.174965291869686,1.9377059081733208,0.08280510040998545,-1.011623380277849,0.8353293174450976,0.1302650507582543,0.7886577830999602,1.0558075798362885,0.7730823048033113,0.45812841099130375,2.844192420163712,0.6418715890086963,0.75,1.3333333333333335,3.25,0.11538461538461538
0.075,0.675,0.25,0.75,2.0,1.5,0.15,0.11249999999999999,1.35,1.0125000000000002,0.5,0.375,ok,`gtol` termination condition is satisfied.,True,True,True,4,5.684341886080802e-14,1.0605390551611693e-15,-2.220446049250313e-16,9.159339953157541e-16,0.9224696166322016,0.96928889971962,2.151563712770189e-09,-0.9942167565893216,12.1323374180332,1.9309214713387466,0.08167388943722582,-0.9942167565893216,0.8413624459968008,0.13163626061777442,0.7911077807411049,1.1018340396856128,0.7730823048033113,0.4190286004354913,2.948165960314388,0.5809713995645087,0.75,1.3333333333333335,3.375,0.1111111111111111
0.07500000000000001,0.7000000000000001,0.22500000000000003,0.7750000000000001,2.0,1.5,0.15,0.11249999999999999,1.4,1.0499999999999998,0.44999999999999996,0.33749999999999997,ok,`gtol` termination condition is satisfied.,True,True,True,4,5.684341886080802e-14,7.771561172376096e-16,-4.440892098500626e-16,-9.992007221626409e-16,0.9165974137549738,0.9674552368230959,2.5767209405967502e-09,-0.9779039868980943,12.090109105978309,1.9242006267367835,0.08062133330640157,-0.9779039868980943,0.8477826465712966,0.13309566465603162,0.7937058970565098,1.1485681337857083,0.7730823048033114,0.3795418053126733,3.051431866214291,0.5204581946873266,0.75,1.3333333333333335,3.5,0.10714285714285715
0.075,0.725,0.2,0.7999999999999999,2.0,1.5,0.15,0.11249999999999999,1.45,1.0875,0.4,0.30000000000000004,ok,`gtol` termination condition is satisfied.,True,True,True,4,5.684341886080802e-14,7.850462293418876e-16,-4.440892098500626e-16,3.3306690738754696e-16,0.910478954924495,0.9655559645682518,1.9326490995518187e-09,-0.9625830149595171,12.048058246295366,1.9175080245569793,0.07964150061242875,-0.9625830149595171,0.8546186890429757,0.13465080028401477,0.7964652972427337,1.1960722354590456,0.7730823048033114,0.3396376382438943,3.153927764540954,0.46036236175610573,0.75,1.3333333333333335,3.625,0.10344827586206896
0.075,0.75,0.175,0.825,2.0,1.5,0.15,0.11249999999999999,1.5,1.125,0.35,0.26249999999999996,ok,`gtol` termination condition is satisfied.,True,True,True,4,5.231802747012948e-14,7.850462293418876e-16,0.0,5.828670879282072e-16,0.9040933011676597,0.9635846633770989,3.595809574022028e-11,-0.9481636394371487,12.005967890520505,1.9108091363789137,0.07872922727184474,-0.9481636394371487,0.861903077794363,0.1363102886517122,0.799401242122144,1.244417754617113,0.7730823048033112,0.29928195058153784,3.255582245382887,0.4007180494184621,0.75,1.3333333333333335,3.75,0.09999999999999999
0.075,0.775,0.15,0.85,2.0,1.5,0.15,0.11249999999999999,1.55,1.1625,0.3,0.22499999999999998,ok,`gtol` termination condition is satisfied.,True,True,True,5,9.000950962602921e-15,3.2987125042640323e-16,0.0,5.551115123125783e-17,0.8974161294589992,0.9615338144274629,5.223890745945956e-10,-0.9345657871890172,11.963620615710228,1.9040693582663872,0.07788004109624613,-0.9345657871890172,0.8696728552892129,0.13808407375903042,0.802531561653807,1.2936871297699342,0.7730823048033113,0.25843606307901723,3.356312870230066,0.34156393692098275,0.75,1.3333333333333335,3.875,0.0967741935483871
0.075,0.8,0.125,0.875,2.0,1.5,0.15,0.11249999999999999,1.6,1.2000000000000002,0.25,0.1875,ok,`gtol` termination condition is satisfied.,True,True,True,5,5.81311416334772e-15,5.44249965959353e-16,2.220446049250313e-16,-3.0531133177191805e-16,0.8904189349554372,0.9593945387694981,6.0772549531003e-10,-0.9217180583091515,11.920792505966837,1.8972530528974445,0.07709010493167426,-0.9217180583091515,0.877970649841582,0.1399837351149712,0.8058772759434957,1.3439764240928018,0.7730823048033114,0.21705577971620788,3.456023575907199,0.2829442202837921,0.75,1.3333333333333335,4.0,0.09374999999999999
0.07500000000000001,0.8250000000000001,0.10000000000000002,0.9000000000000001,2.0,1.5,0.15,0.11249999999999999,1.6499999999999997,1.2374999999999998,0.19999999999999998,0.15,ok,`gtol` termination condition is satisfied.,True,True,True,5,4.902011965576743e-17,8.95090418262362e-16,-2.220446049250313e-16,3.885780586188048e-16,0.8830679704614853,0.9571562484384795,1.6709057176138113e-09,-0.909556492085611,11.877246298273777,1.8903224586901874,0.07635617845729961,-0.909556492085611,0.8868460644046757,0.14202290339923637,0.8094634233071274,1.3953987665396363,0.7730823048033112,0.17509010193163357,3.554601233460363,0.2249098980683664,0.75,1.3333333333333335,4.124999999999999,0.09090909090909093
0.07500000000000001,0.8500000000000001,0.07500000000000001,0.925,2.0,1.5,0.15000000000000002,0.11250000000000002,1.7000000000000002,1.2750000000000001,0.15000000000000002,0.11250000000000002,ok,`gtol` termination condition is satisfied.,True,True,True,5,5.684341886080802e-14,8.881784197001252e-16,2.220446049250313e-16,3.885780586188048e-16,0.8753228097085509,0.9548061713851941,1.0500712904071054e-09,-0.8980235078772936,11.832723068253449,1.883236366550035,0.07567559992374981,-0.8980235078772936,0.8963575524192295,0.14421782366399957,0.8133201856433291,1.4480890017581007,0.7730823048033114,0.13247952005170271,3.6519109982419,0.16752047994829733,0.7500000000000001,1.3333333333333333,4.25,0.08823529411764705
0.075,0.875,0.05,0.95,2.0,1.5,0.15,0.11249999999999999,1.75,1.3125,0.1,0.07500000000000001,ok,`gtol` termination condition is satisfied.,True,True,True,5,1.5944541705182317e-14,6.300271117485416e-16,-2.220446049250313e-16,1.1102230246251565e-16,0.8671343580011741,0.952328690634191,5.258229461924798e-10,-0.8870669843107533,11.786931566010677,1.8759484226164942,0.07504629137099393,-0.8870669843107533,0.9065750073487776,0.14658813536580242,0.8174844518422472,1.5022101137909056,0.7730823048033114,0.0891536931583865,3.7477898862090946,0.1108463068416135,0.75,1.3333333333333335,4.375,0.08571428571428572
0.075,0.9,0.025,0.975,2.0,1.5,0.15,0.11249999999999999,1.8,1.35,0.05,0.037500000000000006,ok,`gtol` termination condition is satisfied.,True,True,True,5,5.684341886080802e-14,7.021666937153402e-16,2.220446049250313e-16,1.1102230246251565e-16,0.8584420265707297,0.9497044015904761,2.136328465330495e-09,-0.876639439153925,11.739533787394882,1.868404831858215,0.07446679400982918,-0.876639439153925,0.9175834293363663,0.14915798063016492,0.8220020459846284,1.557962330483495,0.7730823048033112,0.04502821861434197,3.8420376695165053,0.05497178138565804,0.75,1.3333333333333335,4.5,0.08333333333333333
0.075,0.925,0.0,1.0,2.0,1.5,0.15,0.11249999999999999,1.85,1.3875000000000002,0.0,0.0,ok,`gtol` termination condition is satisfied.,True,True,True,4,1.3660818283867142e-13,5.978733960281817e-16,0.0,6.661338147750939e-16,0.8491695968006896,0.9469087265510121,1.0545236491975884e-09,-0.8666972836998024,11.690124491953837,1.8605410982540849,0.07393634699299052,-0.8666972836998024,0.9294882746034655,0.15195762686871414,0.8269309999966654,1.6155964213847764,nan,nan,3.9344035786152243,nan,0.75,1.3333333333333335,4.625,0.08108108108108107
0.1,0.0,0.9,0.1,2.0,1.5,0.2,0.15000000000000002,0.0,0.0,1.8,1.35,ok,`gtol` termination condition is satisfied.,True,True,True,4,4.35983562251079e-14,9.50197851991224e-16,-2.220446049250313e-16,-1.0061396160665481e-16,0.9971241236787597,1.016262847892743,2.3979095318610612e-08,-1.000000021454337,0.0,0.0,1.0,-1.000000021454337,0.766176991909744,0.15196710224929758,nan,nan,0.7730823048033113,1.369279760183485,nan,2.230720239816515,1.0,1.0,0.0,nan
0.1,0.025,0.875,0.125,2.0,1.5,0.2,0.15000000000000002,0.05,0.037500000000000006,1.75,1.3125,ok,`xtol` termination condition is satisfied.,True,True,True,5,7.847704120519421e-14,8.886119947416683e-16,2.220446049250313e-16,3.660266534311063e-16,0.9983879255896676,1.015870760443084,9.607287221203045e-09,-1.7897425700721645,0.0,0.0,1.0,-1.7897425700721645,0.7655400758454242,0.15174179038196042,0.7596574687335795,0.038044203523640914,0.7730823048033113,1.3317580208881237,0.11195579647635912,2.168241979111876,1.0,1.0,0.125,2.9999999999999996
0.1,0.05,0.85,0.15000000000000002,2.0,1.5,0.2,0.15000000000000002,0.1,0.07500000000000001,1.7,1.275,ok,`gtol` termination condition is satisfied.,True,True,True,4,6.975736996017264e-14,7.894497640785698e-16,0.0,-3.920475055707584e-16,0.9987077381233401,1.0145444477648904,1.614319467425262e-08,-2.4404524454615366,0.0,0.0,1.0,-2.4404524454615366,0.7657018875941759,0.1517991744959391,0.7594248457917225,0.076040749140359,0.7730823048033113,1.2953990542858798,0.22395925085964102,2.10460094571412,1.0,1.0,0.25,1.4999999999999998
0.1,0.075,0.825,0.175,2.0,1.5,0.2,0.15000000000000002,0.15,0.11249999999999999,1.65,1.2374999999999998,ok,`gtol` termination condition is satisfied.,True,True,True,4,5.684341886080802e-14,7.514536976383426e-16,2.220446049250313e-16,9.488937413593135e-16,0.9985396525582981,1.0127038383800022,1.212230189502243e-08,-2.941132079747204,15.86833027299135,2.5255232015613385,0.18224216914369828,-2.941132079747204,0.766295299237943,0.15200879172711648,0.759546773790024,0.11409863972512785,0.7730823048033113,1.2595842482102046,0.3359013602748721,2.040415751789795,1.0,1.0,0.375,1.0
0.1,0.1,0.8,0.2,2.0,1.5,0.2,0.15000000000000002,0.2,0.15000000000000002,1.6,1.2000000000000002,ok,`gtol` termination condition is satisfied.,True,True,True,5,1.3951473992034528e-13,4.034117999026819e-16,0.0,-8.023096076392733e-16,0.9980831520174064,1.0105317508896272,6.617035799147398e-09,-2.7129309281532326,15.218081914212705,2.4220329610243247,0.17550326846272918,-2.7129309281532326,0.7671732242830782,0.15231665434224453,0.7598816343883732,0.15226820187324855,0.7730823048033115,1.2240403991228965,0.44773179812675157,1.9759596008771037,1.0,1.0,0.5,0.7499999999999999
0.1,0.125,0.775,0.225,2.0,1.5,0.2,0.15000000000000002,0.25,0.1875,1.55,1.1625,ok,`gtol` termination condition is satisfied.,True,True,True,5,7.67331069561899e-14,8.747410856390872e-16,-4.440892098500626e-16,-4.432218481120742e-16,0.9974392126842404,1.0081199129993081,1.1401651491669523e-08,-2.5184519353433172,14.727225979693657,2.3439108126996264,0.16855968270908753,-2.5184519353433172,0.7682674398416955,0.1526968978373137,0.7603631997570363,0.19057883179437038,0.7730823048033114,1.1886260324727413,0.5594211682056296,1.9113739675272587,1.0,1.0,0.625,0.6
0.1,0.15,0.75,0.25,2.0,1.5,0.2,0.15000000000000002,0.3,0.22499999999999998,1.5,1.125,ok,`gtol` termination condition is satisfied.,True,True,True,5,3.487868498008632e-14,4.742874840267547e-16,0.0,4.2587461335230614e-16,0.9966642599935208,1.0055187901781446,1.5768344080700985e-09,-2.3515963364199663,14.34429894547705,2.282966082360534,0.16177984530745335,-2.3515963364199663,0.7695437291173999,0.15313602245283023,0.760956965612477,0.22905114475081828,0.7730823048033115,1.153258863516136,0.6709488552491816,1.846741136483864,1.0,1.0,0.75,0.5
0.1,0.175,0.725,0.275,2.0,1.5,0.2,0.15000000000000002,0.35,0.26249999999999996,1.45,1.0875,ok,`gtol` termination condition is satisfied.,True,True,True,4,7.847704120519421e-14,3.433175098891678e-16,0.0,-5.134781488891349e-16,0.9957921308720948,1.0037117502568544,1.380070608655285e-09,-2.2074908428623496,14.037555561456989,2.234146356533006,0.15534697789335528,-2.2074908428623496,0.7709845769074721,0.1536266914699711,0.7616436558602597,0.267701733410596,0.7730823048033115,1.1178863651595263,0.7822982665894038,1.7821136348404736,1.0,1.0,0.875,0.4285714285714286
0.1,0.2,0.7,0.30000000000000004,2.0,1.5,0.2,0.15000000000000002,0.4,0.30000000000000004,1.4,1.0499999999999998,ok,`gtol` termination condition is satisfied.,True,True,True,5,1.743934249004316e-14,4.742874840267547e-16,0.0,6.765421556309548e-17,0.9948441906225753,1.002279098397248,2.2085868609980242e-09,-2.0822187560640506,13.786347488205857,2.1941653499304974,0.14934109366770623,-2.0822187560640506,0.772581532365469,0.15416494938404082,0.7624120651638059,0.30654531527663126,0.7730823048033112,1.0824722297404403,0.8934546847233689,1.7175277702595595,1.0,1.0,1.0,0.37499999999999994
0.1,0.225,0.675,0.325,2.0,1.5,0.2,0.15000000000000002,0.45,0.3375,1.35,1.0125000000000002,ok,`gtol` termination condition is satisfied.,True,True,True,5,5.425573219124539e-14,4.449557262054371e-16,-4.440892098500626e-16,-1.205632815803881e-16,0.9938344438426833,1.000758968015347,1.1044760362577526e-09,-1.9726221570545923,13.57668771183255,2.1607969601531445,0.14378503597982364,-1.9726221570545923,0.7743314882428387,0.1547488482223552,0.7632556190267117,0.3455958189917478,0.7730823048033113,1.0469895256664945,1.0044041810082522,1.6530104743335057,1.0,1.0,1.125,0.3333333333333333
0.1,0.25,0.65,0.35,2.0,1.5,0.2,0.15000000000000002,0.5,0.375,1.3,0.9750000000000001,ok,`gtol` termination condition is satisfied.,True,True,True,4,9.155654807272658e-14,6.38378239159465e-16,0.0,3.86843335142828e-16,0.9927723080990977,0.9991583570137269,4.0169111449192094e-10,-1.8761474997888057,13.398788677115627,2.1324834494066693,0.13867083052861764,-1.8761474997888057,0.7762347277061887,0.1553777181079064,0.7641705863874095,0.3848669932436968,0.7730823048033114,1.0114169703343858,1.1151330067563032,1.5885830296656143,1.0,1.0,1.25,0.3
0.1,0.275,0.625,0.375,2.0,1.5,0.2,0.15000000000000002,0.55,0.41250000000000003,1.25,0.9375,ok,`gtol` termination condition is satisfied.,True,True,True,4,5.684341886080802e-14,3.3422138886441676e-16,-2.220446049250313e-16,5.100087019371813e-16,0.9903827648046737,0.9974816679285442,4.050744859098505e-09,-1.7907227492388462,13.24561437872836,2.1081050026637027,0.13397482810257463,-1.7907227492388462,0.7782938396046413,0.15605175806807814,0.765155093141154,0.42437278468167294,0.7730823048033113,0.9757367710197644,1.2256272153183272,1.5242632289802356,1.0,1.0,1.375,0.2727272727272727
0.1,0.3,0.6,0.4,2.0,1.5,0.2,0.15000000000000002,0.6,0.44999999999999996,1.2,0.8999999999999999,ok,`gtol` termination condition is satisfied.,True,True,True,4,5.684341886080802e-14,7.791361360319881e-16,0.0,2.706168622523819e-16,0.9869836089645778,0.9957315089960295,4.589380182784248e-09,-1.7146594876291057,13.111989193550372,2.086837893921056,0.12966635058654682,-1.7146594876291057,0.780513091192019,0.15677179724461873,0.7662085521628162,0.46412759888721017,0.7730823048033113,0.9399333052118275,1.3358724011127896,1.4600666947881724,1.0,1.0,1.5,0.25
0.1,0.325,0.575,0.42500000000000004,2.0,1.5,0.2,0.15000000000000002,0.65,0.48750000000000004,1.15,0.8624999999999999,ok,`gtol` termination condition is satisfied.,True,True,True,4,8.71967124502158e-15,2.3551386880256624e-16,0.0,1.457167719820518e-16,0.9834648776794696,0.9939091909035783,5.294739533607052e-15,-1.6465752037840702,12.994028867912359,2.0680639250070367,0.12571254541785065,-1.6465752037840702,0.7828980566371458,0.1575391522288673,0.7673313232032135,0.5041465015541727,0.7730823048033113,0.9039922733403043,1.4458534984458273,1.3960077266596955,1.0,1.0,1.625,0.23076923076923075
0.1,0.35,0.55,0.44999999999999996,2.0,1.5,0.2,0.15000000000000002,0.7,0.5249999999999999,1.1,0.8250000000000001,ok,`gtol` termination condition is satisfied.,True,True,True,4,5.2318027470129476e-14,5.578801654593729e-16,-4.440892098500626e-16,-8.673617379884035e-16,0.9798253368164868,0.9920150424669377,1.3260263270257685e-09,-1.5853318518803308,12.888765960459718,2.051310812961724,0.12208102715281476,-1.5853318518803308,0.7854553965295874,0.15835554158056334,0.7685245065227325,0.5444453907842279,0.7730823048033112,0.8679001280438553,1.5555546092157717,1.332099871956145,1.0,1.0,1.75,0.2142857142857143
0.1,0.375,0.525,0.475,2.0,1.5,0.2,0.15000000000000002,0.75,0.5625,1.05,0.7875000000000001,ok,`gtol` termination condition is satisfied.,True,True,True,4,5.684341886080802e-14,4.710277376051325e-16,-4.440892098500626e-16,-3.122502256758253e-16,0.9760627648320246,0.9900486139260319,1.243222711583733e-09,-1.5299873818851082,12.793896802802742,2.036211917573652,0.11874123279768893,-1.5299873818851082,0.7881927313800696,0.15922303618091965,0.769789818291716,0.5850411586394618,0.7730823048033113,0.8316436701518601,1.664958841360538,1.26835632984814,1.0,1.0,1.875,0.19999999999999998
0.1,0.4,0.5,0.5,2.0,1.5,0.2,0.15000000000000002,0.8,0.6000000000000001,1.0,0.75,ok,`gtol` termination condition is satisfied.,True,True,True,4,1.3079506867532369e-14,4.041272810440265e-16,0.0,6.938893903907228e-17,0.9721740808141618,0.9880088076120176,1.820240970954927e-09,-1.4797575221357702,12.707606651688915,2.0224784134837397,0.11566503734890732,-1.4797575221357702,0.7911185770381403,0.16014403332096724,0.771129518576671,0.6259518536989556,0.7730823048033113,0.7952097469579542,1.7740481463010447,1.2047902530420458,1.0,1.0,2.0,0.18749999999999997
0.1,0.425,0.475,0.525,2.0,1.5,0.2,0.15000000000000002,0.85,0.6375,0.95,0.7124999999999999,ok,`gtol` termination condition is satisfied.,True,True,True,4,8.206749407079134e-15,1.2123818431320796e-15,-2.220446049250313e-16,6.245004513516506e-16,0.96815541654819,0.9858939596759468,1.4736012985471627e-09,-1.4339856078896673,12.62844642676639,2.0098796723910537,0.11282695149500856,-1.4339856078896673,0.7942423236235846,0.16112124753957188,0.7725463750911271,0.6671968531939952,0.7730823048033113,0.7585850133252747,1.8828031468060047,1.1414149866747252,1.0,1.0,2.125,0.17647058823529413
0.1,0.45,0.45,0.55,2.0,1.5,0.2,0.15000000000000002,0.9,0.675,0.9,0.675,ok,`gtol` termination condition is satisfied.,True,True,True,4,8.71967124502158e-15,5.855045090355223e-16,0.0,3.2612801348363973e-16,0.9640021479349372,0.983701887276875,1.8614753281828614e-09,-1.3921187043976002,12.55524423663473,1.9982291819864473,0.11020409112638184,-1.3921187043976002,0.7975742474568988,0.16215771419627495,0.7740436529194128,0.7087970518858014,0.7730823048033114,0.7217557303305301,1.9912029481141986,1.07824426966947,1.0,1.0,2.25,0.16666666666666666
0.1,0.475,0.425,0.575,2.0,1.5,0.2,0.15000000000000002,0.95,0.7124999999999999,0.85,0.6375,ok,`gtol` termination condition is satisfied.,True,True,True,4,4.35983562251079e-15,5.117875266520903e-16,0.0,2.7755575615628914e-17,0.9597088948453519,0.9814442346526158,2.1000503454222196e-09,-1.3536886387228875,12.487040810241576,1.9873742695401726,0.10777602901264045,-1.3536886387228875,0.8011255502882461,0.16325680358906133,0.7756251246250984,0.7507750745050235,0.7730823048033113,0.6847075843646352,2.099224925494976,1.0152924156353649,1.0,1.0,2.375,0.15789473684210525
0.1,0.5,0.4,0.6,2.0,1.5,0.2,0.15000000000000002,1.0,0.75,0.8,0.6000000000000001,ok,`gtol` termination condition is satisfied.,True,True,True,4,2.7902947984069054e-14,9.50197851991224e-16,-4.440892098500626e-16,-3.0531133177191805e-16,0.9552694944875159,0.9800033905483718,2.1053918374135963e-09,-1.31829687638188,12.42304165662208,1.9771884878879324,0.1055245934935084,-1.31829687638188,0.8049084232771382,0.16442224463005126,0.777295097825168,0.7931555189724638,0.7730823048033114,0.6474255143826659,2.2068444810275363,0.9525744856173342,1.0,1.0,2.5,0.15
0.1,0.525,0.375,0.625,2.0,1.5,0.2,0.15000000000000002,1.05,0.7875000000000001,0.75,0.5625,ok,`gtol` termination condition is satisfied.,True,True,True,4,8.71967124502158e-15,7.850462293418876e-16,-2.220446049250313e-16,-1.3877787807814457e-16,0.950676950606279,0.9785232020296746,3.014635940772285e-09,-1.2856023984661498,12.362581084890543,1.967565889034696,0.10343364995497524,-1.2856023984661498,0.8089361354456546,0.1656581579637778,0.7790584591467768,0.8359652386447028,0.7730823048033112,0.6098935376867166,2.3140347613552974,0.8901064623132834,1.0,1.0,2.625,0.14285714285714285
0.1,0.55,0.35,0.65,2.0,1.5,0.2,0.15000000000000002,1.1,0.8250000000000001,0.7,0.5249999999999999,ok,`gtol` termination condition is satisfied.,True,True,True,4,6.341579087288422e-15,6.961062950497062e-16,0.0,-7.494005416219807e-16,0.9459233587530839,0.9770017167090232,9.612167280872985e-10,-1.2553119408182107,12.305094761088483,1.9584166564414172,0.10148888562997062,-1.2553119408182107,0.8132231481771832,0.16696909912668303,0.7809207348897041,0.8792336734803419,0.7730823048033112,0.5720945659653355,2.4207663265196584,0.8279054340346644,1.0,1.0,2.75,0.13636363636363635
0.1,0.575,0.325,0.6749999999999999,2.0,1.5,0.2,0.15000000000000002,1.15,0.8624999999999999,0.65,0.48750000000000004,ok,`gtol` termination condition is satisfied.,True,True,True,4,1.2131716514812633e-14,2.3714374201337736e-16,-2.220446049250313e-16,0.0,0.9409998060884184,0.9754366056858977,2.1187326729074653e-09,-1.227172092530429,12.250098472038005,1.9496637251873228,0.09967760795115263,-1.227172092530429,0.8177852590640562,0.16836011301820952,0.7828881699488119,0.9229932424035436,0.7730823048033113,0.5340102036906648,2.527006757596456,0.7659897963093353,1.0,1.0,2.875,0.13043478260869565
0.1,0.6,0.3,0.7,2.0,1.5,0.2,0.15000000000000002,1.2,0.8999999999999999,0.6,0.44999999999999996,ok,`gtol` termination condition is satisfied.,True,True,True,4,5.684341886080802e-14,4.742874840267547e-16,2.220446049250313e-16,4.718447854656915e-16,0.9358962424500765,0.9738251343865203,5.306178746625413e-10,-1.2009628661766196,12.197171437766311,1.9412401260597885,0.09798856134566636,-1.2009628661766196,0.8226397802557702,0.16983680167373655,0.784967827790584,0.9672798124502171,0.7730823048033113,0.49562052056932987,2.6327201875497828,0.7043794794306701,1.0,1.0,3.0,0.125
0.1,0.625,0.275,0.725,2.0,1.5,0.2,0.15000000000000002,1.25,0.9375,0.55,0.41250000000000003,ok,`gtol` termination condition is satisfied.,True,True,True,4,8.71967124502158e-15,4.965068306494546e-16,0.0,-1.5265566588595902e-16,0.9306013175144073,0.9721641198752108,1.530662310699695e-09,-1.1764924387574693,12.145942974394165,1.9330868628871094,0.09641176421040622,-1.1764924387574693,0.8278057586470314,0.17140540818413602,0.7871677156867288,1.0121332648387746,0.7730823048033113,0.4569037885928401,2.7378667351612256,0.64309621140716,1.0,1.0,3.125,0.12
0.1,0.65,0.25,0.75,2.0,1.5,0.2,0.15000000000000002,1.3,0.9750000000000001,0.5,0.375,ok,`gtol` termination condition is satisfied.,True,True,True,4,1.0463605494025895e-13,2.220446049250313e-16,0.0,1.942890293094024e-16,0.9251021765641889,0.9704498727804843,1.3921162815260237e-09,-1.1535928233729984,12.096081619707357,1.9251511818194458,0.09493836570426044,-1.1535928233729984,0.8333042480262444,0.17307292069588812,0.7894969411577353,1.0575981844012414,0.7730823048033113,0.41783617225641156,2.842401815598759,0.5821638277435884,1.0,1.0,3.25,0.11538461538461538
0.1,0.675,0.225,0.775,2.0,1.5,0.2,0.15000000000000002,1.35,1.0125000000000002,0.45,0.3375,ok,`gtol` termination condition is satisfied.,True,True,True,4,5.684341886080802e-14,5.551115123125783e-16,0.0,-2.7755575615628914e-16,0.9193842043713928,0.9686781208226578,7.106932830450526e-10,-1.1321162948921037,12.047286050538668,1.9173851257852663,0.09356052214035798,-1.1321162948921037,0.8391586470155112,0.17484720188185723,0.7919659078875623,1.1037247075842092,0.7730823048033114,0.37839135750580977,2.9462752924157916,0.5216086424941903,1.0,1.0,3.375,0.1111111111111111
0.1,0.7,0.2,0.7999999999999999,2.0,1.5,0.2,0.15000000000000002,1.4,1.0499999999999998,0.4,0.30000000000000004,ok,`gtol` termination condition is satisfied.,True,True,True,4,4.35983562251079e-15,5.4672143489065705e-16,-2.220446049250313e-16,9.43689570931383e-16,0.9134307026132709,0.9668439094569626,6.099535691118741e-10,-1.1119324129511112,11.999277254630272,1.909744288604555,0.09227129099141851,-1.1119324129511112,0.8453951217532127,0.17673715128628714,0.7945865625427961,1.1505695766183364,0.7730823048033114,0.33854010056441897,3.049430423381663,0.4614598994355811,1.0,1.0,3.5,0.10714285714285715
0.1,0.725,0.175,0.825,2.0,1.5,0.2,0.15000000000000002,1.45,1.0875,0.35,0.26249999999999996,ok,`gtol` termination condition is satisfied.,True,True,True,4,5.684341886080802e-14,3.510833468576701e-16,-2.220446049250313e-16,6.106226635438361e-16,0.9072224804829315,0.9649414731468828,1.5477884771770482e-09,-1.0929255355862868,11.951791524032043,1.9021866998535168,0.09106454205227858,-1.0929255355862868,0.8520431395241285,0.17875291080601546,0.7973727084233059,1.1981974652236747,0.7730823048033112,0.2982496713894532,3.151802534776325,0.40175032861054677,1.0,1.0,3.625,0.10344827586206896
0.1,0.75,0.15,0.85,2.0,1.5,0.2,0.15000000000000002,1.5,1.125,0.3,0.22499999999999998,ok,`gtol` termination condition is satisfied.,True,True,True,5,4.35983562251079e-15,8.005932084973442e-16,0.0,2.498001805406602e-16,0.9007373298251647,0.9629640679423389,1.1412463933883547e-09,-1.074992726423779,11.904573865465688,1.894671776091456,0.08993488461191491,-1.074992726423779,0.8591361500645261,0.18090612772456466,0.8003404084017437,1.2466826671610562,0.7730823048033113,0.25748315714417047,3.253317332838944,0.3425168428558295,1.0,1.0,3.75,0.09999999999999999
0.1,0.775,0.125,0.875,2.0,1.5,0.2,0.15000000000000002,1.55,1.1625,0.25,0.1875,ok,`gtol` termination condition is satisfied.,True,True,True,5,1.8001901925205842e-14,7.108895957933346e-16,-2.220446049250313e-16,-4.163336342344337e-16,0.8939493437671964,0.9609037518585838,1.3819710676392556e-10,-1.058041979514065,11.857371444341206,1.8871592774435895,0.0888776101023346,-1.058041979514065,0.8667124668882304,0.18321029589503918,0.8035085093306052,1.2961112775899843,0.7730823048033113,0.216198577188239,3.353888722410016,0.283801422811761,1.0,1.0,3.875,0.0967741935483871
0.1,0.8,0.1,0.9,2.0,1.5,0.2,0.15000000000000002,1.6,1.2000000000000002,0.2,0.15000000000000002,ok,`gtol` termination condition is satisfied.,True,True,True,5,8.71967124502158e-15,1.5700924586837752e-16,4.440892098500626e-16,-1.1102230246251565e-16,0.8868280190025084,0.9587510932126804,2.3452503738805753e-09,-1.0419907051898034,11.809926620657121,1.8796081992301439,0.08788865101037921,-1.0419907051898034,0.8748164247312403,0.18568120508356262,0.8068993349291449,1.3465840560979052,0.7730823048033115,0.1743477400889664,3.4534159439020957,0.22565225991103363,1.0,1.0,4.0,0.09374999999999999
0.10000000000000002,0.8250000000000001,0.07500000000000001,0.925,2.0,1.5,0.20000000000000004,0.15000000000000002,1.6500000000000001,1.2375,0.15000000000000002,0.11250000000000002,ok,`gtol` termination condition is satisfied.,True,True,True,5,1.7439342490043156e-14,8.08254562088053e-16,-4.440892098500626e-16,-5.551115123125783e-16,0.8793370524762467,0.9564947771690485,1.8210344353782543e-09,-1.0267644225600177,11.761969048421472,1.8719755145501538,0.08696455712505517,-1.0267644225600177,0.8834999262961143,0.18833754321587587,0.8105396174075141,1.3982202523684366,0.7730823048033113,0.1318747406286842,3.5517797476315636,0.16812525937131584,1.0000000000000002,0.9999999999999999,4.125,0.0909090909090909
0.1,0.85,0.05,0.95,2.0,1.5,0.2,0.15000000000000002,1.7,1.275,0.1,0.07500000000000001,ok,`gtol` termination condition is satisfied.,True,True,True,5,5.684341886080802e-14,6.667118051786499e-16,-2.220446049250313e-16,-4.996003610813204e-16,0.87143269585409,0.9541210647777811,1.7058476331928279e-09,-1.0122956128426253,11.71320609976336,1.864214650231479,0.08610249204501486,-1.0122956128426253,0.8928245511078988,0.19120172000535587,0.8144617756059858,1.4511628237163505,0.7730823048033114,0.08871394296786334,3.6488371762836493,0.11128605703213668,1.0,1.0,4.25,0.08823529411764706
0.1,0.875,0.025,0.975,2.0,1.5,0.2,0.15000000000000002,1.75,1.3125,0.05,0.037500000000000006,ok,`gtol` termination condition is satisfied.,True,True,True,5,5.684341886080802e-14,5.551115123125783e-16,0.0,5.551115123125783e-17,0.8630614522625418,0.9516130321509012,6.756793058023754e-10,-0.9985226982992923,11.663310527215122,1.8562735232220267,0.08530025600569685,-0.9985226982992923,0.9028644984396724,0.19430101998678648,0.8187057100544263,1.5055857204444538,0.7730823048033112,0.044787210851362474,3.744414279555546,0.05521278914863753,1.0,1.0,4.375,0.08571428571428572
0.1,0.9,0.0,1.0,2.0,1.5,0.2,0.15000000000000002,1.8,1.35,0.0,0.0,ok,`gtol` termination condition is satisfied.,True,True,True,4,7.847704120519421e-14,7.771561172376096e-16,-2.220446049250313e-16,3.3306690738754696e-16,0.8541567632130393,0.9489494712164981,4.721497100366229e-09,-0.9853891024245729,11.611903652787923,1.8480918650480336,0.08455634469834807,-0.9853891024245729,0.9137108075856528,0.19766926145619174,0.8233213940012397,1.561704341646791,nan,nan,3.8382956583532093,nan,1.0,1.0,4.5,0.08333333333333333
0.125,0.0,0.875,0.125,2.0,1.5,0.25,0.1875,0.0,0.0,1.75,1.3125,ok,`gtol` termination condition is satisfied.,True,True,True,4,5.684341886080802e-14,6.532886618304434e-16,0.0,8.500145032286355e-16,0.9952602719938696,1.0133174072702773,6.975737165966964e-09,-1.0000000044509794,0.0,0.0,1.0,-1.0000000044509794,0.767092998161949,0.19036078510361673,nan,nan,0.7730823048033113,1.3351137794526644,nan,2.1648862205473356,1.25,0.8,0.0,nan
0.125,0.025,0.85,0.15,2.0,1.5,0.25,0.1875,0.05,0.037500000000000006,1.7,1.275,ok,`xtol` termination condition is satisfied.,True,True,True,5,3.487868498008632e-14,8.608703982599288e-16,-2.220446049250313e-16,-7.840950111415168e-16,0.996494871285996,1.0128350598801665,1.2677340426518937e-08,-1.644455702410724,0.0,0.0,1.0,-1.644455702410724,0.7665100746146337,0.1901054365280507,0.7610888110292644,0.0381882954423571,0.7730823048033113,1.2975853327205353,0.11181170455764292,2.1024146672794646,1.25,0.8,0.125,2.9999999999999996
0.125,0.05,0.825,0.175,2.0,1.5,0.25,0.1875,0.1,0.07500000000000001,1.65,1.2374999999999998,ok,`xtol` termination condition is satisfied.,True,True,True,5,2.615901373506474e-13,2.482534153247273e-16,0.0,9.593020822151743e-16,0.9969044276193639,1.0115375222563507,7.4451033719000035e-09,-2.195375227960217,0.0,0.0,1.0,-2.195375227960217,0.7666216366758382,0.19015441687214985,0.7607712938877622,0.07631336292732752,0.7730823048033113,1.2610365654851072,0.22368663707267253,2.0389634345148924,1.25,0.8,0.25,1.4999999999999998
0.125,0.075,0.8,0.2,2.0,1.5,0.25,0.1875,0.15,0.11249999999999999,1.6,1.2000000000000002,ok,`gtol` termination condition is satisfied.,True,True,True,5,9.300982661356352e-14,6.684427777288335e-16,-4.440892098500626e-16,-3.5735303605122226e-16,0.996847526725952,1.0097503602218838,2.591073816767919e-10,-2.6713880149589957,0.0,0.0,1.0,-2.6713880149589957,0.767141444267222,0.19038194347691767,0.7608151492696257,0.11448317754799198,0.7730823048033112,1.2249876171507315,0.335516822452008,1.9750123828492687,1.25,0.8,0.375,1.0
0.125,0.1,0.775,0.225,2.0,1.5,0.25,0.1875,0.2,0.15000000000000002,1.55,1.1625,ok,`gtol` termination condition is satisfied.,True,True,True,5,6.975736996017264e-14,4.75098925995612e-16,0.0,-2.168404344971009e-17,0.996498145552076,1.0076307136022868,1.6795893319160544e-09,-2.891017783663873,15.512046446850148,2.4688188694872726,0.1832175889118766,-2.891017783663873,0.7679420823442668,0.19073027004554885,0.7610862554827399,0.15275216695181823,0.7730823048033114,1.1892031041424709,0.44724783304818183,1.9107968958575292,1.25,0.8,0.5,0.7499999999999999
0.125,0.125,0.75,0.25,2.0,1.5,0.25,0.1875,0.25,0.1875,1.5,1.125,ok,`gtol` termination condition is satisfied.,True,True,True,5,1.3951473992034527e-14,1.7554167342883506e-16,0.0,-2.1510571102112408e-16,0.9959508086581091,1.0055987151297419,3.528996075505457e-10,-2.71078652127824,14.994373140422837,2.3864286038626408,0.1779030108120037,-2.71078652127824,0.7689601273330436,0.19116972699041104,0.7615172676861242,0.19115333334388065,0.7730823048033114,1.1535521181474855,0.5588466666561194,1.8464478818525145,1.25,0.8,0.625,0.6
0.125,0.15,0.725,0.275,2.0,1.5,0.25,0.1875,0.3,0.22499999999999998,1.45,1.0875,ok,`gtol` termination condition is satisfied.,True,True,True,5,4.069179914343404e-14,7.301351988545593e-16,0.0,-1.0321604682062002e-15,0.9952611496182668,1.0044683334169193,6.087178580799305e-10,-2.5521190860564262,14.581299077895435,2.320685824948354,0.17240600944221335,-2.5521190860564262,0.7701620021085278,0.19168399253778684,0.7620712583991474,0.2297099385497285,0.7730823048033115,1.1179545178975845,0.6702900614502714,1.7820454821024154,1.25,0.8,0.75,0.5
0.125,0.175,0.7,0.3,2.0,1.5,0.25,0.1875,0.35,0.26249999999999996,1.4,1.0499999999999998,ok,`gtol` termination condition is satisfied.,True,True,True,5,5.684341886080802e-14,4.449557262054371e-16,0.0,9.558326352632207e-16,0.9944638964657853,1.0032175740647813,1.605276787131074e-09,-2.4118611781080856,14.24430665317964,2.267051814770312,0.16694485328693398,-2.4118611781080856,0.7715296385183368,0.19226378665604305,0.7627267456217793,0.2684404752312769,0.7730823048033112,1.0823571956247984,0.7815595247687229,1.7176428043752014,1.25,0.8,0.875,0.4285714285714286
0.125,0.2,0.675,0.325,2.0,1.5,0.25,0.1875,0.4,0.30000000000000004,1.35,1.0125000000000002,ok,`gtol` termination condition is satisfied.,True,True,True,5,6.975736996017264e-14,9.1761460956444e-16,0.0,-1.5005358067199381e-16,0.9935817022299963,1.0018640099441443,1.6707596717634296e-09,-2.287368923360932,13.96423720958821,2.222477378413739,0.16164768830532994,-2.287368923360932,0.7730537483144138,0.19290386236089888,0.7634707800487653,0.30736104674038595,0.7730823048033114,1.0467224428857396,0.8926389532596142,1.6532775571142606,1.25,0.8,1.0,0.37499999999999994
0.125,0.225,0.65,0.35,2.0,1.5,0.25,0.1875,0.45,0.3375,1.3,0.9750000000000001,ok,`gtol` termination condition is satisfied.,True,True,True,5,4.650491330678176e-14,2.9893669801409083e-16,0.0,-4.198030811863873e-16,0.9926298327904991,1.0004191549413064,6.463041778171782e-10,-2.1764174990400056,13.727732177783896,2.1848364335359762,0.15658594710544524,-2.1764174990400056,0.7747303883055264,0.1936014480727778,0.7642954633179875,0.34648662283927506,0.7730823048033114,1.011021770685637,1.003513377160725,1.588978229314363,1.25,0.8,1.125,0.3333333333333333
0.125,0.25,0.625,0.375,2.0,1.5,0.25,0.1875,0.5,0.375,1.25,0.9375,ok,`gtol` termination condition is satisfied.,True,True,True,5,1.3951473992034527e-14,3.885780586188048e-16,0.0,7.563394355258879e-16,0.9908949645988091,0.9988906075321684,1.570538275294439e-09,-2.0771312123805807,13.525197168184485,2.1526019856090657,0.1517952967155228,-2.0771312123805807,0.7765590901132828,0.19435538893288534,0.7651960713505541,0.38583176338293523,0.7730823048033113,0.9752324065905346,1.1141682366170649,1.5247675934094653,1.25,0.8,1.25,0.3
0.125,0.275,0.6,0.4,2.0,1.5,0.25,0.1875,0.55,0.41250000000000003,1.2,0.8999999999999999,ok,`gtol` termination condition is satisfied.,True,True,True,5,5.684341886080802e-14,8.08254562088053e-16,-2.220446049250313e-16,-2.671474153004283e-16,0.9876120561987208,0.997283320246678,7.212573762514954e-10,-1.987926723051897,13.349571552204132,2.1246503006922337,0.14728902598822102,-1.987926723051897,0.7785417904652963,0.19516565018673027,0.7661699874959461,0.425411073572357,0.7730823048033113,0.9393351973999272,1.224588926427643,1.4606648026000726,1.25,0.8,1.375,0.2727272727272727
0.125,0.3,0.575,0.425,2.0,1.5,0.25,0.1875,0.6,0.44999999999999996,1.15,0.8624999999999999,ok,`gtol` termination condition is satisfied.,True,True,True,5,1.162622832669544e-14,6.106226635438361e-16,0.0,-6.938893903907228e-17,0.984204106472395,0.9956003813816674,2.0007241811156992e-09,-1.9074656657601505,13.195551451207706,2.1001372402831393,0.14306667469494008,-1.9074656657601505,0.7806821973545423,0.19603301986263116,0.7672160706132074,0.4652395180258888,0.7730823048033113,0.9033132910919672,1.334760481974111,1.3966867089080326,1.25,0.8,1.5,0.25
0.125,0.325,0.55,0.45,2.0,1.5,0.25,0.1875,0.65,0.48750000000000004,1.1,0.8250000000000001,ok,`gtol` termination condition is satisfied.,True,True,True,5,3.756166074778527e-14,3.885780586188048e-16,-4.440892098500626e-16,9.020562075079397e-17,0.9806714981092057,0.9938435111771837,9.302428831797705e-10,-1.8346147672280242,13.059081199098596,2.0784173250749776,0.1391196046207605,-1.8346147672280242,0.782985406733554,0.1969589271167366,0.7683342696179404,0.5053326596048684,0.7730823048033113,0.8671512702502796,1.4446673403951318,1.3328487297497205,1.25,0.8,1.625,0.23076923076923075
0.125,0.35,0.525,0.475,2.0,1.5,0.25,0.1875,0.7,0.5249999999999999,1.05,0.7875000000000001,ok,`gtol` termination condition is satisfied.,True,True,True,4,4.9826692828694736e-14,5.026748538604307e-16,0.0,8.118505867571457e-16,0.9770133101323984,0.9920133836313384,2.0284268967585472e-09,-1.7684122917461396,12.937010556029167,2.0589891788240715,0.1354345848928647,-1.7684122917461396,0.7854576706058931,0.19794533107271878,0.7695253845635169,0.5457068595633507,0.7730823048033114,0.8308345563209122,1.554293140436649,1.2691654436790878,1.25,0.8,1.75,0.2142857142857143
0.125,0.375,0.5,0.5,2.0,1.5,0.25,0.1875,0.75,0.5625,1.0,0.75,ok,`gtol` termination condition is satisfied.,True,True,True,4,1.3951473992034527e-14,8.053900950903363e-16,0.0,-8.604228440844963e-16,0.9732275407512672,0.9901098376346024,6.799132736048107e-10,-1.7080399165426896,12.8268578293427,2.0414578278768696,0.13199608168926355,-1.7080399165426896,0.7881062612719327,0.19899465476343986,0.7707909189077258,0.5863794608431717,0.7730823048033114,0.7943489805133782,1.6636205391568284,1.2056510194866217,1.25,0.8,1.875,0.19999999999999998
0.125,0.4,0.475,0.525,2.0,1.5,0.25,0.1875,0.8,0.6000000000000001,0.95,0.7124999999999999,ok,`gtol` termination condition is satisfied.,True,True,True,5,5.684341886080802e-14,4.577566798522237e-16,-2.220446049250313e-16,7.632783294297951e-17,0.9693112461018938,0.9881320151475261,3.3307917022725625e-09,-1.6527992586585962,12.726642672717297,2.0255080903272082,0.12878770143063806,-1.6527992586585962,0.7909394000096034,0.20010974947803856,0.7721329912353373,0.6273689687210643,0.7730823048033113,0.7576804586933914,1.772631031278936,1.1423195413066085,1.25,0.8,2.0,0.18749999999999997
0.125,0.425,0.45,0.55,2.0,1.5,0.25,0.1875,0.85,0.6375,0.9,0.675,ok,`gtol` termination condition is satisfied.,True,True,True,4,1.6413498814158268e-14,6.753223014464259e-16,0.0,-7.632783294297951e-17,0.9652606202276794,0.9860784493581917,1.2108889588035143e-10,-1.6020923487802243,12.63476583453344,2.010885437374593,0.12579308157986083,-1.6020923487802243,0.7939662316901563,0.2012938808790834,0.7735542878090922,0.6686952391074827,0.7730823048033113,0.7208147310089845,1.881304760892517,1.0791852689910155,1.25,0.8,2.125,0.17647058823529413
0.125,0.45,0.425,0.575,2.0,1.5,0.25,0.1875,0.9,0.675,0.85,0.6375,ok,`gtol` termination condition is satisfied.,True,True,True,4,1.5501637768927254e-14,8.331297329690976e-16,-4.440892098500626e-16,-1.3877787807814457e-17,0.9610710317177402,0.9839471169975554,1.033291318602783e-09,-1.5554054263780137,12.54992123744753,1.9973820003537304,0.12299642214954366,-1.5554054263780137,0.7971968346245033,0.20255073185668065,0.7750580449202511,0.7103796829588122,0.7730823048033112,0.6837371405403113,1.989620317041188,1.0162628594596885,1.25,0.8,2.25,0.16666666666666666
0.125,0.475,0.4,0.6,2.0,1.5,0.25,0.1875,0.95,0.7124999999999999,0.8,0.6000000000000001,ok,`gtol` termination condition is satisfied.,True,True,True,4,5.684341886080802e-14,9.155133597044475e-16,0.0,7.216449660063518e-16,0.9567370262396834,0.9817354635967558,1.7463286310387362e-09,-1.5122955060749004,12.471030717390303,1.9848261841235324,0.12038278503250839,-1.5122955060749004,0.800642259793168,0.2038844193475191,0.7766480546313518,0.7524454946950847,0.7730823048033114,0.6464324332397166,2.097554505304915,0.9535675667602835,1.25,0.8,2.375,0.15789473684210525
0.125,0.5,0.375,0.625,2.0,1.5,0.25,0.1875,1.0,0.75,0.75,0.5625,ok,`gtol` termination condition is satisfied.,True,True,True,4,5.684341886080802e-14,4.775249788392736e-16,-2.220446049250313e-16,4.718447854656915e-16,0.9522523001455003,0.9794404069989384,3.5364704890999003e-09,-1.4723792393338124,12.397194899483502,1.973074848726432,0.11793824455247198,-1.4723792393338124,0.8043145968616229,0.20529952386947384,0.7783286904817293,0.7949179128343852,0.7730823048033114,0.6088845661111982,2.2050820871656147,0.8911154338888018,1.25,0.8,2.5,0.15
0.125,0.525,0.35,0.65,2.0,1.5,0.25,0.1875,1.05,0.7875000000000001,0.7,0.5249999999999999,ok,`gtol` termination condition is satisfied.,True,True,True,4,5.684341886080802e-14,3.885780586188048e-16,-4.440892098500626e-16,1.3877787807814457e-17,0.94760964747067,0.9776631952990072,2.582912931173819e-09,-1.435323674742358,12.327655730971186,1.9620073463191965,0.1156499444711803,-1.435323674742358,0.8082270667733696,0.2068011316497999,0.7801049517992328,0.8378245221133428,0.7730823048033112,0.5710765132106441,2.3121754778866577,0.8289234867893558,1.25,0.8,2.625,0.14285714285714285
0.125,0.55,0.325,0.675,2.0,1.5,0.25,0.1875,1.1,0.8250000000000001,0.65,0.48750000000000004,ok,`gtol` termination condition is satisfied.,True,True,True,4,5.684341886080802e-14,8.400361489980555e-16,0.0,8.881784197001252e-16,0.9428008804301344,0.9761519140444243,1.3310304658372733e-09,-1.4008385778775354,12.261767526022814,1.9515209128102113,0.11350609730705219,-1.4008385778775354,0.8123941427027536,0.20839489016809887,0.7819825268641108,0.881195608157539,0.7730823048033116,0.5329900603114575,2.4188043918424613,0.7670099396885426,1.25,0.8,2.75,0.13636363636363635
0.125,0.575,0.3,0.7,2.0,1.5,0.25,0.1875,1.15,0.8624999999999999,0.6,0.44999999999999996,ok,`gtol` termination condition is satisfied.,True,True,True,4,1.2131716514812633e-14,1.0235750533041806e-15,-2.220446049250313e-16,-6.522560269672795e-16,0.9378167215757471,0.9745947246424823,1.640806659587403e-09,-1.3686700367034577,12.198974295247226,1.9415270597395662,0.1114959498390563,-1.3686700367034577,0.8168317030494978,0.21008707883944122,0.783967876583256,0.9250645784087034,0.7730823048033113,0.4946055793317627,2.5249354215912962,0.7053944206682372,1.25,0.8,2.875,0.13043478260869565
0.125,0.6,0.275,0.725,2.0,1.5,0.25,0.1875,1.2,0.8999999999999999,0.55,0.41250000000000003,ok,`gtol` termination condition is satisfied.,True,True,True,4,0.0,7.021666937153402e-16,-4.440892098500626e-16,-7.91033905045424e-16,0.932646663845242,0.9729888516018523,3.5019597295377706e-10,-1.338595120118973,12.138791738450596,1.931948708337474,0.10960972999043389,-1.338595120118973,0.821557222218993,0.21188469754703113,0.7860683417618969,0.9694684667366238,0.7730823048033112,0.4559017730131244,2.630531533263376,0.6440982269868757,1.25,0.8,3.0,0.125
0.125,0.625,0.25,0.75,2.0,1.5,0.25,0.1875,1.25,0.9375,0.5,0.375,ok,`gtol` termination condition is satisfied.,True,True,True,4,5.684341886080802e-14,3.1401849173675503e-16,-4.440892098500626e-16,5.551115123125783e-17,0.9272787925585615,0.9713310289254654,8.421556595119531e-10,-1.310417405233527,12.08079271851273,1.9227178776198772,0.1078385853074279,-1.310417405233527,0.8265900074044681,0.2137955769159769,0.7882922786910043,1.014448544337985,0.7730823048033113,0.4168553788824454,2.735551455662015,0.5831446211175546,1.25,0.8,3.125,0.12
0.125,0.65,0.225,0.775,2.0,1.5,0.25,0.1875,1.3,0.9750000000000001,0.45,0.3375,ok,`gtol` termination condition is satisfied.,True,True,True,5,1.6097854606193685e-14,1.0053497077208614e-15,-4.440892098500626e-16,-1.3877787807814457e-16,0.9216995607378847,0.969617437314268,1.5414218609709442e-09,-1.283963218751303,12.024595314813835,1.9137737830322672,0.10617451952129814,-1.283963218751303,0.8319514927641207,0.21582851574167458,0.7906492298054856,1.0600510667321992,0.7730823048033113,0.37744081909183325,2.8399489332678014,0.5225591809081668,1.25,0.8,3.25,0.11538461538461538
0.125,0.675,0.2,0.8,2.0,1.5,0.25,0.1875,1.35,1.0125000000000002,0.4,0.30000000000000004,ok,`gtol` termination condition is satisfied.,True,True,True,4,5.684341886080802e-14,7.021666937153402e-16,-2.220446049250313e-16,-1.1102230246251565e-16,0.915893505604525,0.9678436205274346,7.826146161102493e-11,-1.259078465899981,11.969852769458997,1.9050612363416126,0.10461033132031948,-1.259078465899981,0.837665606664617,0.21799345303949988,0.7931501388722947,1.106328196794935,0.7730823048033114,0.3376297790398884,2.9436718032050657,0.46237022096011166,1.25,0.8,3.375,0.1111111111111111
0.125,0.7,0.175,0.825,2.0,1.5,0.25,0.1875,1.4,1.0499999999999998,0.35,0.26249999999999996,ok,`gtol` termination condition is satisfied.,True,True,True,4,3.8990962714946127e-13,4.484050470211362e-16,0.0,2.220446049250313e-16,0.9098428892601119,0.9660043756929816,1.284925887191057e-09,-1.235625943223186,11.916244771212346,1.8965292584313964,0.10313955811087497,-1.235625943223186,0.8437592336206013,0.22030168504690634,0.7958076239117862,1.1533391581971435,0.7730823048033112,0.2973906922558847,3.046660841802856,0.40260930774411524,1.25,0.8,3.5,0.10714285714285715
0.125,0.725,0.15,0.85,2.0,1.5,0.25,0.1875,1.45,1.0875,0.3,0.22499999999999998,ok,`gtol` termination condition is satisfied.,True,True,True,4,5.684341886080802e-14,8.95090418262362e-16,0.0,5.551115123125783e-17,0.9035272396679194,0.9640936099853884,1.4617646579052105e-10,-1.2134830517525197,11.86346960400212,1.8881298296973876,0.10175642692676104,-1.2134830517525197,0.8502628010828408,0.22276614161383065,0.7986363264058499,1.201151694497833,0.7730823048033113,0.2566881010983515,3.1488483055021668,0.3433118989016485,1.25,0.8,3.625,0.10344827586206896
0.125,0.75,0.125,0.875,2.0,1.5,0.25,0.1875,1.5,1.125,0.25,0.1875,ok,`gtol` termination condition is satisfied.,True,True,True,5,9.300982661356352e-15,1.1157603309187458e-15,-6.661338147750939e-16,-7.771561172376096e-16,0.8969227579728334,0.9621041526706198,7.074979241514568e-10,-1.1925398393050153,11.811236730417367,1.87981670967448,0.10045581408425301,-1.1925398393050153,0.8572110337176356,0.22540174244380237,0.8016533631977906,1.2498439399298173,0.7730823048033114,0.21548185112132226,3.2501560600701827,0.28451814887867777,1.25,0.8,3.75,0.09999999999999999
0.125,0.775,0.1,0.9,2.0,1.5,0.25,0.1875,1.55,1.1625,0.2,0.15000000000000002,ok,`gtol` termination condition is satisfied.,True,True,True,4,5.684341886080802e-14,3.8956806801599406e-16,0.0,-6.106226635438361e-16,0.890001543074455,0.9600275064324243,1.7139138445430663e-09,-1.1726973112084336,11.75925937261535,1.871544256251433,0.09923321519647768,-1.1726973112084336,0.8646439365700294,0.22822586271193288,0.8048789193058643,1.2995068542985593,0.7730823048033115,0.1737260594251886,3.3504931457014413,0.22627394057481143,1.25,0.8,3.875,0.0967741935483871
0.125,0.8,0.075,0.925,2.0,1.5,0.25,0.1875,1.6,1.2000000000000002,0.15,0.11249999999999999,ok,`gtol` termination condition is satisfied.,True,True,True,5,5.684341886080802e-14,7.021666937153402e-16,2.220446049250313e-16,4.440892098500626e-16,0.8827305610616877,0.9578535140782267,5.98460869691285e-10,-1.1538659604274313,11.707246584558968,1.8632661639282686,0.0980847279860296,-1.1538659604274313,0.8726080973749267,0.23125895156917473,0.8083370381279287,1.3502474459774865,0.7730823048033113,0.13136777045650844,3.4497525540225142,0.16863222954349155,1.25,0.8,4.0,0.09374999999999999
0.125,0.825,0.05,0.95,2.0,1.5,0.25,0.1875,1.65,1.2374999999999998,0.1,0.07500000000000001,ok,`gtol` termination condition is satisfied.,True,True,True,5,6.9757369960172635e-15,1.1157603309187458e-15,-4.440892098500626e-16,-2.7755575615628914e-16,0.8750702501655085,0.9555699043354042,4.5188374013769797e-10,-1.1359644706309866,11.654894192655975,1.8549340219742232,0.09700705095997708,-1.1359644706309866,0.8811584439986766,0.23452536922709832,0.8120566945248301,1.402193120447699,0.7730823048033115,0.088345170534262,3.5478068795523003,0.11165482946573801,1.25,0.8,4.125,0.09090909090909091
0.125,0.85,0.025,0.975,2.0,1.5,0.25,0.1875,1.7,1.275,0.05,0.037500000000000006,ok,`gtol` termination condition is satisfied.,True,True,True,5,1.6413498814158268e-14,1.0235750533041806e-15,-2.220446049250313e-16,1.27675647831893e-15,0.8669725914164326,0.9531616601566413,2.508998509265447e-10,-1.1189185508362116,11.601873704759559,1.8464955492403645,0.09599750329096529,-1.1189185508362116,0.890360667695868,0.2380545446369496,0.8160732838486632,1.45549767739791,0.7730823048033114,0.04458516407884786,3.6445023226020896,0.05541483592115214,1.25,0.8,4.25,0.08823529411764706
0.125,0.875,0.0,1.0,2.0,1.5,0.25,0.1875,1.75,1.3125,0.0,0.0,ok,`gtol` termination condition is satisfied.,True,True,True,4,9.417244944623305e-14,4.002966042486721e-16,0.0,4.440892098500626e-16,0.8583783726108444,0.9506101184718401,4.269670528276453e-10,-1.1026598593050196,11.547817853487821,1.837892293307427,0.09505407439911369,-1.1026598593050196,0.9002946493814891,0.24188261740769587,0.8204307408684245,1.5103497939068848,nan,nan,3.739650206093115,nan,1.25,0.8,4.375,0.08571428571428572
0.15,0.0,0.85,0.15,2.0,1.5,0.3,0.22499999999999998,0.0,0.0,1.7,1.275,ok,`gtol` termination condition is satisfied.,True,True,True,4,2.325245665339088e-14,4.041272810440265e-16,0.0,3.434752482434078e-16,0.9931282761404389,1.0100784091594333,7.2663922348053155e-09,-0.9999999902088508,0.0,0.0,1.0,-0.9999999902088508,0.7682372388920539,0.22902967710698394,nan,nan,0.7730823048033112,1.301126631604088,nan,2.098873368395912,1.5,0.6666666666666667,0.0,nan
0.15,0.025,0.825,0.175,2.0,1.5,0.3,0.22499999999999998,0.05,0.037500000000000006,1.65,1.2374999999999998,ok,`xtol` termination condition is satisfied.,True,True,True,5,2.6159013735064738e-14,2.7755575615628914e-16,-4.440892098500626e-16,-3.937822290467352e-16,0.994399514459733,1.00956605841951,1.9295974250170448e-08,-1.544326328330869,0.0,0.0,1.0,-1.544326328330869,0.767652172666247,0.22872531508224436,0.7627803814795584,0.03835381908316722,0.7730823048033112,1.263499096752927,0.1116461809168328,2.036500903247073,1.5,0.6666666666666667,0.125,2.9999999999999996
0.15,0.05,0.8,0.2,2.0,1.5,0.3,0.22499999999999998,0.1,0.07500000000000001,1.6,1.2000000000000002,ok,`gtol` termination condition is satisfied.,True,True,True,5,9.591638369523738e-14,4.718447854656915e-16,0.0,4.909267437014364e-16,0.9949128650890496,1.00830730775015,5.966711039781542e-09,-2.0214806429294474,0.0,0.0,1.0,-2.0214806429294474,0.767704072772333,0.22875237724243427,0.7623556297340387,0.07662536655064806,0.7730823048033114,1.2267407745415244,0.223374633449352,1.9732592254584758,1.5,0.6666666666666667,0.25,1.4999999999999998
0.15,0.075,0.775,0.22499999999999998,2.0,1.5,0.3,0.22499999999999998,0.15,0.11249999999999999,1.55,1.1625,ok,`xtol` termination condition is satisfied.,True,True,True,5,6.975736996017264e-14,4.1725779438208954e-16,0.0,1.0356299151581538e-15,0.9949698782209274,1.0065723735365923,1.4186452450852788e-08,-2.4432345238127833,0.0,0.0,1.0,-2.4432345238127833,0.7681523004192132,0.22898558563098803,0.7623088682255287,0.1149244140317978,0.7730823048033114,1.1904534675782765,0.33507558596820214,1.9095465324217236,1.5,0.6666666666666667,0.375,1.0
0.15,0.1,0.75,0.25,2.0,1.5,0.3,0.22499999999999998,0.2,0.15000000000000002,1.5,1.125,ok,`gtol` termination condition is satisfied.,True,True,True,5,6.975736996017264e-14,5.253434695803222e-16,0.0,-3.8163916471489756e-17,0.9947280607033735,1.005673912024439,7.611467673871152e-09,-2.8181631433218346,0.0,0.0,1.0,-2.8181631433218346,0.7688813350645382,0.22936301495087016,0.7625077705277944,0.15330979403328068,0.7730823048033114,1.154426692787663,0.4466902059667194,1.845573307212337,1.5,0.6666666666666667,0.5,0.7499999999999999
0.15,0.125,0.725,0.275,2.0,1.5,0.3,0.22499999999999998,0.25,0.1875,1.45,1.0875,ok,`gtol` termination condition is satisfied.,True,True,True,5,1.3951473992034527e-14,4.996003610813204e-16,0.0,-8.291978215169138e-16,0.9942776225471324,1.0047770664123818,3.0526241074690143e-09,-2.8577434377980295,15.20851124811331,2.420509742205924,0.18467229602496585,-2.8577434377980295,0.7698305063061842,0.22985113774190064,0.7628822147336501,0.1918182098826947,0.7730823048033114,1.118536994083765,0.5581817901173053,1.7814630059162349,1.5,0.6666666666666667,0.625,0.6
0.15,0.15,0.7,0.3,2.0,1.5,0.3,0.22499999999999998,0.3,0.22499999999999998,1.4,1.0499999999999998,ok,`gtol` termination condition is satisfied.,True,True,True,5,3.487868498008632e-14,5.661048867003676e-16,0.0,1.214306433183765e-16,0.99367381833745,1.003728427861095,8.822735330349888e-09,-2.708595679196482,14.775615580224105,2.3516122568182896,0.18031066126005985,-2.708595679196482,0.770966288962372,0.23043074228910812,0.7633921751425621,0.23047568358593362,0.7730823048033112,1.082705752739257,0.6695243164140663,1.7172942472607429,1.5,0.6666666666666667,0.75,0.5
0.15,0.175,0.675,0.32499999999999996,2.0,1.5,0.3,0.22499999999999998,0.35,0.26249999999999996,1.35,1.0125000000000002,ok,`gtol` termination condition is satisfied.,True,True,True,5,5.979203139443369e-14,2.7336071744532853e-16,-2.220446049250313e-16,1.3877787807814457e-16,0.9929522441004598,1.0025551065312852,4.932068349856601e-09,-2.5744201245594307,14.417158635957588,2.2945620622526572,0.17578584176400688,-2.5744201245594307,0.77226989558419,0.2310905078094351,0.7640135983818325,0.2693027394040385,0.7730823048033114,1.0468793052347831,0.7806972605959613,1.653120694765217,1.5,0.6666666666666667,0.875,0.4285714285714286
0.15,0.2,0.65,0.35,2.0,1.5,0.3,0.22499999999999998,0.4,0.30000000000000004,1.3,0.9750000000000001,ok,`gtol` termination condition is satisfied.,True,True,True,5,2.6159013735064738e-14,1.0778315928076987e-15,0.0,1.3739009929736312e-15,0.9921367288936381,1.001274938425601,3.484831278163397e-09,-2.4533856105075906,14.115519864091523,2.2465547606820047,0.17124040412317854,-2.4533856105075906,0.7737311660887298,0.23182378877034723,0.7647315538420042,0.30831700170793175,0.7730823048033113,1.0110187037425058,0.8916829982920684,1.5889812962574943,1.5,0.6666666666666667,1.0,0.37499999999999994
0.15,0.225,0.625,0.375,2.0,1.5,0.3,0.22499999999999998,0.45,0.3375,1.25,0.9375,ok,`gtol` termination condition is satisfied.,True,True,True,5,3.100327553785451e-14,3.554447978966673e-16,-4.440892098500626e-16,-1.0928757898653885e-16,0.9910355542008792,0.9998998931565131,6.307184750275226e-10,-2.3439070896691465,13.858148739111346,2.2055928739322876,0.16676713352671246,-2.3439070896691465,0.7753453303074372,0.23262688663556244,0.7655366504743678,0.34753461278765563,0.7730823048033113,0.9750940588436879,1.0024653872123443,1.524905941156312,1.5,0.6666666666666667,1.125,0.3333333333333333
0.15,0.25,0.6,0.4,2.0,1.5,0.3,0.22499999999999998,0.5,0.375,1.2,0.8999999999999999,ok,`gtol` termination condition is satisfied.,True,True,True,5,6.9757369960172635e-15,6.753223014464259e-16,0.0,1.0408340855860843e-17,0.9878791508081248,0.9984380580932098,1.9199520718708767e-09,-2.244608551722131,13.63585375982491,2.1702135291543407,0.16242490047823135,-2.244608551722131,0.7771111921882705,0.23349806807416076,0.7664230463500455,0.38697106934765424,0.7730823048033112,0.9390812277038934,1.1130289306523458,1.4609187722961066,1.5,0.6666666666666667,1.25,0.3
0.15,0.275,0.575,0.42500000000000004,2.0,1.5,0.3,0.22499999999999998,0.55,0.41250000000000003,1.15,0.8624999999999999,ok,`gtol` termination condition is satisfied.,True,True,True,5,6.341579087288422e-15,7.027150473277823e-16,0.0,2.220446049250313e-16,0.9845894285762234,0.9968948449233574,2.2966314635452006e-09,-2.1542939204443003,13.441747989671411,2.139320636351752,0.15824936240942816,-2.1542939204443003,0.7790300658840974,0.23443698295299845,0.7673872888833689,0.4266417558159171,0.7730823048033113,0.9029597766547433,1.223358244184083,1.3970402233452566,1.5,0.6666666666666667,1.375,0.2727272727272727
0.15,0.3,0.55,0.44999999999999996,2.0,1.5,0.3,0.22499999999999998,0.6,0.44999999999999996,1.1,0.8250000000000001,ok,`gtol` termination condition is satisfied.,True,True,True,5,2.90655708167386e-14,6.522560269672795e-16,-2.220446049250313e-16,1.491862189340054e-16,0.9811688985495617,0.9952737493987165,9.815825717715435e-10,-2.0719229158981496,13.270571385457485,2.112077033649421,0.15426031307050447,-2.0719229158981496,0.7811051325772893,0.23544430857817317,0.7684276134096558,0.46656231338562953,0.7730823048033113,0.8667116706825444,1.3334376866143702,1.3332883293174558,1.5,0.6666666666666667,1.5,0.25
0.15,0.325,0.525,0.475,2.0,1.5,0.3,0.22499999999999998,0.65,0.48750000000000004,1.05,0.7875000000000001,ok,`gtol` termination condition is satisfied.,True,True,True,4,7.26639270418465e-14,4.742874840267547e-16,0.0,-1.8735013540549517e-16,0.9776183094293072,0.9935768428655499,2.437343447574025e-09,-1.9965903497831332,13.118239858684747,2.087832718174804,0.15046677918121595,-1.9965903497831332,0.7833410447926286,0.23652152838025522,0.7695435073598982,0.5067489187883029,0.7730823048033115,0.8303203941805621,1.4432510812116974,1.269679605819438,1.5,0.6666666666666667,1.625,0.23076923076923075
0.15,0.35,0.5,0.5,2.0,1.5,0.3,0.22499999999999998,0.7,0.5249999999999999,1.0,0.75,ok,`gtol` termination condition is satisfied.,True,True,True,4,1.017294978585851e-13,2.4552312978479334e-16,4.440892098500626e-16,6.800116025829084e-16,0.9739370068862806,0.9918050964032419,5.70075486440661e-10,-1.9275081099039362,12.981536376702778,2.0660756832794998,0.1468705716932309,-1.9275081099039362,0.7857436832642771,0.2376707942257279,0.7707354352979038,0.5472185147438691,0.7730823048033115,0.7937703355937665,1.5527814852561306,1.2062296644062336,1.5,0.6666666666666667,1.75,0.2142857142857143
0.15,0.375,0.475,0.525,2.0,1.5,0.3,0.22499999999999998,0.75,0.5625,0.95,0.7124999999999999,ok,`gtol` termination condition is satisfied.,True,True,True,4,5.684341886080802e-14,9.730298868281309e-16,2.220446049250313e-16,6.661338147750939e-16,0.9701231662480888,0.9899585966435267,3.079551762092842e-09,-1.8639894081021495,12.857894101568501,2.0463974040167514,0.14346876215644325,-1.8639894081021495,0.7883200123827443,0.238894843195127,0.7720046656003491,0.5879890175112141,0.7730823048033113,0.7570463371197663,1.6620109824887859,1.1429536628802337,1.5,0.6666666666666667,1.875,0.19999999999999998
0.15,0.4,0.45,0.55,2.0,1.5,0.3,0.22499999999999998,0.8,0.6000000000000001,0.9,0.675,ok,`gtol` termination condition is satisfied.,True,True,True,4,5.684341886080802e-14,7.771561172376096e-16,-2.220446049250313e-16,-9.506284648352903e-16,0.9661739392226613,0.9880366889482457,1.893769343293539e-09,-1.8054350289307175,12.745240915795355,2.0284680926459058,0.14025540675660655,-1.8054350289307175,0.7910780027137032,0.2401969516605088,0.7733531642248982,0.6290795182299446,0.7730823048033113,0.7201333487454318,1.7709204817700557,1.0798666512545683,1.5,0.6666666666666667,2.0,0.18749999999999997
0.15,0.425,0.425,0.575,2.0,1.5,0.3,0.22499999999999998,0.85,0.6375,0.85,0.6375,ok,`gtol` termination condition is satisfied.,True,True,True,4,2.615901373506474e-14,4.742874840267547e-16,-4.440892098500626e-16,-7.494005416219807e-16,0.9620855395585739,0.9860380699964277,3.2247787051039258e-09,-1.7513213698262367,12.641885912473766,2.0120186329739957,0.1372227418919195,-1.7513213698262367,0.7940266019700445,0.2415809164364986,0.7747835349640692,0.6705104901546721,0.7730823048033113,0.6830161477994107,1.8794895098453277,1.0169838522005894,1.5,0.6666666666666667,2.125,0.17647058823529413
0.15,0.45,0.4,0.6,2.0,1.5,0.3,0.22499999999999998,0.9,0.675,0.8,0.6000000000000001,ok,`gtol` termination condition is satisfied.,True,True,True,4,5.684341886080802e-14,7.083111960945379e-16,0.0,5.412337245047638e-16,0.9578532829573813,0.9839608435949706,1.3598162510544185e-09,-1.7011900786161211,12.546435177448428,1.9968271766729584,0.13436200779395696,-1.7011900786161211,0.7971757435685118,0.24305105698799165,0.7762989938145702,0.7123040116510437,0.7730823048033114,0.6456790980901896,1.9876959883489564,0.9543209019098104,1.5,0.6666666666666667,2.25,0.16666666666666666
0.15,0.475,0.375,0.625,2.0,1.5,0.3,0.22499999999999998,0.95,0.7124999999999999,0.75,0.5625,ok,`gtol` termination condition is satisfied.,True,True,True,4,2.90655708167386e-14,2.5589376332604516e-16,0.0,-3.3306690738754696e-16,0.9534715904613599,0.9818025483551602,1.0779608425821877e-10,-1.654639109632258,12.457728401174192,1.982709054743167,0.131664010587183,-1.654639109632258,0.8005363868254323,0.244612235372558,0.7779033701760172,0.7544840140580599,0.7730823048033114,0.608105930373791,2.09551598594194,0.891894069626209,1.5,0.6666666666666667,2.375,0.15789473684210525
0.15,0.5,0.35,0.65,2.0,1.5,0.3,0.22499999999999998,1.0,0.75,0.7,0.5249999999999999,ok,`gtol` termination condition is satisfied.,True,True,True,4,2.7902947984069054e-14,5.978733960281817e-16,2.220446049250313e-16,1.3461454173580023e-15,0.9489339604509749,0.9795601624829607,2.4669084384138193e-09,-1.611315028514488,12.374790521560069,1.9695090812330187,0.12911950091662394,-1.611315028514488,0.8041205862066452,0.24626989244898967,0.77960113091472,0.797076563794389,0.7730823048033112,0.57027953041657,2.202923436205611,0.8297204695834299,1.5,0.6666666666666667,2.5,0.15
0.15,0.525,0.325,0.675,2.0,1.5,0.3,0.22499999999999998,1.05,0.7875000000000001,0.65,0.48750000000000004,ok,`gtol` termination condition is satisfied.,True,True,True,4,1.3287118087651931e-14,3.6506759942727966e-16,2.220446049250313e-16,1.6653345369377348e-16,0.944232911432067,0.9772300885727431,1.7680327548329526e-09,-1.570906399330192,12.296794372980218,1.9570956086444053,0.12671942364869196,-1.570906399330192,0.807941589575938,0.24803010028762423,0.7813974256699567,0.8401101892267242,0.7730823048033114,0.5321817234267259,2.309889810773276,0.7678182765732742,1.5,0.6666666666666667,2.625,0.14285714285714285
0.15,0.55,0.3,0.7000000000000001,2.0,1.5,0.3,0.22499999999999998,1.1,0.8250000000000001,0.6,0.44999999999999996,ok,`gtol` termination condition is satisfied.,True,True,True,4,4.650491330678176e-14,1.0677783136387644e-15,-2.220446049250313e-16,2.7755575615628914e-17,0.939359895435494,0.9751155600842074,9.404871450368314e-10,-1.533138118177016,12.2230314767081,1.9453558790859231,0.1244550785301432,-1.533138118177016,0.8120139675419188,0.2498996319213139,0.7832981536116871,0.8836162648234727,0.7730823048033113,0.4937930447487785,2.4163837351765274,0.7062069552512215,1.5,0.6666666666666667,2.75,0.13636363636363635
0.15,0.575,0.275,0.725,2.0,1.5,0.3,0.22499999999999998,1.15,0.8624999999999999,0.55,0.41250000000000003,ok,`gtol` termination condition is satisfied.,True,True,True,4,8.71967124502158e-15,7.499143576176368e-16,-4.440892098500626e-16,2.7755575615628914e-16,0.9343051797256783,0.9735638986786572,1.804244416510157e-10,-1.4977665495185104,12.15288890673739,1.9341923423539156,0.12231821853689535,-1.4977665495185104,0.8163537781091591,0.2518860507559801,0.785310053489418,0.9276294681207337,0.7730823048033112,0.455092486768256,2.522370531879266,0.6449075132317441,1.5,0.6666666666666667,2.875,0.13043478260869565
0.15,0.6,0.25,0.75,2.0,1.5,0.3,0.22499999999999998,1.2,0.8999999999999999,0.5,0.375,ok,`gtol` termination condition is satisfied.,True,True,True,4,1.743934249004316e-14,1.3322676295501878e-15,2.220446049250313e-16,8.881784197001252e-16,0.9290576923312324,0.9719608393664535,1.8202435510288288e-09,-1.4645753586427195,12.085830719671891,1.9235197004076605,0.12030110631171191,-1.4645753586427195,0.820978773169774,0.2539978232688855,0.7874408204776463,0.9721883293046065,0.7730823048033113,0.4160572110777422,2.627811670695393,0.5839427889222578,1.5,0.6666666666666667,3.0,0.125
0.15,0.625,0.225,0.775,2.0,1.5,0.3,0.22499999999999998,1.25,0.9375,0.45,0.3375,ok,`gtol` termination condition is satisfied.,True,True,True,4,1.743934249004316e-14,8.617648093045562e-16,2.220446049250313e-16,7.771561172376096e-16,0.9236048243976526,0.9703029941353312,8.34082210281306e-11,-1.433371931192204,12.021382812669005,1.9132624974362242,0.11839654217569077,-1.433371931192204,0.8259086562093819,0.2562444602200317,0.7896992552414961,1.0173358992172634,0.7730823048033112,0.37666221307188563,2.7326641007827366,0.5233377869281144,1.5,0.6666666666666667,3.125,0.12
0.15,0.65,0.2,0.8,2.0,1.5,0.3,0.22499999999999998,1.3,0.9750000000000001,0.4,0.30000000000000004,ok,`gtol` termination condition is satisfied.,True,True,True,4,5.684341886080802e-14,7.771561172376096e-16,0.0,9.992007221626409e-16,0.9179321792064488,0.9685863654679842,7.234119316502576e-10,-1.403984296924903,11.959120348707117,1.9033531185276087,0.11659787417108379,-1.403984296924903,0.8311654042950186,0.25863669368441156,0.79209545306232,1.0631205700314523,0.7730823048033112,0.3368799230773847,2.836879429968548,0.46312007692261536,1.5,0.6666666666666667,3.25,0.11538461538461538
0.15,0.675,0.175,0.8250000000000001,2.0,1.5,0.3,0.22499999999999998,1.35,1.0125000000000002,0.35,0.26249999999999996,ok,`gtol` termination condition is satisfied.,True,True,True,4,1.162622832669544e-14,4.965068306494546e-16,0.0,1.0824674490095276e-15,0.912023253493526,0.9668062529706279,2.0941519542471953e-09,-1.376258475371904,11.89865706594253,1.8937300882000616,0.11489899698523626,-1.376258475371904,0.8367736724436261,0.26118670005362593,0.7946410440998163,1.1095970948042093,0.7730823048033112,0.2966797235100098,2.9404029051957914,0.40332027648999014,1.5,0.6666666666666667,3.375,0.1111111111111111
0.15,0.7,0.15,0.85,2.0,1.5,0.3,0.22499999999999998,1.4,1.0499999999999998,0.3,0.22499999999999998,ok,`gtol` termination condition is satisfied.,True,True,True,5,5.684341886080802e-14,8.881784197001252e-16,-4.440892098500626e-16,-5.551115123125783e-16,0.9058590308320562,0.9649571298799804,5.245347595386435e-10,-1.3500561836288465,11.839635912042125,1.8843365798098248,0.11329434570611172,-1.3500561836288465,0.8427613055528925,0.26390838316138426,0.7973495003927922,1.156827869325916,0.7730823048033113,0.2560273547507323,3.0431721306740833,0.3439726452492677,1.5,0.6666666666666667,3.5,0.10714285714285715
0.15,0.725,0.125,0.875,2.0,1.5,0.3,0.22499999999999998,1.45,1.0875,0.25,0.1875,ok,`gtol` termination condition is satisfied.,True,True,True,5,9.621706201403123e-15,4.791355229691893e-16,2.220446049250313e-16,-5.551115123125783e-16,0.8994174583978272,0.9630324803506586,2.681722065849885e-09,-1.3252528436367674,11.78172051532112,1.8751190581405488,0.11177888823220321,-1.3252528436367674,0.849159993322644,0.26681773749220833,0.8002365317361011,1.2048845648433826,0.7730823048033113,0.2148841724121182,3.145115435156617,0.2851158275878818,1.5,0.6666666666666667,3.625,0.10344827586206896
0.15,0.75,0.1,0.9,2.0,1.5,0.3,0.22499999999999998,1.5,1.125,0.2,0.15000000000000002,ok,`gtol` termination condition is satisfied.,True,True,True,4,2.90655708167386e-14,6.661338147750939e-16,0.0,3.3306690738754696e-16,0.8926727659277118,0.9610245842068699,9.82517607877651e-10,-1.3017358422707617,11.724587031927339,1.8660259818423697,0.11034812023118201,-1.3017358422707617,0.8560061187919143,0.26993332005697757,0.8033206022743654,1.2538502377709875,0.7730823048033114,0.17320620373130444,3.2461497622290123,0.22679379626869559,1.5,0.6666666666666667,3.75,0.09999999999999999
0.15,0.775,0.075,0.925,2.0,1.5,0.3,0.22499999999999998,1.55,1.1625,0.15,0.11249999999999999,ok,`gtol` termination condition is satisfied.,True,True,True,4,7.847704120519423e-14,2.482534153247273e-16,0.0,-1.1102230246251565e-16,0.8855945666585758,0.958924229471091,5.441710389190494e-10,-1.2794029995276501,11.667915877422038,1.8570064874721266,0.10899806621661479,-1.2794029995276501,0.8633418742322184,0.27327687266027856,0.806623614447699,1.3038220997748033,0.7730823048033113,0.1309429281595895,3.346177900225197,0.1690570718404105,1.5,0.6666666666666667,3.875,0.0967741935483871
0.15,0.8,0.05,0.9500000000000001,2.0,1.5,0.3,0.22499999999999998,1.6,1.2000000000000002,0.1,0.07500000000000001,ok,`gtol` termination condition is satisfied.,True,True,True,5,8.71967124502158e-15,9.155133597044475e-16,-2.220446049250313e-16,-1.1102230246251565e-16,0.878146650283785,0.9567203230423538,1.0558795716991601e-09,-1.2581612010699186,11.611382764694437,1.8480089631331575,0.10772529055097714,-1.2581612010699186,0.8712167542581908,0.27687415685645267,0.8101718301152518,1.354915221265784,0.7730823048033112,0.08803567200916604,3.4450847787342167,0.11196432799083397,1.5,0.6666666666666667,4.0,0.09374999999999999
0.15,0.825,0.025,0.975,2.0,1.5,0.3,0.22499999999999998,1.65,1.2374999999999998,0.05,0.037500000000000006,ok,`gtol` termination condition is satisfied.,True,True,True,5,8.71967124502158e-15,7.447602459741819e-16,0.0,4.440892098500626e-16,0.870285330008266,0.9543993538740123,8.971368040073784e-10,-1.237925161505032,11.554648289166149,1.8389793909091043,0.1065269241770018,-1.237925161505032,0.8796895941695715,0.28075609707173754,0.8139971361482852,1.4072675858307098,0.7730823048033114,0.044415450780720886,3.5427324141692895,0.05558454921927912,1.5,0.6666666666666667,4.125,0.09090909090909091
0.15,0.85,0.0,1.0,2.0,1.5,0.3,0.22499999999999998,1.7,1.275,0.0,0.0,ok,`gtol` termination condition is satisfied.,True,True,True,4,1.162622832669544e-14,7.514536976383426e-16,0.0,-7.771561172376096e-16,0.8619571258080783,0.9519446362489945,1.7437558389632297e-09,-1.2186162681698418,11.497344952704827,1.829859281655627,0.10540071425140297,-1.2186162681698418,0.8888314183760739,0.2849603827249305,0.818138824401803,1.461047153922166,nan,nan,3.6389528460778333,nan,1.5,0.6666666666666667,4.25,0.08823529411764706
0.175,0.0,0.825,0.175,2.0,1.5,0.35,0.26249999999999996,0.0,0.0,1.65,1.2374999999999998,ok,`gtol` termination condition is satisfied.,True,True,True,4,2.4913346414347368e-14,3.554447978966673e-16,4.440892098500626e-16,8.534839501805891e-16,0.9908046544695281,1.0066196948561106,0.0,-0.9999999974752426,0.0,0.0,1.0,-0.9999999974752426,0.7695447773616821,0.2679886672885601,nan,nan,0.7730823048033115,1.2671973431910648,nan,2.032802656808935,1.75,0.5714285714285715,0.0,nan
0.175,0.025,0.8,0.19999999999999998,2.0,1.5,0.35,0.26249999999999996,0.05,0.037500000000000006,1.6,1.2000000000000002,ok,`gtol` termination condition is satisfied.,True,True,True,5,1.4948007848608423e-14,2.9893669801409083e-16,0.0,5.30825383648903e-16,0.9921446426583916,1.0061052972038258,2.3907801749610914e-09,-1.4711354251095063,0.0,0.0,1.0,-1.4711354251095063,0.768930718959837,0.26761991716211014,0.7647245074535293,0.03853896269623027,0.7730823048033114,1.2294256785278705,0.11146103730376974,1.9705743214721296,1.75,0.5714285714285715,0.125,2.9999999999999996
0.175,0.05,0.775,0.22499999999999998,2.0,1.5,0.35,0.26249999999999996,0.1,0.07500000000000001,1.55,1.1625,ok,`gtol` termination condition is satisfied.,True,True,True,5,5.684341886080802e-14,1.2086429840187376e-15,0.0,9.62771529167128e-16,0.992767604412711,1.005637379089162,1.1717596638388476e-09,-1.891732220684031,0.0,0.0,1.0,-1.891732220684031,0.7689195965778368,0.2676132216226839,0.7641747010135272,0.07697417780524661,0.7730823048033114,1.1924492268569897,0.22302582219475342,1.9075507731430104,1.75,0.5714285714285715,0.25,1.4999999999999998
0.175,0.075,0.75,0.25,2.0,1.5,0.35,0.26249999999999996,0.15,0.11249999999999999,1.5,1.125,ok,`gtol` termination condition is satisfied.,True,True,True,4,5.684341886080802e-14,3.885780586188048e-16,0.0,4.3021142204224816e-16,0.9929382242492483,1.005276575671973,8.106048135280264e-09,-2.2697331275926698,0.0,0.0,1.0,-2.2697331275926698,0.7692993128787953,0.2678414737034891,0.7640258012267729,0.11541893280487503,0.7730823048033112,1.1559230972634922,0.3345810671951249,1.8440769027365078,1.75,0.5714285714285715,0.375,1.0
0.175,0.1,0.725,0.275,2.0,1.5,0.35,0.26249999999999996,0.2,0.15000000000000002,1.45,1.0875,ok,`gtol` termination condition is satisfied.,True,True,True,5,5.684341886080802e-14,9.992007221626409e-16,-2.220446049250313e-16,-1.3357370765021415e-15,0.9928025957482538,1.0046542812355543,4.979093538302341e-09,-2.611062613861682,0.0,0.0,1.0,-2.611062613861682,0.7699620541617611,0.2682382626441341,0.7641441049727529,0.15393676612959176,0.7730823048033115,1.119654486122123,0.44606323387040836,1.780345513877877,1.75,0.5714285714285715,0.5,0.7499999999999999
0.175,0.125,0.7,0.3,2.0,1.5,0.35,0.26249999999999996,0.25,0.1875,1.4,1.0499999999999998,ok,`gtol` termination condition is satisfied.,True,True,True,5,2.7902947984069054e-14,5.026748538604307e-16,0.0,9.593020822151743e-16,0.9924478731356937,1.003835769869725,7.83557142671132e-09,-2.920370380707338,0.0,0.0,1.0,-2.920370380707338,0.7708487498463981,0.26876613739441946,0.7644556817128715,0.19256822005611532,0.7730823048033112,1.0835255476254213,0.5574317799438847,1.7164744523745785,1.75,0.5714285714285715,0.625,0.6
0.175,0.15,0.675,0.32499999999999996,2.0,1.5,0.35,0.26249999999999996,0.3,0.22499999999999998,1.35,1.0125000000000002,ok,`gtol` termination condition is satisfied.,True,True,True,5,2.325245665339088e-14,7.216449660063518e-16,0.0,-1.1796119636642288e-16,0.9919291502054269,1.0028620035388793,2.8449595503586075e-09,-2.833732786975881,14.935568017105261,2.37706947780752,0.1864050883915914,-2.833732786975881,0.7719256024330793,0.2694029287162075,0.7649169348850211,0.23134220868293107,0.7730823048033114,1.047458844823493,0.6686577913170688,1.6525411551765072,1.75,0.5714285714285715,0.75,0.5
0.175,0.175,0.65,0.35,2.0,1.5,0.35,0.26249999999999996,0.35,0.26249999999999996,1.3,0.9750000000000001,ok,`gtol` termination condition is satisfied.,True,True,True,5,9.965338565738948e-15,4.710277376051325e-16,0.0,4.2327252813834093e-16,0.9912828304589751,1.0017597465277415,4.033245220828291e-09,-2.7063568479075437,14.561718406819718,2.317569464357597,0.18272518573747404,-2.7063568479075437,0.7731730283836138,0.270135190470813,0.7655009543496019,0.2702814230105329,0.7730823048033114,1.0114002304567187,0.779718576989467,1.5885997695432814,1.75,0.5714285714285715,0.875,0.4285714285714286
0.175,0.2,0.625,0.375,2.0,1.5,0.35,0.26249999999999996,0.4,0.30000000000000004,1.25,0.9375,ok,`gtol` termination condition is satisfied.,True,True,True,5,5.2318027470129476e-14,3.379462171739212e-16,-2.220446049250313e-16,1.0408340855860843e-16,0.9905338023912285,1.0005469907131177,2.2629352142709478e-09,-2.5899818179641594,14.243820430922272,2.2669744300946104,0.17889856238159194,-2.5899818179641594,0.7745799960213288,0.270954788854287,0.7661906273864235,0.3094051411619786,0.7730823048033114,0.9753096762489056,0.8905948588380216,1.5246903237510945,1.75,0.5714285714285715,1.0,0.37499999999999994
0.175,0.225,0.6,0.4,2.0,1.5,0.35,0.26249999999999996,0.45,0.3375,1.2,0.8999999999999999,ok,`gtol` termination condition is satisfied.,True,True,True,5,2.325245665339088e-14,6.206335383118183e-16,-2.220446049250313e-16,-9.71445146547012e-17,0.9878004555036853,0.999236045208793,1.2317633879033632e-09,-2.4834557466377625,13.970137438752248,2.2234164290505705,0.17502484681677904,-2.4834557466377625,0.7761409324252316,0.2718570128162953,0.7669749195436222,0.3487308051793001,0.7730823048033113,0.9391560416834738,1.0012691948207,1.4608439583165262,1.75,0.5714285714285715,1.125,0.3333333333333333
0.175,0.25,0.575,0.425,2.0,1.5,0.35,0.26249999999999996,0.5,0.375,1.15,0.8624999999999999,ok,`gtol` termination condition is satisfied.,True,True,True,4,2.5909880270921264e-13,9.155133597044475e-16,-2.220446049250313e-16,-8.083811398051921e-16,0.9846394234983212,0.9978353828999955,1.8785860730004e-09,-2.3857581238250036,13.731944854558948,2.1855069018683744,0.17117360043485647,-2.3857581238250036,0.777853945362992,0.27283947386773755,0.7678467555176818,0.3882749701224465,0.7730823048033113,0.9029139290047162,1.1117250298775536,1.3970860709952837,1.75,0.5714285714285715,1.25,0.3
0.175,0.275,0.55,0.45,2.0,1.5,0.35,0.26249999999999996,0.55,0.41250000000000003,1.1,0.8250000000000001,ok,`gtol` termination condition is satisfied.,True,True,True,5,5.0732632698307374e-14,7.731808680624463e-16,0.0,-1.5265566588595902e-16,0.9813386990942556,0.9963507881255769,3.116801986317333e-09,-2.2959828304836165,13.522614196447424,2.1521908928892457,0.16739272160290783,-2.2959828304836165,0.7797197602636972,0.27390144048132004,0.7688017582012605,0.4280539168172081,0.7730823048033113,0.8665617039952932,1.221946083182792,1.333438296004707,1.75,0.5714285714285715,1.375,0.2727272727272727
0.175,0.3,0.525,0.475,2.0,1.5,0.35,0.26249999999999996,0.6,0.44999999999999996,1.05,0.7875000000000001,ok,`gtol` termination condition is satisfied.,True,True,True,5,1.162622832669544e-14,6.280369834735101e-16,0.0,-5.48172618408671e-16,0.9779011986532026,0.9947860928375379,6.423450713071457e-10,-2.213324538031614,13.337016412924141,2.122652088214616,0.1637144168744139,-2.213324538031614,0.7817410666919,0.27504342422170264,0.7698374723374776,0.46808407796112883,0.7730823048033115,0.8300801974283568,1.331915922038871,1.2699198025716432,1.75,0.5714285714285715,1.5,0.25
0.175,0.325,0.5,0.5,2.0,1.5,0.35,0.26249999999999996,0.65,0.48750000000000004,1.0,0.75,ok,`gtol` termination condition is satisfied.,True,True,True,5,1.0817213533197143e-16,3.510833468576701e-16,-2.220446049250313e-16,3.191891195797325e-16,0.974327976745875,0.9931436604518621,2.3954863715733494e-09,-2.137067278020351,13.171120043778673,2.096248861024117,0.16015951422345603,-2.137067278020351,0.7839221105192565,0.2762669184807616,0.7709528744597669,0.5083823592162648,0.7730823048033114,0.7934518183346256,1.4416176407837353,1.2065481816653745,1.75,0.5714285714285715,1.625,0.23076923076923075
0.17500000000000002,0.35000000000000003,0.47500000000000003,0.525,2.0,1.5,0.35000000000000003,0.2625,0.7000000000000001,0.525,0.9500000000000001,0.7125,ok,`gtol` termination condition is satisfied.,True,True,True,4,8.968804709165052e-14,4.742874840267547e-16,0.0,6.245004513516506e-16,0.970618592140917,0.9914247092773313,2.2436523551193266e-09,-2.066574491828124,13.021712817087721,2.0724699623626006,0.15674061108904677,-2.066574491828124,0.7862684401846463,0.2775742338167267,0.7721480590639217,0.5489664024450202,0.7730823048033113,0.7566599233826747,1.55103359755498,1.1433400766173254,1.7500000000000002,0.5714285714285714,1.7500000000000002,0.21428571428571425
0.175,0.375,0.45,0.55,2.0,1.5,0.35,0.26249999999999996,0.75,0.5625,0.9,0.675,ok,`gtol` termination condition is satisfied.,True,True,True,4,5.684341886080802e-14,9.50197851991224e-16,-4.440892098500626e-16,1.5265566588595902e-16,0.9667713472531554,0.9896295303870831,2.6374541904667125e-10,-2.001280192657137,12.886204031741762,2.0509030693424126,0.15346438576404606,-2.001280192657137,0.788786754069091,0.2789683972104166,0.7734240376610587,0.5898548200912004,0.7730823048033113,0.7196883485426541,1.6601451799087996,1.0803116514573459,1.75,0.5714285714285715,1.875,0.19999999999999998
0.175,0.4,0.425,0.575,2.0,1.5,0.35,0.26249999999999996,0.8,0.6000000000000001,0.85,0.6375,ok,`gtol` termination condition is satisfied.,True,True,True,4,1.0961872422312843e-13,8.400361489980555e-16,4.440892098500626e-16,-5.551115123125783e-17,0.9627834402686417,0.987757633607649,2.4890164774948713e-09,-1.9406810348111088,12.762481319918143,2.0312119881829496,0.15033329876784923,-1.9406810348111088,0.7914848176334062,0.280453095725432,0.7747826131749127,0.6310674199320102,0.7730823048033112,0.6825210442957566,1.76893258006799,1.0174789557042434,1.75,0.5714285714285715,2.0,0.18749999999999997
0.175,0.425,0.4,0.6,2.0,1.5,0.35,0.26249999999999996,0.85,0.6375,0.8,0.6000000000000001,ok,`gtol` termination condition is satisfied.,True,True,True,4,6.975736996017264e-14,3.3766115072321297e-16,0.0,5.412337245047638e-16,0.9586510542491786,0.9858078427177803,1.1782140097137927e-09,-1.8843291920586096,12.648804924854856,2.01311982799576,0.1473468466382447,-1.8843291920586096,0.794371431602528,0.28203265282854917,0.7762263070052795,0.6726254341982794,0.7730823048033112,0.6451417761461028,1.8773745658017205,0.9548582238538973,1.75,0.5714285714285715,2.125,0.17647058823529413
0.175,0.45,0.375,0.625,2.0,1.5,0.35,0.26249999999999996,0.9,0.675,0.75,0.5625,ok,`gtol` termination condition is satisfied.,True,True,True,4,5.684341886080802e-14,3.775166431889533e-16,-2.220446049250313e-16,4.163336342344337e-16,0.9543693982732809,0.983778353206344,8.94915916778581e-10,-1.8318259693388306,12.543728401248098,1.9963963798608324,0.14450248501873109,-1.8318259693388306,0.7974564402138584,0.28371203042349136,0.7777583249833602,0.7145517644674473,0.7730823048033114,0.6075338644046255,1.985448235532553,0.8924661355953745,1.75,0.5714285714285715,2.25,0.16666666666666666
0.17500000000000002,0.47500000000000003,0.35000000000000003,0.65,2.0,1.5,0.35000000000000003,0.2625,0.9500000000000001,0.7125,0.7000000000000001,0.525,ok,`gtol` termination condition is satisfied.,True,True,True,5,1.0546371661267639e-16,2.5589376332604516e-16,-2.220446049250313e-16,-3.608224830031759e-16,0.949932709675914,0.9816667609890731,1.9166421493458643e-09,-1.782816087699429,12.446038277393098,1.9808485137580498,0.14179630653905084,-1.782816087699429,0.8007507735517101,0.28549685278201875,0.7793825540231201,0.7568712528087181,0.7730823048033113,0.5696799445372749,2.093128747191282,0.8303200554627252,1.7500000000000002,0.5714285714285714,2.375,0.15789473684210525
0.175,0.5,0.325,0.675,2.0,1.5,0.35,0.26249999999999996,1.0,0.75,0.65,0.48750000000000004,ok,`gtol` termination condition is satisfied.,True,True,True,4,5.684341886080802e-14,3.3306690738754696e-16,-2.220446049250313e-16,-4.996003610813204e-16,0.9453342223336084,0.9794700671733828,2.0317859259805058e-10,-1.7369826017897672,12.354707535988188,1.9663127748072107,0.13922353780817945,-1.7369826017897672,0.8042665214779885,0.28739345075612893,0.781103584968322,0.7996109899318311,0.7730823048033114,0.5315617336709714,2.200389010068169,0.7684382663290287,1.75,0.5714285714285715,2.5,0.15
0.175,0.525,0.3,0.7,2.0,1.5,0.35,0.26249999999999996,1.05,0.7875000000000001,0.6,0.44999999999999996,ok,`gtol` termination condition is satisfied.,True,True,True,4,3.487868498008632e-14,6.961062950497062e-16,-2.220446049250313e-16,-6.38378239159465e-16,0.9405661028862251,0.9771846616090805,1.7483261806844591e-09,-1.6940423811038616,12.268859296498007,1.9526496031366114,0.13677890132578888,-1.6940423811038616,0.8080170393588796,0.28940892636395416,0.7829267597765357,0.8428006723754887,0.7730823048033113,0.49315979117110065,2.3071993276245117,0.7068402088288993,1.75,0.5714285714285715,2.625,0.14285714285714285
0.175,0.55,0.275,0.7250000000000001,2.0,1.5,0.35,0.26249999999999996,1.1,0.8250000000000001,0.55,0.41250000000000003,ok,`gtol` termination condition is satisfied.,True,True,True,4,5.684341886080802e-14,1.4475537224895361e-15,-4.440892098500626e-16,-5.273559366969494e-16,0.9356193542691188,0.9748062861486606,3.721845995802834e-10,-1.653742121026949,12.18773812027348,1.939738766951049,0.13445687868014555,-1.653742121026949,0.8120170881410488,0.2915512393464653,0.7848582432777491,0.8864730230764858,0.7730823048033114,0.4544532621110351,2.4135269769235146,0.645546737888965,1.75,0.5714285714285715,2.75,0.13636363636363635
0.175,0.575,0.25,0.75,2.0,1.5,0.35,0.26249999999999996,1.15,0.8624999999999999,0.5,0.375,ok,`gtol` termination condition is satisfied.,True,True,True,5,1.2131716514812633e-14,4.449557262054371e-16,-4.440892098500626e-16,3.0531133177191805e-16,0.9304836835780367,0.9723601695499307,3.5715646290635573e-10,-1.6158548165370716,12.11068704788105,1.9274757079092626,0.13225190005205759,-1.6158548165370716,0.8162830136909525,0.2938293188072381,0.7869051216395174,0.9306642931541595,0.7730823048033114,0.41541959222247626,2.5193357068458404,0.5845804077775237,1.75,0.5714285714285715,2.875,0.13043478260869565
0.17500000000000002,0.6000000000000001,0.22500000000000003,0.7750000000000001,2.0,1.5,0.35,0.26249999999999996,1.2,0.8999999999999999,0.44999999999999996,0.33749999999999997,ok,`gtol` termination condition is satisfied.,True,True,True,5,5.684341886080802e-14,5.661048867003676e-16,2.220446049250313e-16,1.1102230246251565e-15,0.925147328794177,0.9707568228146191,1.716542721011276e-10,-1.5801766562003448,12.037128975162366,1.915768577031771,0.13015848016224868,-1.5801766562003448,0.8208329729812116,0.29625320476684214,0.7890755316332989,0.9754148677673337,0.7730823048033112,0.37603420161729345,2.624585132232666,0.5239657983827064,1.75,0.5714285714285715,3.0,0.125
0.175,0.625,0.2,0.8,2.0,1.5,0.35,0.26249999999999996,1.25,0.9375,0.4,0.30000000000000004,ok,`gtol` termination condition is satisfied.,True,True,True,4,2.4913346414347368e-14,5.933464366067994e-16,2.220446049250313e-16,-3.0531133177191805e-16,0.9195968359458501,0.9690954162341762,6.609559024007074e-10,-1.5465242900343275,11.966551309416804,1.9045357926564772,0.12817131551262848,-1.5465242900343275,0.8256872180189747,0.29883422659948716,0.7913788270868855,1.0207700060151423,0.7730823048033115,0.3362701021075867,2.7292299939848577,0.46372989789241337,1.75,0.5714285714285715,3.125,0.12
0.175,0.65,0.175,0.825,2.0,1.5,0.35,0.26249999999999996,1.3,0.9750000000000001,0.35,0.26249999999999996,ok,`gtol` termination condition is satisfied.,True,True,True,5,5.684341886080802e-14,7.021666937153402e-16,-2.220446049250313e-16,-7.216449660063518e-16,0.9138167744982224,0.9673717158775579,1.2743237467475595e-09,-1.5147324166480356,11.89849308343151,1.8937039895728525,0.12628535330870003,-1.5147324166480356,0.8308684527849453,0.3015852281459474,0.7938257918279824,1.0667807549450787,0.7730823048033112,0.29609743904048375,2.833219245054922,0.4039025609595162,1.75,0.5714285714285715,3.25,0.11538461538461538
0.175,0.675,0.15,0.8500000000000001,2.0,1.5,0.35,0.26249999999999996,1.35,1.0125000000000002,0.3,0.22499999999999998,ok,`gtol` termination condition is satisfied.,True,True,True,4,5.684341886080802e-14,7.021666937153402e-16,0.0,3.3306690738754696e-16,0.9077893736247019,0.9655807048032018,1.6913059588993748e-09,-1.4846516614282184,11.832533868341951,1.8832062544488875,0.12449584173265638,-1.4846516614282184,0.836402284487474,0.3045208532032398,0.7964289123821918,1.1135050921870844,0.7730823048033113,0.25548293269279404,2.936494907812916,0.34451706730720594,1.75,0.5714285714285715,3.375,0.1111111111111111
0.175,0.7,0.125,0.875,2.0,1.5,0.35,0.26249999999999996,1.4,1.0499999999999998,0.25,0.1875,ok,`gtol` termination condition is satisfied.,True,True,True,5,9.965338565738948e-15,5.551115123125783e-16,0.0,2.220446049250313e-16,0.9014940547488979,0.9637164412908349,2.8232351068159885e-09,-1.4561466948110633,11.768283930998154,1.8729805593272775,0.1227983673363276,-1.4561466948110633,0.8423177990413575,0.3076579106698561,0.7992027292891944,1.161009372742672,0.7730823048033113,0.2143891855777811,3.038990627257327,0.2856108144222189,1.75,0.5714285714285715,3.5,0.10714285714285715
0.17500000000000002,0.7250000000000001,0.10000000000000002,0.9000000000000001,2.0,1.5,0.35,0.26249999999999996,1.45,1.0875,0.19999999999999998,0.15,ok,`gtol` termination condition is satisfied.,True,True,True,5,0.0,5.978733960281817e-16,-2.220446049250313e-16,6.106226635438361e-16,0.8949068251397636,0.9617718704871885,2.7314985998374767e-09,-1.4290945655274134,11.705375133989982,1.8629683133194623,0.12118888605748127,-1.4290945655274134,0.8486483032908752,0.31101584681291455,0.8021642940910481,1.209370186552481,0.7730823048033113,0.17277380909070034,3.140629813447519,0.22722619090929963,1.75,0.5714285714285715,3.625,0.10344827586206896
0.175,0.75,0.075,0.925,2.0,1.5,0.35,0.26249999999999996,1.5,1.125,0.15,0.11249999999999999,ok,`gtol` termination condition is satisfied.,True,True,True,4,5.684341886080802e-14,8.455206652451151e-16,0.0,4.440892098500626e-16,0.8879994814106502,0.9597385729255837,8.354307598162601e-10,-1.4033832055973132,11.64345207877145,1.8531129529900805,0.11966375215441889,-1.4033832055973132,0.8554322954596325,0.31461736445677163,0.8053337713736304,1.258676780467499,0.7730823048033113,0.13058830342590097,3.241323219532501,0.16941169657409902,1.75,0.5714285714285715,3.75,0.09999999999999999
0.175,0.775,0.05,0.95,2.0,1.5,0.35,0.26249999999999996,1.55,1.1625,0.1,0.07500000000000001,ok,`gtol` termination condition is satisfied.,True,True,True,5,9.000950962602921e-15,1.6699540590904642e-15,2.220446049250313e-16,1.8318679906315083e-15,0.8807385471633782,0.9576064251630301,1.4848964747062721e-09,-1.3789100823525133,11.58216294319463,1.8433584841052004,0.11821975078008896,-1.3789100823525133,0.8627147545960426,0.31848924797218936,0.8087352443242715,1.3090342710359415,0.7730823048033114,0.08777659468785617,3.3409657289640586,0.11222340531214384,1.75,0.5714285714285715,3.875,0.0967741935483871
0.175,0.8,0.025,0.9750000000000001,2.0,1.5,0.35,0.26249999999999996,1.6,1.2000000000000002,0.05,0.037500000000000006,ok,`gtol` termination condition is satisfied.,True,True,True,5,1.743934249004316e-14,4.041272810440265e-16,-2.220446049250313e-16,0.0,0.8730838298668369,0.9553631347292459,1.1789495877331256e-09,-1.3555809571707549,11.52114932667516,1.8336478654402133,0.11685413950695404,-1.3555809571707549,0.8705488863337377,0.32266348332447786,0.8123978126921896,1.360567990386067,0.7730823048033114,0.044273085719685266,3.4394320096139337,0.05572691428031474,1.75,0.5714285714285715,4.0,0.09374999999999999
0.175,0.825,0.0,1.0,2.0,1.5,0.35,0.26249999999999996,1.65,1.2374999999999998,0.0,0.0,ok,`gtol` termination condition is satisfied.,True,True,True,4,8.455438783051229e-15,4.002966042486721e-16,0.0,-6.661338147750939e-16,0.8649864177154297,0.952993590128528,1.272273578893156e-09,-1.3333087172404556,11.460034165631859,1.8239210854623147,0.1155647067297241,-1.3333087172404556,0.8789985386954441,0.3271788123918178,0.8163571221475774,1.413429497843566,nan,nan,3.536570502156433,nan,1.75,0.5714285714285715,4.125,0.09090909090909091
0.2,0.0,0.8,0.2,2.0,1.5,0.4,0.30000000000000004,0.0,0.0,1.6,1.2000000000000002,ok,`gtol` termination condition is satisfied.,True,True,True,4,3.9238520602597107e-14,2.2887833992611187e-16,-2.220446049250313e-16,-8.951173136040325e-16,0.9883245475622924,1.0037097739452037,2.615901324445228e-08,-1.0000000236342559,0.0,0.0,1.0,-1.0000000236342559,0.7709867445097098,0.3072548517602862,nan,nan,0.7730823048033114,1.2332633432954947,nan,1.9667366567045055,2.0,0.5,0.0,nan
0.2,0.025,0.775,0.225,2.0,1.5,0.4,0.30000000000000004,0.05,0.037500000000000006,1.55,1.1625,ok,`xtol` termination condition is satisfied.,True,True,True,5,5.2318027470129476e-14,5.978733960281817e-16,-2.220446049250313e-16,-3.642919299551295e-16,0.989751776131947,1.0043141471929664,4.5637138240225154e-09,-1.4153016923913107,0.0,0.0,1.0,-1.4153016923913107,0.7703284626054109,0.3068077711574452,0.7669253062724671,0.038743315484094966,0.7730823048033114,1.195321515237572,0.11125668451590506,1.904678484762428,2.0,0.5,0.125,2.9999999999999996
0.2,0.05,0.75,0.25,2.0,1.5,0.4,0.30000000000000004,0.1,0.07500000000000001,1.5,1.125,ok,`gtol` termination condition is satisfied.,True,True,True,5,1.743934249004316e-14,4.577566798522237e-16,0.0,8.604228440844963e-16,0.9904873592707472,1.0043841393377924,3.842913874306661e-09,-1.791228278685347,0.0,0.0,1.0,-1.791228278685347,0.7702528239081737,0.3067562673444902,0.7662338423882188,0.0773592752311714,0.7730823048033112,1.1581219924324206,0.22264072476882862,1.8418780075675794,2.0,0.5,0.25,1.4999999999999998
0.2,0.075,0.725,0.275,2.0,1.5,0.4,0.30000000000000004,0.15,0.11249999999999999,1.45,1.0875,ok,`gtol` termination condition is satisfied.,True,True,True,5,2.90655708167386e-14,5.474255194514172e-16,-2.220446049250313e-16,6.938893903907228e-17,0.9907706700621548,1.0040944059507497,1.979266908004087e-09,-2.133409170955332,0.0,0.0,1.0,-2.133409170955332,0.7705667371704902,0.30696983574601694,0.7659710437566744,0.11596594452709556,0.7730823048033114,1.1213570160916908,0.3340340554729044,1.778642983908309,2.0,0.5,0.375,1.0
0.2,0.1,0.7,0.30000000000000004,2.0,1.5,0.4,0.30000000000000004,0.2,0.15000000000000002,1.4,1.0499999999999998,ok,`gtol` termination condition is satisfied.,True,True,True,4,5.684341886080802e-14,5.661048867003676e-16,0.0,1.734723475976807e-17,0.9907396044099931,1.0035452552172675,1.4675842519305659e-09,-2.446126711261948,0.0,0.0,1.0,-2.446126711261948,0.7711675315666447,0.30737728171498835,0.7659997643841732,0.154631905492532,0.7730823048033114,1.084846891227653,0.44536809450746806,1.7151531087723468,2.0,0.5,0.5,0.7499999999999999
0.2,0.125,0.675,0.325,2.0,1.5,0.4,0.30000000000000004,0.25,0.1875,1.35,1.0125000000000002,ok,`gtol` termination condition is satisfied.,True,True,True,5,6.278163296415537e-14,4.002966042486721e-16,0.0,4.787836793695988e-16,0.9904791336733594,1.0027981995890745,3.461686146484961e-09,-2.7327807836314832,0.0,0.0,1.0,-2.7327807836314832,0.7719969881920471,0.30793712573811766,0.7662415017403311,0.1934017274292783,0.7730823048033114,1.0484781118288693,0.5565982725707217,1.6515218881711309,2.0,0.5,0.625,0.6
0.2,0.15,0.65,0.35,2.0,1.5,0.4,0.30000000000000004,0.3,0.22499999999999998,1.3,0.9750000000000001,ok,`gtol` termination condition is satisfied.,True,True,True,5,3.487868498008632e-14,6.661338147750939e-16,0.0,4.198030811863873e-16,0.9900443597508646,1.001892833232488,7.16319785299958e-09,-2.9359113938371606,15.067683834711476,2.3980963632401764,0.19125152963804568,-2.9359113938371606,0.7730208209101543,0.30862415430843826,0.7666486944509544,0.2323073770079982,0.7730823048033114,1.0121741605275798,0.6676926229920017,1.5878258394724203,2.0,0.5,0.75,0.5
0.2,0.175,0.625,0.375,2.0,1.5,0.4,0.30000000000000004,0.35,0.26249999999999996,1.25,0.9375,ok,`gtol` termination condition is satisfied.,True,True,True,5,8.71967124502158e-15,2.220446049250313e-16,0.0,5.898059818321144e-17,0.9894724552134494,1.000855569635635,1.9599554186125685e-09,-2.815349611394285,14.682694385748214,2.336823389399448,0.18831550579003828,-2.815349611394285,0.7742186008728352,0.30942270767587066,0.7671913171025944,0.2713738614663946,0.7730823048033114,0.9758804468660021,0.7786261385336053,1.524119553133998,2.0,0.5,0.875,0.4285714285714286
0.2,0.2,0.6,0.4,2.0,1.5,0.4,0.30000000000000004,0.4,0.30000000000000004,1.2,0.8999999999999999,ok,`gtol` termination condition is satisfied.,True,True,True,5,5.684341886080802e-14,6.106226635438361e-16,0.0,4.510281037539698e-16,0.9873799856788135,0.9997044810128932,1.323413498078115e-09,-2.704067404035145,14.352423385699394,2.284259127181775,0.18514755230403288,-2.704067404035145,0.7755784298744763,0.310323078311569,0.76784988393922,0.3106222525518215,0.7730823048033113,0.939555975632006,0.8893777474481787,1.460444024367994,2.0,0.5,1.0,0.37499999999999994
0.2,0.225,0.575,0.42500000000000004,2.0,1.5,0.4,0.30000000000000004,0.45,0.3375,1.15,0.8624999999999999,ok,`gtol` termination condition is satisfied.,True,True,True,5,2.325245665339088e-14,7.676812899781355e-16,-4.440892098500626e-16,-8.673617379884035e-16,0.9843619247200824,0.9984521272931861,2.406845231985004e-09,-2.601209076374174,14.065890165677514,2.238655948855255,0.18184691508783318,-2.601209076374174,0.7770939550765339,0.311319464933484,0.7686115697127762,0.3500714230668716,0.7730823048033113,0.9031684670012208,0.9999285769331285,1.396831532998779,2.0,0.5,1.125,0.3333333333333333
0.2,0.25,0.55,0.45,2.0,1.5,0.4,0.30000000000000004,0.5,0.375,1.1,0.8250000000000001,ok,`gtol` termination condition is satisfied.,True,True,True,5,6.278163296415537e-14,1.4054300946555646e-15,-4.440892098500626e-16,-8.153200337090993e-16,0.981191895903462,0.9971072839694705,4.781333303749688e-09,-2.506005814643674,13.814835609305685,2.198699375222936,0.1784867537862569,-2.506005814643674,0.7787626168770049,0.31240875656900696,0.7694679507438614,0.38973911032101155,0.7730823048033114,0.8666913565369594,1.1102608896789885,1.3333086434630408,2.0,0.5,1.25,0.3
0.2,0.275,0.525,0.47500000000000003,2.0,1.5,0.4,0.30000000000000004,0.55,0.41250000000000003,1.05,0.7875000000000001,ok,`gtol` termination condition is satisfied.,True,True,True,5,1.2683158174576843e-14,3.6506759942727966e-16,-4.440892098500626e-16,-5.551115123125783e-17,0.977875666875836,0.9956760357946755,6.791295057313504e-10,-2.417764485343054,13.592915952488179,2.1633797648711726,0.17512082457077432,-2.417764485343054,0.7805845833025599,0.31358978432359463,0.770413636147994,0.429642610699047,0.7730823048033113,0.8301018703500939,1.2203573893009532,1.2698981296499063,2.0,0.5,1.375,0.2727272727272727
0.2,0.3,0.5,0.5,2.0,1.5,0.4,0.30000000000000004,0.6,0.44999999999999996,1.0,0.75,ok,`gtol` termination condition is satisfied.,True,True,True,5,2.325245665339088e-14,5.551115123125783e-16,0.0,8.534839501805891e-16,0.9744164937474166,0.9941624892469523,5.6765523642979324e-09,-2.3358590350328043,13.395171596246287,2.1319077731067506,0.171788310104831,-2.3358590350328043,0.7825620855044804,0.31486284947131626,0.7714454119409133,0.4697992654695398,0.7730823048033116,0.793379740351261,1.33020073453046,1.206620259648739,2.0,0.5,1.5,0.25
0.2,0.325,0.475,0.525,2.0,1.5,0.4,0.30000000000000004,0.65,0.48750000000000004,0.95,0.7124999999999999,ok,`gtol` termination condition is satisfied.,True,True,True,5,8.71967124502158e-15,6.684427777288335e-16,-2.220446049250313e-16,-5.967448757360216e-16,0.9708156784015871,0.9925692469949884,2.6494208058275883e-09,-2.25972355687206,13.217665888357166,2.103656862269171,0.16851738790583304,-2.25972355687206,0.7846989981104521,0.3162294219717707,0.7725616933199124,0.5102268269100191,0.7730823048033113,0.7565063130957621,1.4397731730899812,1.1434936869042378,2.0,0.5,1.625,0.23076923076923075
0.2,0.35,0.45,0.55,2.0,1.5,0.4,0.30000000000000004,0.7,0.5249999999999999,0.9,0.675,ok,`gtol` termination condition is satisfied.,True,True,True,5,5.684341886080802e-14,2.9893669801409083e-16,0.0,1.8041124150158794e-16,0.9670729384446178,0.9908977285799575,3.036179320855866e-09,-2.18884641231322,13.057232667841864,2.0781231221880088,0.16532790639563175,-2.18884641231322,0.7870005755097373,0.31769194854753685,0.7737621694160405,0.5509437570763425,0.7730823048033114,0.7194639066646014,1.5490562429236572,1.0805360933353987,2.0,0.5,1.75,0.2142857142857143
0.2,0.375,0.425,0.575,2.0,1.5,0.4,0.30000000000000004,0.75,0.5625,0.85,0.6375,ok,`gtol` termination condition is satisfied.,True,True,True,5,9.300982661356352e-15,4.2001807449902774e-16,-2.220446049250313e-16,-4.85722573273506e-16,0.9631866509296305,0.989148388406669,1.0392261769821263e-09,-2.1227650826867546,12.911295616397135,2.054896519070324,0.16223341362224164,-2.1227650826867546,0.7894732919045122,0.31925373428599707,0.7750475728603985,0.5919694918406365,0.7730823048033113,0.6822353262979588,1.6580305081593636,1.0177646737020412,2.0,0.5,1.875,0.19999999999999998
0.2,0.4,0.4,0.6000000000000001,2.0,1.5,0.4,0.30000000000000004,0.8,0.6000000000000001,0.8,0.6000000000000001,ok,`gtol` termination condition is satisfied.,True,True,True,5,2.7755575615628914e-15,4.002966042486721e-16,4.440892098500626e-16,5.273559366969494e-16,0.9591540076401999,0.9873208628264285,4.907972833187329e-10,-2.061061531536372,12.777736286399225,2.0336398915051146,0.1592427044918963,-2.061061531536372,0.7921247539004241,0.3209188760106977,0.7764195335368823,0.6333246920503801,0.7730823048033115,0.6448034819395236,1.7666753079496202,0.9551965180604765,2.0,0.5,2.0,0.18749999999999997
0.2,0.425,0.375,0.625,2.0,1.5,0.4,0.30000000000000004,0.85,0.6375,0.75,0.5625,ok,`gtol` termination condition is satisfied.,True,True,True,5,4.35983562251079e-15,1.0053497077208614e-15,-2.220446049250313e-16,-5.551115123125783e-17,0.9549711055555907,0.9854140664329346,2.0925234444212334e-09,-2.0033579767602747,12.654795919314084,2.0140733243779825,0.15636100584682994,-2.0033579767602747,0.7949636668527249,0.3226922342322089,0.7778804916962174,0.6750314978280993,0.7730823048033114,0.6071510700474608,1.8749685021719005,0.8928489299525392,2.0,0.5,2.125,0.17647058823529413
0.2,0.45,0.35,0.65,2.0,1.5,0.4,0.30000000000000004,0.9,0.675,0.7,0.5249999999999999,ok,`gtol` termination condition is satisfied.,True,True,True,5,4.35983562251079e-15,5.551115123125783e-16,0.0,-3.885780586188048e-16,0.9506329871817835,0.983426250398701,1.1044959597615193e-09,-1.9493130160707617,12.541001222176192,1.9959623358308418,0.15359088618746125,-1.9493130160707617,0.7979998439286907,0.3245794358672714,0.779433655212036,0.7171137991105404,0.7730823048033112,0.5692602935719878,1.9828862008894599,0.8307397064280121,2.0,0.5,2.25,0.16666666666666666
0.2,0.475,0.325,0.675,2.0,1.5,0.4,0.30000000000000004,0.95,0.7124999999999999,0.65,0.48750000000000004,ok,`gtol` termination condition is satisfied.,True,True,True,5,1.468576209687845e-14,7.28550816809042e-16,-2.220446049250313e-16,-8.049116928532385e-16,0.9461336395227077,0.9813550309379335,2.1038922673960667e-09,-1.898618064406126,12.435107427842366,1.9791088150198568,0.15093295414083888,-1.898618064406126,0.8012442519517123,0.3265869034923764,0.7810829918614588,0.7595975344815697,0.7730823048033114,0.5311126009383288,2.09040246551843,0.7688873990616713,2.0,0.5,2.375,0.15789473684210525
0.2,0.5,0.3,0.7,2.0,1.5,0.4,0.30000000000000004,1.0,0.75,0.6,0.44999999999999996,ok,`gtol` termination condition is satisfied.,True,True,True,4,5.684341886080802e-14,7.135936359693696e-16,-2.220446049250313e-16,-7.216449660063518e-16,0.9414659563115023,0.97919739274889,8.033463525359896e-10,-1.8509940950419148,12.336054035399398,1.963343977982537,0.14838639538835893,-1.8509940950419148,0.8047090917294004,0.3287219094692846,0.7828332516123165,0.8025110306802568,0.7730823048033113,0.4926884289042876,2.1974889693197435,0.7073115710957123,2.0,0.5,2.5,0.15
0.2,0.525,0.275,0.7250000000000001,2.0,1.5,0.4,0.30000000000000004,1.05,0.7875000000000001,0.55,0.41250000000000003,ok,`gtol` termination condition is satisfied.,True,True,True,4,9.591638369523738e-14,4.47545209131181e-16,-4.440892098500626e-16,3.885780586188048e-16,0.9366216649444472,0.9769496699377221,1.5369492794031566e-09,-1.8061886560607774,12.242929959151105,1.9485228209267547,0.1459493846373833,-1.8061886560607774,0.8084079134474021,0.3309926553325663,0.7846900168759223,0.8458853966753426,0.7730823048033113,0.45396693623037254,2.304114603324658,0.6460330637696275,2.0,0.5,2.625,0.14285714285714285
0.2,0.55,0.25,0.75,2.0,1.5,0.4,0.30000000000000004,1.1,0.8250000000000001,0.5,0.375,ok,`gtol` termination condition is satisfied.,True,True,True,5,5.684341886080802e-14,7.850462293418876e-16,-6.661338147750939e-16,-2.220446049250313e-16,0.9315912168462642,0.9746075050568268,2.577740434373386e-09,-1.763973157894329,12.154945753776703,1.9345196997274061,0.14361940209209295,-1.763973157894329,0.8123557703064536,0.3334083786925435,0.7866597810888267,0.8897549889195996,0.7730823048033114,0.4149257157127584,2.410245011080401,0.5850742842872416,2.0,0.5,2.75,0.13636363636363635
0.20000000000000004,0.5750000000000001,0.22500000000000003,0.7750000000000001,2.0,1.5,0.39999999999999997,0.3,1.15,0.8624999999999999,0.44999999999999996,0.33749999999999997,ok,`gtol` termination condition is satisfied.,True,True,True,5,8.719671245021581e-15,6.38378239159465e-16,0.0,8.604228440844963e-16,0.9263636373606136,0.9721657852241834,1.2373686377171916e-09,-1.7241404102591815,12.071411185858294,1.9212247603241455,0.14139347638284336,-1.7241404102591815,0.8165694162592392,0.33597949183983533,0.788750058202222,0.93415796855338,0.7730823048033114,0.37554047150715736,2.5158420314466197,0.5244595284928426,1.9999999999999998,0.5000000000000001,2.875,0.13043478260869565
0.2,0.6,0.2,0.8,2.0,1.5,0.4,0.30000000000000004,1.2,0.8999999999999999,0.4,0.30000000000000004,ok,`gtol` termination condition is satisfied.,True,True,True,5,1.162622832669544e-14,8.326672684688674e-16,0.0,8.326672684688674e-17,0.9209263283621822,0.9696185526004227,1.699862815130273e-10,-1.6865023903397676,11.9917168649608,1.9085410152169577,0.1392683712218685,-1.6865023903397676,0.8210675568111406,0.338717758487239,0.7909695279971845,0.9791369773501235,0.7730823048033115,0.3357846468254183,2.620863022649876,0.46421535317458174,2.0,0.5,3.0,0.125
0.2,0.625,0.175,0.825,2.0,1.5,0.4,0.30000000000000004,1.25,0.9375,0.35,0.26249999999999996,ok,`gtol` termination condition is satisfied.,True,True,True,5,5.684341886080802e-14,9.485749680535094e-16,-4.440892098500626e-16,-5.551115123125783e-17,0.9152648132576388,0.9677189455933048,6.547519275113388e-10,-1.650888227900026,11.9153189540123,1.8963819100476094,0.13724072966068238,-1.650888227900026,0.8258711657799259,0.3416365179369429,0.7933282249220139,1.0247399678059772,0.7730823048033112,0.2956289838326752,2.725260032194023,0.40437101616732474,2.0,0.5,3.125,0.12
0.2,0.65,0.15,0.8500000000000001,2.0,1.5,0.4,0.30000000000000004,1.3,0.9750000000000001,0.3,0.22499999999999998,ok,`gtol` termination condition is satisfied.,True,True,True,4,2.6829757676989477e-14,6.661338147750939e-16,-4.440892098500626e-16,-3.3306690738754696e-16,0.9093624094116439,0.965983756767232,4.41975804987269e-09,-1.617142382454109,11.841726174905459,1.8846692554768858,0.13530718637595934,-1.617142382454109,0.8310038861886556,0.3447509697984879,0.7958377817453693,1.0710212351099393,0.7730823048033113,0.2550409925027012,2.828978764890061,0.3449590074972988,2.0,0.5,3.25,0.11538461538461538
0.2,0.675,0.125,0.875,2.0,1.5,0.4,0.30000000000000004,1.35,1.0125000000000002,0.25,0.1875,ok,`gtol` termination condition is satisfied.,True,True,True,5,4.35983562251079e-15,1.2994827337208943e-15,2.220446049250313e-16,1.6653345369377348e-16,0.903199806629911,0.9641768053766269,1.5240602752690498e-10,-1.5851229961003355,11.770488477445928,1.8733314237917167,0.13346445691459838,-1.5851229961003355,0.8364925408592595,0.34807853776562564,0.7985117442659442,1.1180427165927724,0.7730823048033114,0.21398429758524196,2.931957283407228,0.28601570241475804,2.0,0.5,3.375,0.1111111111111111
0.20000000000000004,0.7000000000000001,0.10000000000000002,0.9000000000000001,2.0,1.5,0.39999999999999997,0.3,1.4,1.0499999999999998,0.19999999999999998,0.15,ok,`gtol` termination condition is satisfied.,True,True,True,5,9.965338565738948e-15,4.440892098500626e-16,0.0,1.6653345369377348e-16,0.8967545211271336,0.9622916235326205,1.326023148895966e-09,-1.554700400524014,11.701186817144416,1.8623017219902556,0.13170941108859702,-1.554700400524014,0.8423677889658905,0.35163933875675474,0.801365980418535,1.1658756505302963,0.7730823048033115,0.17241782150852653,3.034124349469703,0.22758217849147344,1.9999999999999998,0.5000000000000001,3.5,0.10714285714285715
0.2,0.725,0.075,0.925,2.0,1.5,0.4,0.30000000000000004,1.45,1.0875,0.15,0.11249999999999999,ok,`gtol` termination condition is satisfied.,True,True,True,5,4.35983562251079e-15,1.0235750533041806e-15,0.0,4.996003610813204e-16,0.8900001807555856,0.9603204743535074,2.1388095696554614e-09,-1.5257557521315643,11.63342351573387,1.8515168576105412,0.13003913655220617,-1.5257557521315643,0.8486649807061556,0.3554567953359127,0.8044192176515521,1.2146027255953094,0.7730823048033113,0.13029474401010557,3.1353972744046903,0.16970525598989442,2.0,0.5,3.625,0.10344827586206896
0.2,0.75,0.05,0.95,2.0,1.5,0.4,0.30000000000000004,1.5,1.125,0.1,0.07500000000000001,ok,`gtol` termination condition is satisfied.,True,True,True,5,4.35983562251079e-15,4.47545209131181e-16,0.0,5.551115123125783e-16,0.8829055764247122,0.95825405213742,9.669546052823035e-10,-1.498179777989292,11.5668126659526,1.8409154116043003,0.12845099901303844,-1.498179777989292,0.8554252865394849,0.3595584471016916,0.8076937585604941,1.2643209127457966,0.7730823048033115,0.08756115324742593,3.235679087254203,0.11243884675257408,2.0,0.5,3.75,0.09999999999999999
0.2,0.775,0.025,0.9750000000000001,2.0,1.5,0.4,0.30000000000000004,1.55,1.1625,0.05,0.037500000000000006,ok,`gtol` termination condition is satisfied.,True,True,True,5,9.000950962602921e-15,4.47545209131181e-16,4.440892098500626e-16,4.440892098500626e-16,0.8754333818659524,0.9560810730337349,8.037159279831242e-10,-1.471871603251844,11.500969940459914,1.8304362163754966,0.12694270525302206,-1.471871603251844,0.8626972156191864,0.363977044706319,0.8112164501392823,1.3151452666310877,0.7730823048033114,0.044154262381194354,3.3348547333689127,0.05584573761880565,2.0,0.5,3.875,0.0967741935483871
0.2,0.8,0.0,1.0,2.0,1.5,0.4,0.30000000000000004,1.6,1.2000000000000002,0.0,0.0,ok,`gtol` termination condition is satisfied.,True,True,True,4,1.743934249004316e-14,1.2212453270876722e-15,0.0,-3.3306690738754696e-16,0.8675383907102596,0.953787706504516,1.0401429680644791e-09,-1.4467376269359529,11.435500966784817,1.8200165055959516,0.1255123765777916,-1.4467376269359529,0.8705386999364262,0.368752055594575,0.8150200232771151,1.367214138272404,nan,nan,3.432785861727597,nan,2.0,0.5,4.0,0.09374999999999999
0.225,0.0,0.775,0.225,2.0,1.5,0.45,0.3375,0.0,0.0,1.55,1.1625,ok,`gtol` termination condition is satisfied.,True,True,True,4,1.162622832669544e-14,3.885780586188048e-16,-2.220446049250313e-16,3.920475055707584e-16,0.9857051105289591,1.0023072577737375,0.0,-0.9999999974752426,0.0,0.0,1.0,-0.9999999974752426,0.772549651608198,0.34684707760758093,nan,nan,0.7730823048033112,1.199286945331796,nan,1.900713054668204,2.25,0.4444444444444445,0.0,nan
0.225,0.025,0.75,0.25,2.0,1.5,0.45,0.3375,0.05,0.037500000000000006,1.5,1.125,ok,`gtol` termination condition is satisfied.,True,True,True,5,9.591638369523738e-14,4.002966042486721e-16,2.220446049250313e-16,5.204170427930421e-17,0.987231915969581,1.0029412230369616,4.379504390680568e-09,-1.3713057526883343,0.0,0.0,1.0,-1.3713057526883343,0.7718371103954165,0.34630813022742546,0.7693930017422275,0.03896718639746319,0.7730823048033114,1.161157474711924,0.11103281360253683,1.838842525288076,2.25,0.4444444444444445,0.125,2.9999999999999996
0.225,0.05,0.725,0.275,2.0,1.5,0.45,0.3375,0.1,0.07500000000000001,1.45,1.0875,ok,`gtol` termination condition is satisfied.,True,True,True,5,1.0463605494025895e-13,7.021666937153402e-16,0.0,6.591949208711867e-17,0.9880823107085754,1.0030679422946225,9.296468437551348e-09,-1.7110895339964842,0.0,0.0,1.0,-1.7110895339964842,0.7716958841367006,0.34620102310030426,0.7685432060544146,0.0777812938988125,0.7730823048033114,1.1237308593556241,0.22221870610118755,1.7762691406443758,2.25,0.4444444444444445,0.25,1.4999999999999998
0.225,0.075,0.7,0.3,2.0,1.5,0.45,0.3375,0.15,0.11249999999999999,1.4,1.0499999999999998,ok,`gtol` termination condition is satisfied.,True,True,True,5,8.138359828686808e-14,8.125323285481904e-16,-4.440892098500626e-16,9.020562075079397e-17,0.9884776422044781,1.0028437725048678,2.3029504290743798e-09,-2.023497035939363,0.0,0.0,1.0,-2.023497035939363,0.7719459895142908,0.34639063910599766,0.7681540291882386,0.1165662220960993,0.7730823048033112,1.086726334028663,0.33343377790390066,1.7132736659713368,2.25,0.4444444444444445,0.375,1.0
0.225,0.1,0.675,0.325,2.0,1.5,0.45,0.3375,0.2,0.15000000000000002,1.35,1.0125000000000002,ok,`gtol` termination condition is satisfied.,True,True,True,4,4.35983562251079e-14,2.9504581591051765e-16,0.0,-2.255140518769849e-16,0.9885498379703488,1.0023616046759445,1.0562405046501654e-09,-2.3117349259608164,0.0,0.0,1.0,-2.3117349259608164,0.7724881780084082,0.34680067401042,0.7680833617438582,0.1553959815158852,0.7730823048033116,1.0499741700220373,0.4446040184841149,1.6500258299779629,2.25,0.4444444444444445,0.5,0.7499999999999999
0.225,0.125,0.65,0.35,2.0,1.5,0.45,0.3375,0.25,0.1875,1.3,0.9750000000000001,ok,`gtol` termination condition is satisfied.,True,True,True,5,9.068458094822442e-14,5.661048867003676e-16,-2.220446049250313e-16,-4.2327252813834093e-16,0.9883823561210683,1.0016799086081207,4.2523080624076525e-09,-2.578374984450845,0.0,0.0,1.0,-2.578374984450845,0.7732645457092095,0.3473854697282119,0.7682474895028237,0.19431940603377185,0.7730823048033114,1.0133642399661376,0.5556805939662282,1.5866357600338625,2.25,0.4444444444444445,0.625,0.6
0.225,0.15,0.625,0.375,2.0,1.5,0.45,0.3375,0.3,0.22499999999999998,1.25,0.9375,ok,`gtol` termination condition is satisfied.,True,True,True,5,1.162622832669544e-14,4.577566798522237e-16,0.0,-6.938893903907228e-18,0.9880304654582135,1.0008371125637978,1.6024102955415816e-09,-2.825545558035234,0.0,0.0,1.0,-2.825545558035234,0.7742401520354157,0.34811665558987553,0.7685945214647661,0.2333717071492282,0.7730823048033113,0.9768207079919002,0.6666282928507717,1.5231792920080998,2.25,0.4444444444444445,0.75,0.5
0.225,0.175,0.6,0.4,2.0,1.5,0.45,0.3375,0.35,0.26249999999999996,1.2,0.8999999999999999,ok,`gtol` termination condition is satisfied.,True,True,True,5,5.684341886080802e-14,4.577566798522237e-16,2.220446049250313e-16,4.0939474033052647e-16,0.9866107333953101,0.9998592964971301,3.812826142109143e-09,-2.906782354502409,14.78391186149015,2.3529326509910615,0.19292421261703527,-2.906782354502409,0.7753936810372919,0.34897625864879167,0.7690910640501869,0.2725803772810169,0.7730823048033113,0.9402885397074511,0.7774196227189829,1.459711460292549,2.25,0.4444444444444445,0.875,0.4285714285714286
0.225,0.2,0.575,0.42500000000000004,2.0,1.5,0.45,0.3375,0.4,0.30000000000000004,1.15,0.8624999999999999,ok,`gtol` termination condition is satisfied.,True,True,True,5,2.6159013735064738e-14,8.455206652451151e-16,4.440892098500626e-16,1.3877787807814457e-15,0.983754820650043,0.998764567426825,8.434495570588175e-15,-2.800630312638816,14.44414292948199,2.2988567459529086,0.1903487855263642,-2.800630312638816,0.7767123695133981,0.34995290950450836,0.7697150668156705,0.3119684341220606,0.7730823048033113,0.903725838859267,0.8880315658779396,1.3962741611407328,2.25,0.4444444444444445,1.0,0.37499999999999994
0.225,0.225,0.55,0.45,2.0,1.5,0.45,0.3375,0.45,0.3375,1.1,0.8250000000000001,ok,`gtol` termination condition is satisfied.,True,True,True,5,1.5501637768927254e-14,8.968100940422724e-16,0.0,-1.734723475976807e-16,0.9807303226701477,0.99756567357777,1.5684945179620483e-09,-2.7017239679286753,14.147404526439532,2.251629362303506,0.18757975534789878,-2.7017239679286753,0.7781891021027799,0.3510396410196352,0.7704517638743147,0.35155632094513944,0.7730823048033113,0.8670992582021524,0.9984436790548606,1.3329007417978478,2.25,0.4444444444444445,1.125,0.3333333333333333
0.225,0.25,0.525,0.475,2.0,1.5,0.45,0.3375,0.5,0.375,1.05,0.7875000000000001,ok,`gtol` termination condition is satisfied.,True,True,True,5,1.3951473992034527e-14,4.552252871008668e-16,0.0,8.396061623727746e-16,0.9775468113256148,0.9962716303901137,3.602090591618232e-10,-2.609474274605878,13.885874762816128,2.2100056076571866,0.18469005761284915,-2.609474274605878,0.7798206757476343,0.3522325572484932,0.7712912654134046,0.3913630880006844,0.7730823048033114,0.8303811240944171,1.1086369119993156,1.269618875905583,2.25,0.4444444444444445,1.25,0.3
0.225,0.275,0.5,0.5,2.0,1.5,0.45,0.3375,0.55,0.41250000000000003,1.0,0.75,ok,`gtol` termination condition is satisfied.,True,True,True,5,5.684341886080802e-14,7.514536976383426e-16,-2.220446049250313e-16,4.440892098500626e-16,0.9742104232790673,0.9948887657064455,4.330060871841617e-09,-2.5233442995102484,13.653492536005336,2.173020827573547,0.18173549223868496,-2.5233442995102484,0.7816067285719714,0.3535300025301195,0.7722270749759581,0.43140717236119647,0.7730823048033114,0.7935475604964435,1.2185928276388036,1.2064524395035565,2.25,0.4444444444444445,1.375,0.2727272727272727
0.225,0.3,0.475,0.525,2.0,1.5,0.45,0.3375,0.6,0.44999999999999996,0.95,0.7124999999999999,ok,`gtol` termination condition is satisfied.,True,True,True,5,0.0,7.2377686124476805e-16,0.0,-1.1102230246251565e-16,0.970724695850984,0.9934214095538519,3.097486285698329e-10,-2.4428432607492376,13.445479783352269,2.13991456976266,0.17875868293550387,-2.4428432607492376,0.783549063780992,0.3549320311707381,0.7732551496345424,0.4717069467467573,0.7730823048033113,0.7565772177242391,1.3282930532532427,1.1434227822757608,2.25,0.4444444444444445,1.5,0.25
0.225,0.325,0.45,0.55,2.0,1.5,0.45,0.3375,0.65,0.48750000000000004,0.9,0.675,ok,`gtol` termination condition is satisfied.,True,True,True,5,2.146380614159158e-14,6.206335383118183e-16,-4.440892098500626e-16,-9.71445146547012e-16,0.9670911233101418,0.991872358551246,2.3159534481301643e-09,-2.3675218704689684,13.258013821672453,2.110078435299841,0.17579203461471885,-2.3675218704689684,0.7856512184230608,0.35644006533942674,0.7743732913333194,0.5122811338777806,0.7730823048033113,0.7194503781003567,1.4377188661222196,1.0805496218996433,2.25,0.4444444444444445,1.625,0.23076923076923075
0.225,0.35,0.425,0.575,2.0,1.5,0.45,0.3375,0.7,0.5249999999999999,0.85,0.6375,ok,`gtol` termination condition is satisfied.,True,True,True,5,9.965338565738948e-15,6.407872222066844e-16,-2.220446049250313e-16,-5.551115123125783e-16,0.9633095288582574,0.9902431926154046,2.9888782654301254e-09,-2.2969685446907615,13.08799668591617,2.083019367733903,0.1728599853968986,-2.2969685446907615,0.7879181902615083,0.35805667563461424,0.7755807477717227,0.5531491439268774,0.7730823048033113,0.6821483016592313,1.5468508560731222,1.0178516983407686,2.25,0.4444444444444445,1.75,0.2142857142857143
0.225,0.375,0.4,0.6,2.0,1.5,0.45,0.3375,0.75,0.5625,0.8,0.6000000000000001,ok,`gtol` termination condition is satisfied.,True,True,True,5,5.684341886080802e-14,7.850462293418876e-16,0.0,2.7755575615628914e-16,0.9593783106594634,0.9885344917264455,1.791965369361118e-09,-2.230806186374741,12.932888994108234,2.0583332118710955,0.1699807460519851,-2.230806186374741,0.7903562712335752,0.3597854450520577,0.7768779507217966,0.5943313714277697,0.7730823048033116,0.6446527266366116,1.6556686285722302,0.9553472733633885,2.25,0.4444444444444445,1.875,0.19999999999999998
0.225,0.4,0.375,0.625,2.0,1.5,0.45,0.3375,0.8,0.6000000000000001,0.75,0.5625,ok,`gtol` termination condition is satisfied.,True,True,True,5,3.8754094422318134e-15,7.108895957933346e-16,2.220446049250313e-16,5.551115123125783e-17,0.9552945983352766,0.9867459827935345,1.2099641607341596e-09,-2.168689347818504,12.790587845192173,2.0356852806134484,0.16716765684861581,-2.168689347818504,0.7929729563694755,0.3616308924370136,0.7782663479693394,0.6358494762600708,0.7730823048033114,0.606945469609982,1.7641505237399295,0.893054530390018,2.25,0.4444444444444445,2.0,0.18749999999999997
0.225,0.425,0.35,0.65,2.0,1.5,0.45,0.3375,0.85,0.6375,0.7,0.5249999999999999,ok,`gtol` termination condition is satisfied.,True,True,True,5,8.206749407079134e-15,7.216449660063518e-16,0.0,-2.220446049250313e-16,0.9510543428265855,0.9848766357979822,1.3766642844501534e-09,-2.110301665816921,12.65933544791008,2.0147958127933423,0.16443025394946637,-2.110301665816921,0.795776909352831,0.3635984408530809,0.7797483018502303,0.6777266669184645,0.7730823048033111,0.569008088175033,1.8722733330815353,0.8309919118249669,2.25,0.4444444444444445,2.125,0.17647058823529413
0.225,0.45,0.325,0.675,2.0,1.5,0.45,0.3375,0.9,0.675,0.65,0.48750000000000004,ok,`gtol` termination condition is satisfied.,True,True,True,5,1.5501637768927254e-14,7.550332863779066e-16,-2.220446049250313e-16,8.326672684688674e-17,0.9466523538460972,0.9829247214926691,1.7450501882246511e-09,-2.0553534948351455,12.537649633279711,1.995428913890755,0.16177511106919792,-2.0553534948351455,0.7987779736892565,0.36569442226898585,0.7813270376918474,0.719988001061507,0.7730823048033114,0.5308215799396272,1.9800119989384932,0.7691784200603728,2.25,0.4444444444444445,2.25,0.16666666666666666
0.225,0.475,0.3,0.7,2.0,1.5,0.45,0.3375,0.95,0.7124999999999999,0.6,0.44999999999999996,ok,`gtol` termination condition is satisfied.,True,True,True,5,7.342881048439225e-15,4.041272810440265e-16,0.0,3.3306690738754696e-16,0.9420822932907549,0.9808878383776858,4.1576845580847795e-10,-2.0035797047517785,12.424270231628775,1.977384021673207,0.15920650597480557,-2.0035797047517785,0.8019872236795971,0.36792611401188385,0.7830066321257749,0.7626607172210812,0.7730823048033114,0.4923660981481041,2.0873392827789186,0.7076339018518958,2.25,0.4444444444444445,2.375,0.15789473684210525
0.225,0.5,0.275,0.725,2.0,1.5,0.45,0.3375,1.0,0.75,0.55,0.41250000000000003,ok,`gtol` termination condition is satisfied.,True,True,True,5,3.487868498008632e-14,4.002966042486721e-16,0.0,5.828670879282072e-16,0.9373366287619735,0.9787629135008287,1.1913235788779086e-09,-1.9547376220074257,12.318117118376763,1.9604892289745557,0.15672694939354403,-1.9547376220074257,0.8054170532094495,0.3703018054166857,0.7847920357772402,0.8057746120089864,0.7730823048033114,0.4536206679594029,2.194225387991014,0.6463793320405972,2.25,0.4444444444444445,2.5,0.15
0.225,0.525,0.25,0.75,2.0,1.5,0.45,0.3375,1.05,0.7875000000000001,0.5,0.375,ok,`gtol` termination condition is satisfied.,True,True,True,4,2.902562414920718e-13,6.329245045284193e-16,0.0,4.996003610813204e-16,0.9324065480043625,0.9765461792645164,5.700822020616092e-10,-1.9086051025563995,12.218256961908935,1.9445959914547706,0.1543376052682008,-1.9086051025563995,0.809081303477021,0.372830895553624,0.7866891281916532,0.8493624789994133,0.7730823048033113,0.4145628891484867,2.300637521000587,0.5854371108515133,2.25,0.4444444444444445,2.625,0.14285714285714285
0.225,0.55,0.225,0.775,2.0,1.5,0.45,0.3375,1.1,0.8250000000000001,0.45,0.3375,ok,`gtol` termination condition is satisfied.,True,True,True,4,3.0022158005781076e-13,8.005932084973442e-16,-4.440892098500626e-16,0.0,0.927281832106599,0.9742331264743429,1.3465425329780821e-14,-1.8649787343950663,12.123876526197781,1.9295748785801736,0.15203862546478453,-1.8649787343950663,0.8129954336791547,0.37552402521929085,0.7887048056270073,0.8934606287635934,0.7730823048033113,0.375168611220561,2.406539371236407,0.524831388779439,2.25,0.4444444444444445,2.75,0.13636363636363635
0.225,0.575,0.2,0.7999999999999999,2.0,1.5,0.45,0.3375,1.15,0.8624999999999999,0.4,0.30000000000000004,ok,`gtol` termination condition is satisfied.,True,True,True,5,1.819757477221895e-14,9.992007221626409e-16,-4.440892098500626e-16,-4.996003610813204e-16,0.9219506823039308,0.9718184320581157,5.249799211851606e-10,-1.8236721619661374,12.034260941785808,1.915312115342939,0.14982941681832476,-1.8236721619661374,0.8171767417623161,0.3783932488440924,0.7908471049534928,0.9381095145853693,0.7730823048033114,0.33541156577763964,2.5118904854146304,0.4645884342223604,2.25,0.4444444444444445,2.875,0.13043478260869565
0.225,0.6,0.175,0.825,2.0,1.5,0.45,0.3375,1.2,0.8999999999999999,0.35,0.26249999999999996,ok,`gtol` termination condition is satisfied.,True,True,True,4,3.5253960752794023e-13,5.551115123125783e-16,-2.220446049250313e-16,2.7755575615628914e-17,0.9163994917910205,0.9692958579763616,1.1783419504948735e-09,-1.7845145260889632,11.948775747050718,1.901706724039676,0.14770885493400704,-1.7845145260889632,0.8216446460239244,0.38145225492110063,0.7931253697271893,0.9833544957624438,0.7730823048033112,0.29526293838545997,2.616645504237556,0.40473706161454,2.25,0.4444444444444445,3.0,0.125
0.225,0.625,0.15,0.85,2.0,1.5,0.45,0.3375,1.25,0.9375,0.3,0.22499999999999998,ok,`gtol` termination condition is satisfied.,True,True,True,5,5.684341886080802e-14,9.453208419344607e-16,0.0,5.551115123125783e-17,0.9106125496459753,0.9666581155833327,9.72997052907967e-10,-1.7473490190507697,11.866851784822918,1.8886681204934481,0.14567545682348945,-1.7473490190507697,0.8264210431047839,0.38471664738751504,0.7955504679324397,1.0292467810380983,0.7730823048033113,0.2546908578529477,2.7207532189619017,0.3453091421470523,2.25,0.4444444444444445,3.125,0.12
0.225,0.65,0.125,0.875,2.0,1.5,0.45,0.3375,1.3,0.9750000000000001,0.25,0.1875,ok,`gtol` termination condition is satisfied.,True,True,True,4,3.37783240805596e-13,3.1401849173675503e-16,0.0,4.996003610813204e-16,0.9045716581766805,0.964428866656601,6.257318359787671e-10,-1.7120315398525503,11.78797220405502,1.8761140453052207,0.14372752156722143,-1.7120315398525503,0.8315307644157963,0.3882043056322229,0.7981350754099213,1.0758446101161152,0.7730823048033113,0.21365977416360563,2.8241553898838854,0.2863402258363944,2.25,0.4444444444444445,3.25,0.11538461538461538
0.225,0.675,0.1,0.9,2.0,1.5,0.45,0.3375,1.35,1.0125000000000002,0.2,0.15000000000000002,ok,`gtol` termination condition is satisfied.,True,True,True,4,3.5964452483869853e-13,5.551115123125783e-16,0.0,5.551115123125783e-16,0.8982556368348955,0.9626003909906716,1.3598231690148718e-09,-1.678429446210296,11.711660950030957,1.86396873201375,0.14186324756265822,-1.678429446210296,0.8370021622982633,0.3919358482776116,0.800894045311779,1.1232147537963957,0.7730823048033114,0.17212968627224065,2.926785246203605,0.22787031372775937,2.25,0.4444444444444445,3.375,0.1111111111111111
0.22500000000000003,0.7000000000000001,0.07500000000000001,0.925,2.0,1.5,0.45000000000000007,0.3375,1.4000000000000001,1.05,0.15000000000000002,0.11250000000000002,ok,`gtol` termination condition is satisfied.,True,True,True,5,5.684341886080802e-14,4.440892098500626e-16,2.220446049250313e-16,1.6653345369377348e-16,0.8916396738966565,0.9606878586676173,7.305073399577469e-10,-1.6464203872160472,11.63747217828292,1.8521612222681334,0.1400808331994442,-1.6464203872160472,0.8428678708168905,0.3959352368839538,0.8038448931509591,1.1714344469515225,0.7730823048033113,0.13005516590992008,3.0285655530484776,0.16994483409007996,2.2500000000000004,0.4444444444444444,3.5000000000000004,0.10714285714285712
0.225,0.725,0.05,0.95,2.0,1.5,0.45,0.3375,1.45,1.0875,0.1,0.07500000000000001,ok,`gtol` termination condition is satisfied.,True,True,True,5,9.621706201403123e-15,9.485749680535094e-16,-2.220446049250313e-16,1.1102230246251565e-15,0.8846944690730113,0.9586826710385361,9.900172692290012e-10,-1.6158912040633002,11.56498003875303,1.840623739926644,0.13837856778505875,-1.6158912040633002,0.8491658066479282,0.4002305723830934,0.807008440935472,1.220593919872155,0.7730823048033112,0.08738410059388663,3.1294060801278447,0.11261589940611338,2.25,0.4444444444444445,3.625,0.10344827586206896
0.225,0.75,0.025,0.975,2.0,1.5,0.45,0.3375,1.5,1.125,0.05,0.037500000000000006,ok,`gtol` termination condition is satisfied.,True,True,True,4,3.2347403671120164e-13,5.978733960281817e-16,0.0,7.771561172376096e-16,0.8773850821631015,0.9565743979272721,1.3705078438333136e-10,-1.5867368792455019,11.493768210730744,1.8292900254902873,0.1367549195404258,-1.5867368792455019,0.8559405075137344,0.40485516300357155,0.8104096855599177,1.2707997736233572,0.7730823048033114,0.04405604337934249,3.229200226376643,0.055943956620657515,2.25,0.4444444444444445,3.75,0.09999999999999999
0.225,0.775,0.0,1.0,2.0,1.5,0.45,0.3375,1.55,1.1625,0.0,0.0,ok,`gtol` termination condition is satisfied.,True,True,True,4,0.0,1.0934428697813141e-15,-4.440892098500626e-16,-5.551115123125783e-16,0.8696693578496755,0.9543502727096103,1.4622579264584963e-09,-1.5588595094250415,11.42341842898665,1.8180935099802789,0.13520862845039036,-1.5588595094250415,0.8632449569115436,0.4098489841371777,0.814078991477449,1.322179573761167,nan,nan,3.3278204262388336,nan,2.25,0.4444444444444445,3.875,0.0967741935483871
0.25,0.0,0.75,0.25,2.0,1.5,0.5,0.375,0.0,0.0,1.5,1.125,ok,`gtol` termination condition is satisfied.,True,True,True,4,1.3951473992034527e-14,4.2001807449902774e-16,-6.661338147750939e-16,-3.400058012914542e-16,0.9829545153837492,1.0008478450449945,1.0463602908765495e-08,-1.0000000079388458,0.0,0.0,1.0,-1.0000000079388458,0.7742276193839913,0.3867858752042299,nan,nan,0.7730823048033112,1.1652424075709662,nan,1.8347575924290338,2.5,0.4,0.0,nan
0.25,0.025,0.725,0.275,2.0,1.5,0.5,0.375,0.05,0.037500000000000006,1.45,1.0875,ok,`gtol` termination condition is satisfied.,True,True,True,5,6.975736996017264e-14,8.08254562088053e-16,-4.440892098500626e-16,-1.3183898417423734e-16,0.9845902680558972,1.0015156958845797,8.13076430929922e-09,-1.335744026165607,0.0,0.0,1.0,-1.335744026165607,0.7734532728486542,0.3861413635487303,0.7721415486553191,0.039211313259267515,0.7730823048033112,1.1269119356441888,0.1107886867407325,1.7730880643558111,2.5,0.4,0.125,2.9999999999999996
0.25,0.05,0.7,0.3,2.0,1.5,0.5,0.375,0.1,0.07500000000000001,1.4,1.0499999999999998,ok,`gtol` termination condition is satisfied.,True,True,True,5,5.684341886080802e-14,5.551115123125783e-16,2.220446049250313e-16,4.475586568020162e-16,0.9855576248671716,1.0016967045183118,3.41313918559568e-09,-1.6456987353852035,0.0,0.0,1.0,-1.6456987353852035,0.7732452797368138,0.38596776661486865,0.7711161001789596,0.07824160462285365,0.7730823048033112,1.089254088120196,0.2217583953771464,1.7107459118798038,2.5,0.4,0.25,1.4999999999999998
0.25,0.075,0.675,0.325,2.0,1.5,0.5,0.375,0.15,0.11249999999999999,1.35,1.0125000000000002,ok,`gtol` termination condition is satisfied.,True,True,True,5,6.9757369960172635e-15,3.1401849173675503e-16,0.0,-4.5102810375396984e-17,0.9860648386607522,1.0015334569300505,9.189193251879629e-09,-1.9330123691600698,0.0,0.0,1.0,-1.9330123691600698,0.7734328284559544,0.38612430923012736,0.7705871440733435,0.1172215731452206,0.7730823048033114,1.0520082879011718,0.3327784268547794,1.6479917120988283,2.5,0.4,0.375,1.0
0.25,0.1,0.65,0.35,2.0,1.5,0.5,0.375,0.2,0.15000000000000002,1.3,0.9750000000000001,ok,`gtol` termination condition is satisfied.,True,True,True,4,6.103769871515106e-14,6.206335383118183e-16,-2.220446049250313e-16,-9.645062526431047e-16,0.9862395130018405,1.00111302181436,6.768299274247118e-10,-2.200155382483527,0.0,0.0,1.0,-2.200155382483527,0.773918854543674,0.3865292118271859,0.7704063775072225,0.15623109140340938,0.7730823048033114,1.0150124832061482,0.4437689085965907,1.5849875167938519,2.5,0.4,0.5,0.7499999999999999
0.25,0.125,0.625,0.375,2.0,1.5,0.5,0.375,0.25,0.1875,1.25,0.9375,ok,`gtol` termination condition is satisfied.,True,True,True,5,6.9757369960172635e-15,7.216449660063518e-16,0.0,6.245004513516506e-16,0.9861641395524583,1.0004913941308846,2.6416133517288176e-09,-2.4491271171360727,0.0,0.0,1.0,-2.4491271171360727,0.7746453539652649,0.3871324423725756,0.7704842919513578,0.1953235422606777,0.7730823048033113,0.9781591561849213,0.5546764577393223,1.5218408438150788,2.5,0.4,0.625,0.6
0.25,0.15,0.6,0.4,2.0,1.5,0.5,0.375,0.3,0.22499999999999998,1.2,0.8999999999999999,ok,`gtol` termination condition is satisfied.,True,True,True,5,1.743934249004316e-14,5.887846720064157e-16,0.0,4.3021142204224816e-16,0.985474238313035,0.9997060189376812,4.923515173444274e-09,-2.681590974883075,0.0,0.0,1.0,-2.681590974883075,0.7755765917664651,0.3879023318228178,0.770764308327004,0.2345376067279303,0.7730823048033114,0.941372924524173,0.6654623932720696,1.4586270754758268,2.5,0.4,0.75,0.5
0.25,0.175,0.575,0.425,2.0,1.5,0.5,0.375,0.35,0.26249999999999996,1.15,0.8624999999999999,ok,`gtol` termination condition is satisfied.,True,True,True,5,1.9930677131477896e-14,8.326672684688674e-16,-2.220446049250313e-16,-8.951173136040325e-16,0.9828060430125349,0.9987826766444546,1.3917514519504265e-09,-2.898964692229994,0.0,0.0,1.0,-2.898964692229994,0.7766903234286214,0.3888184795305108,0.7712094077842879,0.27390345328730265,0.7730823048033114,0.9045982743438107,0.7760965467126972,1.395401725656189,2.5,0.4,0.875,0.4285714285714286
0.25,0.2,0.55,0.45,2.0,1.5,0.5,0.375,0.4,0.30000000000000004,1.1,0.8250000000000001,ok,`gtol` termination condition is satisfied.,True,True,True,5,5.684341886080802e-14,7.550332863779066e-16,2.220446049250313e-16,6.38378239159465e-16,0.9799469340786403,0.9977394866746339,5.038722793272144e-09,-2.883331563497037,14.521327846587829,2.311141107042441,0.19475633145554783,-2.883331563497037,0.7779729167527037,0.38986775964215364,0.7717947778844212,0.31344621347586754,0.7730823048033114,0.867792434172154,0.8865537865241326,1.3322075658278463,2.5,0.4,1.0,0.37499999999999994
0.25,0.225,0.525,0.475,2.0,1.5,0.5,0.375,0.45,0.3375,1.05,0.7875000000000001,ok,`gtol` termination condition is satisfied.,True,True,True,5,7.750818884463627e-15,1.1710090180710446e-15,-2.220446049250313e-16,-4.718447854656915e-16,0.976911637049269,0.9965893439389812,3.9751469122891344e-15,-2.788420349022489,14.216423263442207,2.2626140354634416,0.19247337811466292,-2.788420349022489,0.7794165053961098,0.3910419623370124,0.7725035571652732,0.3531880526703415,0.7730823048033114,0.830921026281662,0.9968119473296586,1.269078973718338,2.5,0.4,1.125,0.3333333333333333
0.25,0.25,0.5,0.5,2.0,1.5,0.5,0.375,0.5,0.375,1.0,0.75,ok,`gtol` termination condition is satisfied.,True,True,True,5,3.487868498008632e-14,4.335559509131367e-16,-4.440892098500626e-16,-6.245004513516506e-16,0.9737101166605405,0.9953414579280091,1.0587378372999072e-09,-2.6993224686863013,13.946303964274174,2.2196232137763303,0.19002447355645147,-2.6993224686863013,0.7810172619867203,0.3923363463692927,0.7733242677621784,0.3931494746938565,0.7730823048033114,0.7939552969365185,1.1068505253061436,1.2060447030634815,2.5,0.4,1.25,0.3
0.25,0.275,0.475,0.525,2.0,1.5,0.5,0.375,0.55,0.41250000000000003,0.95,0.7124999999999999,ok,`gtol` termination condition is satisfied.,True,True,True,5,5.684341886080802e-14,4.440892098500626e-16,0.0,1.0408340855860843e-16,0.9703488251538035,0.9940023550176804,3.2683821740008995e-09,-2.6156163737490736,13.705176805850748,2.18124663459954,0.18746527328645393,-2.6156163737490736,0.7827743187662459,0.39374872444458275,0.7742492126494829,0.433350191454399,0.7730823048033113,0.7568702826498876,1.216649808545601,1.1431297173501123,2.5,0.4,1.375,0.2727272727272727
0.25,0.3,0.45,0.55,2.0,1.5,0.5,0.375,0.6,0.44999999999999996,0.9,0.675,ok,`gtol` termination condition is satisfied.,True,True,True,5,3.4878684980086318e-15,6.684427777288335e-16,0.0,5.828670879282072e-16,0.9668315289119922,0.9925765472508766,3.0436160965126656e-10,-2.536913331669736,13.488443737761871,2.1467524954817225,0.18483963421041769,-2.536913331669736,0.7846890791902805,0.3952788736363061,0.7752734474852689,0.4738097388360413,0.7730823048033113,0.719643550625576,1.3261902611639584,1.080356449374424,2.5,0.4,1.5,0.25
0.25,0.325,0.425,0.575,2.0,1.5,0.5,0.375,0.65,0.48750000000000004,0.85,0.6375,ok,`gtol` termination condition is satisfied.,True,True,True,5,1.0463605494025895e-14,4.996003610813204e-16,2.220446049250313e-16,9.43689570931383e-16,0.9631598629507744,0.9910669867053802,2.562907100765799e-09,-2.462854051376091,13.292402156456335,2.115551508765395,0.18218209831151472,-2.462854051376091,0.7867647752198661,0.3969281520693776,0.7763941077380303,0.5145479430439182,0.7730823048033113,0.6822543010353818,1.435452056956082,1.0177456989646183,2.5,0.4,1.625,0.23076923076923075
0.25,0.35,0.4,0.6,2.0,1.5,0.5,0.375,0.7,0.5249999999999999,0.8,0.6000000000000001,ok,`gtol` termination condition is satisfied.,True,True,True,5,2.092721098805179e-14,7.108895957933346e-16,-4.440892098500626e-16,-5.551115123125783e-17,0.9593337035771026,0.9894753775634691,4.013198309881364e-09,-2.393106009946663,13.114032591493414,2.0871631108043953,0.17951979733779805,-2.393106009946663,0.789006185280014,0.3986992517301947,0.7776099632882522,0.5555853003918074,0.7730823048033114,0.6446827016882165,1.5444146996081922,0.9553172983117836,2.5,0.4,1.75,0.2142857142857143
0.25,0.375,0.375,0.625,2.0,1.5,0.5,0.375,0.75,0.5625,0.75,0.5625,ok,`gtol` termination condition is satisfied.,True,True,True,5,3.720393064542541e-14,5.117875266520903e-16,0.0,-3.469446951953614e-16,0.9553514151136121,0.9878023907307325,5.045741862887421e-10,-2.3273612657900853,12.950844920193639,2.0611909862653803,0.17687393915828772,-2.3273612657900853,0.7914194618622271,0.4005960449623786,0.7789211238035896,0.5969433108012894,0.7730823048033112,0.6069093732734265,1.6530566891987106,0.8930906267265735,2.5,0.4,1.875,0.19999999999999998
0.25,0.4,0.35,0.65,2.0,1.5,0.5,0.375,0.8,0.6000000000000001,0.7,0.5249999999999999,ok,`gtol` termination condition is satisfied.,True,True,True,5,8.71967124502158e-15,6.684427777288335e-16,2.220446049250313e-16,-6.106226635438361e-16,0.9512100058377253,0.986047809467499,1.1933965559757175e-09,-2.2653345948518044,12.8007647720724,2.0373049888319215,0.17426098267659643,-2.2653345948518044,0.7940120377222003,0.40262349862680347,0.7803288478095127,0.6386447925888649,0.7730823048033112,0.5689149715006661,1.7613552074111354,0.8310850284993339,2.5,0.4,2.0,0.18749999999999997
0.25,0.425,0.325,0.675,2.0,1.5,0.5,0.375,0.85,0.6375,0.65,0.48750000000000004,ok,`gtol` termination condition is satisfied.,True,True,True,5,8.206749407079134e-15,4.47545209131181e-16,-2.220446049250313e-16,4.0245584642661925e-16,0.946905215298071,0.9842106243123826,1.358781525279534e-09,-2.206761853447488,12.662048122941545,2.015227548433602,0.17169357652869321,-2.206761853447488,0.7967925918551216,0.4047876400500145,0.7818354261762115,0.6807141991550528,0.7730823048033114,0.5306798294103515,1.8692858008449469,0.7693201705896485,2.5,0.4,2.125,0.17647058823529413
0.25,0.45,0.3,0.7,2.0,1.5,0.5,0.375,0.9,0.675,0.6,0.44999999999999996,ok,`gtol` termination condition is satisfied.,True,True,True,5,1.3951473992034527e-14,2.220446049250313e-16,-2.220446049250313e-16,7.216449660063518e-16,0.9424315466925254,0.9822890890170727,1.2926204936617029e-09,-2.15139848789166,12.533216046493107,1.99472328663804,0.16918131400604824,-2.15139848789166,0.7997710642937558,0.40709556546843373,0.7834441218488267,0.7231779547246803,0.7730823048033113,0.4921836334000826,1.9768220452753198,0.7078163665999173,2.5,0.4,2.25,0.16666666666666666
0.25,0.475,0.275,0.725,2.0,1.5,0.5,0.375,0.95,0.7124999999999999,0.55,0.41250000000000003,ok,`gtol` termination condition is satisfied.,True,True,True,5,1.0463605494025895e-14,5.578801654593729e-16,0.0,5.551115123125783e-17,0.9377822521507735,0.9802807448023652,2.2597726524901784e-09,-2.0990181506490178,12.413004121566576,1.9755909645673908,0.16673134363040343,-2.0990181506490178,0.8029587141625194,0.4095554862318571,0.7851591548964416,0.76606482516824,0.7730823048033112,0.4534051126118559,2.0839351748317596,0.6465948873881442,2.5,0.4,2.375,0.15789473684210525
0.25,0.5,0.25,0.75,2.0,1.5,0.5,0.375,1.0,0.75,0.5,0.375,ok,`gtol` termination condition is satisfied.,True,True,True,5,6.9757369960172635e-15,5.578801654593729e-16,0.0,1.942890293094024e-16,0.9329492744308976,0.9781824171113451,1.374223141952304e-09,-2.0494114015072293,12.300322652834963,1.9576571518238997,0.16434886533804968,-2.0494114015072293,0.8063682194550396,0.412176811476694,0.7869857269780267,0.8094063406153715,0.7730823048033114,0.4143217246590895,2.1905936593846285,0.5856782753409104,2.5,0.4,2.5,0.15
0.25,0.525,0.225,0.775,2.0,1.5,0.5,0.375,1.05,0.7875000000000001,0.45,0.3375,ok,`gtol` termination condition is satisfied.,True,True,True,5,3.4878684980086318e-15,2.220446049250313e-16,0.0,5.551115123125783e-17,0.9279231449841703,0.9759901866266047,1.6918104272921114e-09,-2.0023844707732925,12.19422497255508,1.9407711815567728,0.16203753448611113,-2.0023844707732925,0.8100138204010003,0.4149702689125993,0.7889300831119519,0.8532372888916473,0.7730823048033114,0.3749093220079394,2.296762711108353,0.5250906779920606,2.5,0.4,2.625,0.14285714285714285
0.25,0.55,0.2,0.8,2.0,1.5,0.5,0.375,1.1,0.8250000000000001,0.4,0.30000000000000004,ok,`gtol` termination condition is satisfied.,True,True,True,5,5.684341886080802e-14,7.850462293418876e-16,-2.220446049250313e-16,-9.992007221626409e-16,0.9226928350387333,0.9736993342601955,1.0818953869011538e-09,-1.9577580839872961,12.093881826120462,1.9248010737963095,0.15979979244163509,-1.9577580839872961,0.8139115115708191,0.4179480682243758,0.7909996118424509,0.897596302899382,0.7730823048033114,0.33514178302722314,2.402403697100618,0.4648582169727769,2.5,0.4,2.75,0.13636363636363635
0.25,0.575,0.175,0.825,2.0,1.5,0.5,0.375,1.15,0.8624999999999999,0.35,0.26249999999999996,ok,`gtol` termination condition is satisfied.,True,True,True,5,1.819757477221895e-14,1.0053497077208614e-15,0.0,5.551115123125783e-17,0.9172455528551657,0.9713042578283486,1.2127930317418591e-09,-1.9153663396032636,11.998560378364209,1.9096301942032259,0.15763713779979935,-1.9153663396032636,0.8180792914854002,0.4211241147621805,0.7932029880109945,0.9425265713371581,0.7730823048033112,0.294990589857767,2.5074734286628417,0.40500941014223296,2.5,0.4,2.875,0.13043478260869565
0.25,0.6,0.15,0.85,2.0,1.5,0.5,0.375,1.2,0.8999999999999999,0.3,0.22499999999999998,ok,`gtol` termination condition is satisfied.,True,True,True,5,1.162622832669544e-14,7.850462293418876e-16,-2.220446049250313e-16,-7.494005416219807e-16,0.911566476154352,0.968798355920087,3.3345073705077506e-10,-1.8750556405482892,11.907606712742902,1.8951544687272677,0.15555035049208193,-1.8750556405482892,0.8225374829354433,0.4245142850981942,0.7955503658057452,0.9880767113752933,0.7730823048033113,0.2544243316399917,2.6119232886247064,0.3455756683600083,2.5,0.4,3.0,0.125
0.25,0.625,0.125,0.875,2.0,1.5,0.5,0.375,1.25,0.9375,0.25,0.1875,ok,`gtol` termination condition is satisfied.,True,True,True,5,6.9757369960172635e-15,8.95090418262362e-16,2.220446049250313e-16,-1.942890293094024e-16,0.9056384033403186,0.9661738717577038,2.4100816616416846e-09,-1.8366836705940746,11.820430947122693,1.8812800147109907,0.15353967815148906,-1.8366836705940746,0.8273091430848305,0.42813678120882903,0.798053634072134,1.0343018553380376,0.7730823048033113,0.2134081058046752,2.715698144661962,0.2865918941953248,2.5,0.4,3.125,0.12
0.25,0.65,0.1,0.9,2.0,1.5,0.5,0.375,1.3,0.9750000000000001,0.2,0.15000000000000002,ok,`gtol` termination condition is satisfied.,True,True,True,5,5.684341886080802e-14,6.753223014464259e-16,0.0,4.440892098500626e-16,0.8994412997340556,0.9634216862264307,1.0852940519791404e-09,-1.8001184201375398,11.73649425172303,1.8679210747313357,0.15160499381894493,-1.8001184201375398,0.8324205906170167,0.4320125872801741,0.8007267516767956,1.0812650231267102,0.7730823048033115,0.17190278121137964,2.81873497687329,0.22809721878862038,2.5,0.4,3.25,0.11538461538461538
0.25,0.675,0.075,0.925,2.0,1.5,0.5,0.375,1.35,1.0125000000000002,0.15,0.11249999999999999,ok,`gtol` termination condition is satisfied.,True,True,True,5,6.9757369960172635e-15,4.577566798522237e-16,-2.220446049250313e-16,5.551115123125783e-16,0.8929517043692186,0.9608538492825868,4.4937242582002154e-10,-1.7652372453648038,11.655297147733641,1.8549981542666778,0.1497459316306213,-1.7652372453648038,0.837902089042488,0.43616606364130445,0.8035861889991236,1.1290388813645327,0.7730823048033113,0.12986407344662892,2.920961118635468,0.17013592655337106,2.5,0.4,3.375,0.1111111111111111
0.25,0.7,0.05,0.95,2.0,1.5,0.5,0.375,1.4,1.0499999999999998,0.1,0.07500000000000001,ok,`gtol` termination condition is satisfied.,True,True,True,5,3.4878684980086318e-15,2.482534153247273e-16,-2.220446049250313e-16,1.6653345369377348e-16,0.886141946992582,0.9589066953658744,4.34662393583453e-10,-1.731925961245552,11.57636849660681,1.8424362692882668,0.14796200825436578,-1.731925961245552,0.8437887430228709,0.4406257280702394,0.8066515139323421,1.1777080345386324,0.7730823048033114,0.08724136211213383,3.022291965461367,0.11275863788786618,2.5,0.4,3.5,0.10714285714285715
0.25,0.725,0.025,0.975,2.0,1.5,0.5,0.375,1.45,1.0875,0.05,0.037500000000000006,ok,`gtol` termination condition is satisfied.,True,True,True,5,3.4878684980086318e-15,6.206335383118183e-16,0.0,-4.440892098500626e-16,0.8789791004236306,0.9568589646690613,7.014740926050083e-10,-1.7000779492153428,11.49925457190698,1.8301632069910727,0.14625273653891144,-1.7000779492153428,0.8501216918935228,0.44542529900411454,0.8099461797117002,1.2273720620762016,0.7730823048033114,0.04397614826283803,3.122627937923798,0.05602385173716198,2.5,0.4,3.625,0.10344827586206896
0.25,0.75,0.0,1.0,2.0,1.5,0.5,0.375,1.5,1.125,0.0,0.0,ok,`gtol` termination condition is satisfied.,True,True,True,4,1.3951473992034527e-14,1.0605390551611693e-15,-2.220446049250313e-16,-4.996003610813204e-16,0.8714235545312133,0.9546987922680429,9.51877906306439e-10,-1.6695932592751337,11.423507481807592,1.818107683176928,0.14461773923953994,-1.6695932592751337,0.8569497279593249,0.45060511381113866,0.8134986019934312,1.278149624648889,nan,nan,3.221850375351111,nan,2.5,0.4,3.75,0.09999999999999999
0.275,0.0,0.725,0.275,2.0,1.5,0.55,0.41250000000000003,0.0,0.0,1.45,1.0875,ok,`gtol` termination condition is satisfied.,True,True,True,4,8.252020833684584e-17,5.266250202865052e-16,-4.440892098500626e-16,5.689893001203927e-16,0.9800759120557277,0.9993371970255077,1.1097762555659843e-08,-1.0000000085730034,0.0,0.0,1.0,-1.0000000085730034,0.7760190244427697,0.4270935423137554,nan,nan,0.7730823048033114,1.1311101835820354,nan,1.7688898164179645,2.75,0.36363636363636365,0.0,nan
0.275,0.025,0.7,0.30000000000000004,2.0,1.5,0.55,0.41250000000000003,0.05,0.037500000000000006,1.4,1.0499999999999998,ok,`xtol` termination condition is satisfied.,True,True,True,5,9.591638369523738e-14,6.206335383118183e-16,-2.220446049250313e-16,-7.632783294297951e-16,0.9818285304464298,1.0000418751198237,9.92089888727644e-09,-1.3064035765406319,0.0,0.0,1.0,-1.3064035765406319,0.7751765410397755,0.42632924498365843,0.7751875550952081,0.03947672791412653,0.7730823048033112,1.09256738246232,0.1105232720858735,1.7074326175376797,2.75,0.36363636363636365,0.125,2.9999999999999996
0.275,0.05,0.675,0.325,2.0,1.5,0.55,0.41250000000000003,0.1,0.07500000000000001,1.35,1.0125000000000002,ok,`gtol` termination condition is satisfied.,True,True,True,5,1.743934249004316e-14,7.791361360319881e-16,-4.440892098500626e-16,1.1449174941446927e-16,0.9829152788043987,1.0002751342133875,4.3867947737967055e-09,-1.5913295855289697,0.0,0.0,1.0,-1.5913295855289697,0.7749002948095787,0.4260779335281853,0.7739681936081944,0.07874210629319305,0.7730823048033114,1.0546736370108742,0.22125789370680699,1.645326362989126,2.75,0.36363636363636365,0.25,1.4999999999999998
0.275,0.075,0.65,0.35000000000000003,2.0,1.5,0.55,0.41250000000000003,0.15,0.11249999999999999,1.3,0.9750000000000001,ok,`gtol` termination condition is satisfied.,True,True,True,5,3.170789543644211e-15,7.947987303456224e-16,4.440892098500626e-16,8.534839501805891e-16,0.9835348430291306,1.0001689755031573,4.584309766042798e-09,-1.8572297904956654,0.0,0.0,1.0,-1.8572297904956654,0.7750258547692881,0.42619220408098213,0.773285036851007,0.11793456668033421,0.7730823048033114,1.0171837438205604,0.33206543331966576,1.5828162561794397,2.75,0.36363636363636365,0.375,1.0
0.275,0.1,0.625,0.375,2.0,1.5,0.55,0.41250000000000003,0.2,0.15000000000000002,1.25,0.9375,ok,`gtol` termination condition is satisfied.,True,True,True,5,8.71967124502158e-14,4.718447854656915e-16,0.0,1.249000902703301e-16,0.9838117753835623,0.9998058493164059,3.583472544738362e-09,-2.1060524580307884,0.0,0.0,1.0,-2.1060524580307884,0.7754573971384944,0.42658439007711596,0.7729825189735103,0.15714032669961583,0.7730823048033113,0.9799415856541034,0.4428596733003842,1.5200584143458966,2.75,0.36363636363636365,0.5,0.7499999999999999
0.275,0.125,0.6,0.4,2.0,1.5,0.55,0.41250000000000003,0.25,0.1875,1.2,0.8999999999999999,ok,`gtol` termination condition is satisfied.,True,True,True,5,2.7902947984069054e-14,5.117875266520903e-16,-4.440892098500626e-16,-1.8041124150158794e-16,0.9838280667751848,0.9992397385412415,5.111180021257516e-09,-2.33938741304606,0.0,0.0,1.0,-2.33938741304606,0.7761364769358364,0.4271998458927299,0.7729647772231985,0.19641764738346024,0.7730823048033113,0.9428416153033432,0.5535823526165398,1.4571583846966567,2.75,0.36363636363636365,0.625,0.6
0.275,0.15,0.575,0.42500000000000004,2.0,1.5,0.55,0.41250000000000003,0.3,0.22499999999999998,1.15,0.8624999999999999,ok,`gtol` termination condition is satisfied.,True,True,True,5,1.9069327267655203e-16,6.206335383118183e-16,0.0,-6.938893903907228e-17,0.9814927448779202,0.998507272061285,2.0132251825159246e-09,-2.558563789423681,0.0,0.0,1.0,-2.558563789423681,0.7770264386154493,0.42800343392217877,0.7731701805406628,0.23580893648002837,0.7730823048033114,0.9058086829102227,0.6641910635199715,1.3941913170897773,2.75,0.36363636363636365,0.75,0.5
0.275,0.175,0.55,0.45,2.0,1.5,0.55,0.41250000000000003,0.35,0.26249999999999996,1.1,0.8250000000000001,ok,`gtol` termination condition is satisfied.,True,True,True,5,2.9896015697216847e-14,1.1410208772874278e-15,0.0,-8.187894806610529e-16,0.9788254159103166,0.9976339755740667,2.711401615308507e-09,-2.7647174175390568,0.0,0.0,1.0,-2.7647174175390568,0.7781040652005043,0.42897219455063035,0.7735578182903119,0.2753472528936858,0.7730823048033115,0.8687867330179322,0.774652747106314,1.331213266982068,2.75,0.36363636363636365,0.875,0.4285714285714286
0.275,0.2,0.525,0.47500000000000003,2.0,1.5,0.55,0.41250000000000003,0.4,0.30000000000000004,1.05,0.7875000000000001,ok,`gtol` termination condition is satisfied.,True,True,True,5,6.975736996017264e-14,5.551115123125783e-16,0.0,-6.938893903907228e-17,0.9759589745905242,0.9966379750937313,4.1002319890419986e-10,-2.9549040493141687,14.585914550562519,2.321420400238026,0.19855268832086173,-2.9549040493141687,0.7793548458082814,0.4300911423270238,0.7740999104008546,0.3150600276547635,0.7730823048033114,0.8317321129036712,0.8849399723452367,1.2682678870963289,2.75,0.36363636363636365,1.0,0.37499999999999994
0.275,0.225,0.5,0.5,2.0,1.5,0.55,0.41250000000000003,0.45,0.3375,1.0,0.75,ok,`gtol` termination condition is satisfied.,True,True,True,5,2.7755575615628914e-15,6.661338147750939e-16,0.0,4.163336342344337e-17,0.9729085550942231,0.9955322862781116,3.7526542797697094e-10,-2.8638989079584647,14.27443199790586,2.271846412295837,0.19671132793308893,-2.8638989079584647,0.7807701693494403,0.43135074478360874,0.7747773383740111,0.3549713142219067,0.7730823048033112,0.7946094221860766,0.9950286857780934,1.2053905778139233,2.75,0.36363636363636365,1.125,0.3333333333333333
0.275,0.25,0.475,0.525,2.0,1.5,0.55,0.41250000000000003,0.5,0.375,0.95,0.7124999999999999,ok,`gtol` termination condition is satisfied.,True,True,True,5,3.170789543644211e-15,7.021666937153402e-16,0.0,-5.551115123125783e-17,0.9696844727611715,0.9943262797345704,6.91820898518956e-10,-2.7779953702713307,13.99722360420601,2.2277273261719417,0.19467064952287166,-2.7779953702713307,0.7823455992299195,0.4327453556706951,0.7755769095149135,0.3951032230870902,0.7730823048033114,0.7573888313090806,1.1048967769129097,1.1426111686909193,2.75,0.36363636363636365,1.25,0.3
0.275,0.275,0.45,0.55,2.0,1.5,0.55,0.41250000000000003,0.55,0.41250000000000003,0.9,0.675,ok,`gtol` termination condition is satisfied.,True,True,True,5,5.684341886080802e-14,7.791361360319881e-16,-2.220446049250313e-16,-1.3877787807814457e-17,0.9662934499772663,0.9930266459198096,3.5290939286968967e-09,-2.6968581063721713,13.748744686954437,2.1881806782372317,0.19248496579814442,-2.6968581063721713,0.7840797831229539,0.4342722146374803,0.7764896278207247,0.4354768867691489,0.7730823048033114,0.7200442829653347,1.2145231132308512,1.0799557170346654,2.75,0.36363636363636365,1.375,0.2727272727272727
0.275,0.3,0.425,0.575,2.0,1.5,0.55,0.41250000000000003,0.6,0.44999999999999996,0.85,0.6375,ok,`gtol` termination condition is satisfied.,True,True,True,5,1.162622832669544e-14,5.117875266520903e-16,0.0,5.551115123125783e-16,0.9627394347905125,0.9916380449420973,2.3930775725165943e-09,-2.620175824403532,13.524569131186166,2.1525020304163385,0.19019803452455247,-2.620175824403532,0.785973751473401,0.43593079704360493,0.7775095729528638,0.4761131475944587,0.7730823048033114,0.6825522413816993,1.3238868524055412,1.0174477586183006,2.75,0.36363636363636365,1.5,0.25
0.275,0.325,0.4,0.6000000000000001,2.0,1.5,0.55,0.41250000000000003,0.65,0.48750000000000004,0.8,0.6000000000000001,ok,`gtol` termination condition is satisfied.,True,True,True,5,5.684341886080802e-14,4.440892098500626e-16,-2.220446049250313e-16,-4.163336342344337e-16,0.9590241533152367,0.9901635513293363,1.9613388475510795e-09,-2.5476587115433893,13.321113416577047,2.1201210477360033,0.18784517999826653,-2.5476587115433893,0.7880304633520945,0.437722388651624,0.7786331598080455,0.5170330804426894,0.7730823048033114,0.6448907899813405,1.4329669195573107,0.9551092100186596,2.75,0.36363636363636365,1.625,0.23076923076923075
0.275,0.35,0.375,0.625,2.0,1.5,0.55,0.41250000000000003,0.7,0.5249999999999999,0.75,0.5625,ok,`gtol` termination condition is satisfied.,True,True,True,5,9.965338565738948e-15,5.4672143489065705e-16,-4.440892098500626e-16,-4.163336342344337e-16,0.9551474820570678,0.9886049611687981,1.8445292360053721e-09,-2.4790364205774367,13.13543989489144,2.090570188958459,0.1854549243103242,-2.4790364205774367,0.7902545159751905,0.4396498104485465,0.7798586444302436,0.5582584191260463,0.7730823048033112,0.6070389541872248,1.5417415808739534,0.8929610458127752,2.75,0.36363636363636365,1.75,0.2142857142857143
0.275,0.375,0.35,0.65,2.0,1.5,0.55,0.41250000000000003,0.75,0.5625,0.7,0.5249999999999999,ok,`gtol` termination condition is satisfied.,True,True,True,5,5.684341886080802e-14,6.753223014464259e-16,-2.220446049250313e-16,-3.608224830031759e-16,0.9511076939195585,0.986963003935133,4.725158828855859e-09,-2.414056462471877,12.965113568123073,2.0634619121145876,0.1830502662374608,-2.414056462471877,0.7926519672336826,0.44171724800251816,0.781185794819221,0.5998119308259177,0.7730823048033112,0.5689761704399451,1.6501880691740825,0.8310238295600548,2.75,0.36363636363636365,1.875,0.19999999999999998
0.275,0.4,0.325,0.675,2.0,1.5,0.55,0.41250000000000003,0.8,0.6000000000000001,0.65,0.48750000000000004,ok,`gtol` termination condition is satisfied.,True,True,True,5,9.512368630932632e-15,4.619448428525918e-16,-2.220446049250313e-16,-2.7755575615628914e-16,0.946901611866193,0.9852374860538131,4.158357658310071e-15,-2.352482877556833,12.808095809810837,2.038471759725987,0.18064969915076745,-2.352482877556833,0.7952302402462365,0.4439301572733103,0.7826156762040065,0.6417177693704756,0.7730823048033113,0.5306818489112058,1.7582822306295247,0.7693181510887942,2.75,0.36363636363636365,2.0,0.18749999999999997
0.275,0.425,0.3,0.7,2.0,1.5,0.55,0.41250000000000003,0.85,0.6375,0.6,0.44999999999999996,ok,`gtol` termination condition is satisfied.,True,True,True,5,5.684341886080802e-14,5.551115123125783e-16,-2.220446049250313e-16,-5.273559366969494e-16,0.9425246916457928,0.9834273836335734,1.7884842922141734e-09,-2.2940951106768526,12.662664145574904,2.0153255914807575,0.17826803194897659,-2.2940951106768526,0.7979980911635729,0.44629522976909447,0.7841505192128019,0.6840018306496867,0.7730823048033113,0.49213499337830025,1.8659981693503132,0.7078650066216997,2.75,0.36363636363636365,2.125,0.17647058823529413
0.275,0.45,0.275,0.7250000000000001,2.0,1.5,0.55,0.41250000000000003,0.9,0.675,0.55,0.41250000000000003,ok,`gtol` termination condition is satisfied.,True,True,True,5,6.341579087288422e-15,4.47545209131181e-16,-4.440892098500626e-16,-6.938893903907228e-17,0.9379710466412032,0.9815308955196471,2.1281546452176732e-10,-2.2386870180053546,12.52735071515913,1.9937897901633659,0.17591705755088743,-2.2386870180053546,0.8009656294364812,0.4488204071832466,0.7857936512883116,0.7266921298011146,0.7730823048033112,0.45331385138636243,1.9733078701988855,0.6466861486136377,2.75,0.36363636363636365,2.25,0.16666666666666666
0.275,0.475,0.25,0.75,2.0,1.5,0.55,0.41250000000000003,0.95,0.7124999999999999,0.5,0.375,ok,`gtol` termination condition is satisfied.,True,True,True,5,1.468576209687845e-14,4.577566798522237e-16,-2.220446049250313e-16,0.0,0.9332334220147647,0.9795454635222334,1.218251432255831e-09,-2.186065963376129,12.400894378592183,1.9736636391134437,0.17360610133599336,-2.186065963376129,0.8041443853501898,0.4515149407688168,0.7875494795850255,0.7698192187620044,0.7730823048033113,0.4141955734580841,2.080180781237995,0.5858044265419159,2.75,0.36363636363636365,2.375,0.15789473684210525
0.275,0.5,0.225,0.775,2.0,1.5,0.55,0.41250000000000003,1.0,0.75,0.45,0.3375,ok,`gtol` termination condition is satisfied.,True,True,True,5,1.3951473992034527e-14,3.477763656540197e-16,-4.440892098500626e-16,5.551115123125783e-17,0.9283031208154101,0.977467763545136,1.3589272009701053e-09,-2.136051976043182,12.282202896742847,1.9547733030742198,0.17134247420147114,-2.136051976043182,0.8075474239375173,0.45438949470288614,0.7894235191480954,0.8134166638232976,0.7730823048033112,0.37475586299430985,2.186583336176702,0.5252441370056902,2.75,0.36363636363636365,2.5,0.15
0.275,0.525,0.2,0.8,2.0,1.5,0.55,0.41250000000000003,1.05,0.7875000000000001,0.4,0.30000000000000004,ok,`gtol` termination condition is satisfied.,True,True,True,5,3.321779521912983e-14,5.661048867003676e-16,2.220446049250313e-16,-2.220446049250313e-16,0.9231698808548776,0.9752936688517575,1.4877821401623098e-09,-2.0884769501353624,12.17032265362494,1.936967009347682,0.16913184870626327,-2.0884769501353624,0.8111895081485797,0.4574562962220288,0.7914224644694938,0.857521605820258,0.7730823048033114,0.3349685993167015,2.292478394179742,0.46503140068329857,2.75,0.36363636363636365,2.625,0.14285714285714285
0.275,0.55,0.175,0.8250000000000001,2.0,1.5,0.55,0.41250000000000003,1.1,0.8250000000000001,0.35,0.26249999999999996,ok,`gtol` termination condition is satisfied.,True,True,True,5,9.512368630932632e-15,2.482534153247273e-16,2.220446049250313e-16,9.43689570931383e-16,0.9178216974001634,0.9730181844860001,3.569376164851104e-10,-2.043183871202908,12.064414052723473,1.9201111319982669,0.16697857291887253,-2.043183871202908,0.8150873179385121,0.46072933888999884,0.7935543062645177,0.9021754307785864,0.7730823048033111,0.2948054153084469,2.397824569221414,0.40519458469155306,2.75,0.36363636363636365,2.75,0.13636363636363635
0.275,0.575,0.15,0.85,2.0,1.5,0.55,0.41250000000000003,1.15,0.8624999999999999,0.3,0.22499999999999998,ok,`gtol` termination condition is satisfied.,True,True,True,5,1.2683158174576843e-14,4.002966042486721e-16,-4.440892098500626e-16,1.1102230246251565e-16,0.9122445825585014,0.9706353496058848,6.862059545734753e-10,-2.000026069334754,11.963731211171142,1.9040869600806754,0.16488593421542774,-2.000026069334754,0.8192597362597671,0.4642246494791581,0.7958284990761404,0.9474245867901513,0.7730823048033113,0.25423520827115487,2.5025754132098483,0.3457647917288451,2.75,0.36363636363636365,2.875,0.13043478260869565
0.275,0.6,0.125,0.875,2.0,1.5,0.55,0.41250000000000003,1.2,0.8999999999999999,0.25,0.1875,ok,`gtol` termination condition is satisfied.,True,True,True,5,5.684341886080802e-14,6.473657049138938e-16,-2.220446049250313e-16,-2.220446049250313e-16,0.9064222470819827,0.9681381018784592,1.6514813513065578e-09,-1.958866482799914,11.867604879430052,1.8887879792227895,0.16285638208413156,-1.958866482799914,0.8237282184097836,0.4679606341764012,0.7982561896410022,0.9933215946693915,0.7730823048033112,0.21322355758921166,2.6066784053306082,0.28677644241078837,2.75,0.36363636363636365,3.0,0.125
0.275,0.625,0.1,0.9,2.0,1.5,0.55,0.41250000000000003,1.25,0.9375,0.2,0.15000000000000002,ok,`gtol` termination condition is satisfied.,True,True,True,5,5.684341886080802e-14,5.661048867003676e-16,-4.440892098500626e-16,-6.106226635438361e-16,0.9003356834417631,0.9655180947493687,1.5921103295400026e-10,-1.919576941234871,11.775427746001395,1.8741175327975774,0.1608917192757718,-1.919576941234871,0.8285172685907032,0.47195852693281154,0.8008505214846986,1.0399263172790407,0.7730823048033114,0.17173201485206205,2.7100736827209593,0.22826798514793797,2.75,0.36363636363636365,3.125,0.12
0.275,0.65,0.075,0.925,2.0,1.5,0.55,0.41250000000000003,1.3,0.9750000000000001,0.15,0.11249999999999999,ok,`gtol` termination condition is satisfied.,True,True,True,5,5.684341886080802e-14,4.440892098500626e-16,0.0,-4.440892098500626e-16,0.8939626193113794,0.9627654538096039,1.3830815148208672e-09,-1.8820374504739066,11.686641417671714,1.8599867497649287,0.1589932676923435,-1.8820374504739066,0.8336550580802484,0.47624297291706885,0.8036270388536078,1.087307578153284,0.7730823048033114,0.1297172199547031,2.8126924218467164,0.1702827800452969,2.75,0.36363636363636365,3.25,0.11538461538461538
0.275,0.675,0.05,0.9500000000000001,2.0,1.5,0.55,0.41250000000000003,1.35,1.0125000000000002,0.1,0.07500000000000001,ok,`gtol` termination condition is satisfied.,True,True,True,5,3.100327553785451e-14,1.5895974606912448e-15,-4.440892098500626e-16,-1.1102230246251565e-15,0.8872767963080791,0.9598684518168352,1.4851753053950957e-09,-1.8461354817107656,11.600724434581414,1.8463126372105647,0.15716201674039745,-1.8461354817107656,0.8391742349892134,0.48084279504181565,0.8066042242182198,1.1355452588803556,0.7730823048033114,0.08712977821803454,2.914454741119645,0.11287022178196547,2.75,0.36363636363636365,3.375,0.1111111111111111
0.275,0.7,0.025,0.975,2.0,1.5,0.55,0.41250000000000003,1.4,1.0499999999999998,0.05,0.037500000000000006,ok,`gtol` termination condition is satisfied.,True,True,True,5,1.9930677131477896e-14,4.965068306494546e-16,4.440892098500626e-16,5.551115123125783e-17,0.8802470070728065,0.9569462882157347,1.2932429352031844e-09,-1.8117652481395905,11.51718068951875,1.8330162372194325,0.1553987605476279,-1.8117652481395905,0.8451129993435263,0.4857920144659043,0.8098042204691489,1.1847330645596488,0.7730823048033114,0.043912805075823944,3.0152669354403505,0.05608719492417606,2.75,0.36363636363636365,3.5,0.10714285714285715
0.275,0.725,0.0,1.0,2.0,1.5,0.55,0.41250000000000003,1.45,1.0875,0.0,0.0,ok,`gtol` termination condition is satisfied.,True,True,True,4,1.5853947718221055e-14,7.771561172376096e-16,-4.440892098500626e-16,8.881784197001252e-16,0.8728357895215428,0.9548461451631091,6.958672286724742e-10,-1.7788269545499218,11.435527531539648,1.8200207335079952,0.15370423200990196,-1.7788269545499218,0.8515165546207807,0.4911312321184031,0.8132538154792887,1.2349822412945195,nan,nan,3.11501775870548,nan,2.75,0.36363636363636365,3.625,0.10344827586206896
0.3,0.0,0.7,0.3,2.0,1.5,0.6,0.44999999999999996,0.0,0.0,1.4,1.0499999999999998,ok,`gtol` termination condition is satisfied.,True,True,True,4,5.684341886080802e-14,5.721958498152797e-16,-4.440892098500626e-16,4.718447854656915e-16,0.9770693413228554,0.9977781619118152,8.719670276373002e-09,-0.9999999887555736,0.0,0.0,1.0,-0.9999999887555736,0.7779249093284258,0.46779430880980516,nan,nan,0.7730823048033112,1.0968740805439499,nan,1.70312591945605,3.0,0.33333333333333337,0.0,nan
0.3,0.025,0.675,0.325,2.0,1.5,0.6,0.44999999999999996,0.05,0.037500000000000006,1.35,1.0125000000000002,ok,`gtol` termination condition is satisfied.,True,True,True,5,1.3951473992034528e-13,4.002966042486721e-16,-4.440892098500626e-16,-8.673617379884035e-16,0.9789460786165531,0.9985219243050723,1.5041838771244857e-09,-1.2817834442497766,0.0,0.0,1.0,-1.2817834442497766,0.7770085112275885,0.466895213203267,0.7785497827195951,0.0397646918316401,0.7730823048033114,1.0581085791892166,0.11023530816835991,1.6418914208107835,3.0,0.33333333333333337,0.125,2.9999999999999996
0.3,0.05,0.65,0.35,2.0,1.5,0.6,0.44999999999999996,0.1,0.07500000000000001,1.3,0.9750000000000001,ok,`xtol` termination condition is satisfied.,True,True,True,5,1.743934249004316e-14,9.159339953157541e-16,2.220446049250313e-16,-3.469446951953614e-16,0.9801550600003084,0.9988058324077745,1.1621431862737501e-08,-1.5454132669751062,0.0,0.0,1.0,-1.5454132669751062,0.7766621450255831,0.4665544311970946,0.7771171362822966,0.07928512211956057,0.7730823048033116,1.0199735841592112,0.22071487788043948,1.5800264158407888,3.0,0.33333333333333337,0.25,1.4999999999999998
0.3,0.075,0.625,0.375,2.0,1.5,0.6,0.44999999999999996,0.15,0.11249999999999999,1.25,0.9375,ok,`gtol` termination condition is satisfied.,True,True,True,5,1.162622832669544e-14,3.1031676915590914e-16,0.0,2.7755575615628914e-16,0.9808880473209697,0.9987536394477081,1.0430771676573412e-08,-1.7928395154492336,0.0,0.0,1.0,-1.7928395154492336,0.7767256769489624,0.4666169791652386,0.7762642775957657,0.1187083907866838,0.7730823048033113,0.9822357119875275,0.33129160921331613,1.5177642880124727,3.0,0.33333333333333337,0.375,1.0
0.3,0.1,0.6,0.4,2.0,1.5,0.6,0.44999999999999996,0.2,0.15000000000000002,1.2,0.8999999999999999,ok,`gtol` termination condition is satisfied.,True,True,True,5,1.743934249004316e-14,5.273559366969494e-16,0.0,6.522560269672795e-16,0.9812675665333171,0.9984441165374158,1.5701742707203647e-09,-2.0256290429284585,0.0,0.0,1.0,-2.0256290429284585,0.7771037690129182,0.4669888416236445,0.7758273959334209,0.15812759381710986,0.7730823048033112,0.944743406178931,0.44187240618289025,1.4552565938210689,3.0,0.33333333333333337,0.5,0.7499999999999999
0.3,0.125,0.575,0.425,2.0,1.5,0.6,0.44999999999999996,0.25,0.1875,1.15,0.8624999999999999,ok,`gtol` termination condition is satisfied.,True,True,True,4,6.975736996017264e-14,5.003707553108401e-16,0.0,-1.5265566588595902e-16,0.9797795409932711,0.9979296207403798,3.0250025335972452e-09,-2.2450701409639473,0.0,0.0,1.0,-2.2450701409639473,0.7777372412713861,0.4676104757934956,0.7757037175100865,0.1976062434341647,0.7730823048033113,0.9073925442681944,0.5523937565658353,1.3926074557318056,3.0,0.33333333333333337,0.625,0.6
0.3,0.15,0.55,0.44999999999999996,2.0,1.5,0.6,0.44999999999999996,0.3,0.22499999999999998,1.1,0.8250000000000001,ok,`gtol` termination condition is satisfied.,True,True,True,5,1.162622832669544e-14,3.3306690738754696e-16,0.0,-5.134781488891349e-16,0.9773390678151972,0.997246118088111,1.2229588750981108e-09,-2.4522448922774376,0.0,0.0,1.0,-2.4522448922774376,0.7785883982069417,0.4684430758374635,0.77582618305928,0.23719076429164068,0.7730823048033115,0.8701079935182137,0.6628092357083593,1.3298920064817865,3.0,0.33333333333333337,0.75,0.5
0.3,0.175,0.525,0.475,2.0,1.5,0.6,0.44999999999999996,0.35,0.26249999999999996,1.05,0.7875000000000001,ok,`gtol` termination condition is satisfied.,True,True,True,5,1.9930677131477896e-14,4.718447854656915e-16,0.0,3.885780586188048e-16,0.9746688076744691,0.9964189308146036,5.72631064081105e-09,-2.648080266324639,0.0,0.0,1.0,-2.648080266324639,0.7796330028516244,0.46946097393849195,0.7761497110981536,0.2769173449214579,0.7730823048033113,0.8328330748372423,0.7730826550785419,1.2671669251627578,3.0,0.33333333333333337,0.875,0.4285714285714286
0.3,0.2,0.5,0.5,2.0,1.5,0.6,0.44999999999999996,0.4,0.30000000000000004,1.0,0.75,ok,`gtol` termination condition is satisfied.,True,True,True,5,2.6159013735064738e-14,5.79553433516819e-16,-4.440892098500626e-16,-8.049116928532385e-16,0.9717909955800282,0.995466197228492,2.0030164236975413e-09,-2.8333846958010955,0.0,0.0,1.0,-2.8333846958010955,0.780855650590995,0.470647211988714,0.7766433382872832,0.3168159211235088,0.7730823048033112,0.7955232229147022,0.8831840788764913,1.2044767770852978,3.0,0.33333333333333337,1.0,0.37499999999999994
0.3,0.225,0.475,0.525,2.0,1.5,0.6,0.44999999999999996,0.45,0.3375,0.95,0.7124999999999999,ok,`gtol` termination condition is satisfied.,True,True,True,5,1.5501637768927254e-14,6.206335383118183e-16,-4.440892098500626e-16,-7.147060721024445e-16,0.9687211514955371,0.994401039208138,3.6734871539439e-10,-2.9301638110036032,14.322680964640787,2.2795254738507773,0.20043067388019437,-2.9301638110036032,0.7822469872374023,0.4719908506091194,0.7772855202155208,0.35691261690256454,0.7730823048033114,0.7581419982719655,0.9930873830974356,1.1418580017280344,3.0,0.33333333333333337,1.125,0.3333333333333333
0.3,0.25,0.45,0.55,2.0,1.5,0.6,0.44999999999999996,0.5,0.375,0.9,0.675,ok,`gtol` termination condition is satisfied.,True,True,True,5,3.487868498008632e-14,6.061909215660398e-16,-4.440892098500626e-16,-2.0816681711721685e-16,0.9654699077727945,0.9932329652329899,3.391819649027646e-09,-2.8474056362694,14.039587198694447,2.234469701641917,0.19876591086816472,-2.8474056362694,0.7838019788329863,0.4734852786420298,0.7780612173408143,0.39723131730242783,0.7730823048033112,0.720658478033805,1.1027686826975722,1.079341521966195,3.0,0.33333333333333337,1.25,0.3
0.3,0.275,0.425,0.575,2.0,1.5,0.6,0.44999999999999996,0.55,0.41250000000000003,0.85,0.6375,ok,`gtol` termination condition is satisfied.,True,True,True,5,1.2683158174576843e-14,6.938893903907228e-16,-2.220446049250313e-16,-7.771561172376096e-16,0.9620442171122697,0.9919688030377274,1.5623867073460402e-17,-2.7688767782475088,13.784892923220704,2.193933848723062,0.19692975090385031,-2.7688767782475088,0.7855188079450153,0.47512712428425413,0.7789600328669407,0.43779473536089053,0.7730823048033113,0.683045485222359,1.2122052646391097,1.016954514777641,3.0,0.33333333333333337,1.375,0.2727272727272727
0.3,0.3,0.4,0.6,2.0,1.5,0.6,0.44999999999999996,0.6,0.44999999999999996,0.8,0.6000000000000001,ok,`gtol` termination condition is satisfied.,True,True,True,5,5.684341886080802e-14,5.828670879282072e-16,0.0,-2.7755575615628914e-16,0.9584481646420272,0.9906133325785411,5.881743528759317e-10,-2.694325246979898,13.554333110305368,2.1572391148192436,0.1949650801982959,-2.694325246979898,0.7873981582003377,0.4769155425058294,0.7799749940864407,0.478625177430037,0.7730823048033114,0.6452783433245357,1.3213748225699629,0.9547216566754644,3.0,0.33333333333333337,1.5,0.25
0.3,0.325,0.375,0.625,2.0,1.5,0.6,0.44999999999999996,0.65,0.48750000000000004,0.75,0.5625,ok,`gtol` termination condition is satisfied.,True,True,True,5,5.684341886080802e-14,2.618455766672135e-16,0.0,8.049116928532385e-16,0.9546835182200039,0.9891697218702312,5.51510948039666e-10,-2.6235151207656355,13.344438667159967,2.1238333766651323,0.19290715326458852,-2.6235151207656355,0.7894427486863405,0.47885174681271153,0.7811017409608145,0.5197451274595732,0.7730823048033114,0.607333967264393,1.430254872540427,0.892666032735607,3.0,0.33333333333333337,1.625,0.23076923076923075
0.30000000000000004,0.35000000000000003,0.35000000000000003,0.6500000000000001,2.0,1.5,0.6,0.44999999999999996,0.7,0.5249999999999999,0.7,0.5249999999999999,ok,`gtol` termination condition is satisfied.,True,True,True,5,1.9930677131477896e-14,7.575797802392804e-16,-2.220446049250313e-16,-2.7755575615628914e-17,0.950750099592566,0.9876398291171237,1.5574970285502318e-09,-2.5562249749681776,13.152353115347344,2.093262011597619,0.19078501138274198,-2.5562249749681776,0.7916570355247532,0.480938705904015,0.7823379809380335,0.5611777249399428,0.7730823048033112,0.5691901726796823,1.5388222750600569,0.8308098273203176,3.0,0.33333333333333337,1.75,0.2142857142857143
0.3,0.375,0.325,0.675,2.0,1.5,0.6,0.44999999999999996,0.75,0.5625,0.65,0.48750000000000004,ok,`gtol` termination condition is satisfied.,True,True,True,5,5.684341886080802e-14,6.497413668604471e-16,-2.220446049250313e-16,7.91033905045424e-16,0.9466460283168273,0.9860244112628411,1.22598658228738e-09,-2.492246630102592,12.975698473623119,2.065146552147081,0.18862259609938775,-2.492246630102592,0.7940470302132638,0.48318095646108555,0.7836831236596796,0.6029471853985785,0.7730823048033114,0.5308251269121393,1.6470528146014214,0.7691748730878607,3.0,0.33333333333333337,1.875,0.19999999999999998
0.3,0.4,0.3,0.7,2.0,1.5,0.6,0.44999999999999996,0.8,0.6000000000000001,0.6,0.44999999999999996,ok,`gtol` termination condition is satisfied.,True,True,True,5,1.743934249004316e-14,6.661338147750939e-16,-2.220446049250313e-16,-1.249000902703301e-16,0.94236787132999,0.9843232647376394,4.646500786126973e-10,-2.431384135237063,12.812475323177377,2.039168780926609,0.18643963797070756,-2.431384135237063,0.7966202038032968,0.485584501966817,0.7851380416878364,0.6450791977574407,0.7730823048033113,0.4922168900212432,1.7549208022425598,0.7077831099787568,3.0,0.33333333333333337,2.0,0.18749999999999997
0.3,0.425,0.275,0.725,2.0,1.5,0.6,0.44999999999999996,0.85,0.6375,0.55,0.41250000000000003,ok,`gtol` termination condition is satisfied.,True,True,True,5,2.603225187609235e-16,5.578801654593729e-16,0.0,-2.498001805406602e-16,0.9379107187902753,0.9825353150375025,2.2073607234310796e-10,-2.37345292985712,12.660987078985622,2.0150586780431787,0.1842523767553817,-2.37345292985712,0.7993854582477854,0.4881567793116567,0.7867049233668744,0.6876013248843479,0.7730823048033114,0.45334300922612497,1.862398675115652,0.6466569907738751,3.0,0.33333333333333337,2.125,0.17647058823529413
0.3,0.45,0.25,0.75,2.0,1.5,0.6,0.44999999999999996,0.9,0.675,0.5,0.375,ok,`gtol` termination condition is satisfied.,True,True,True,5,8.71967124502158e-15,8.95090418262362e-16,2.220446049250313e-16,6.106226635438361e-16,0.9332681985162994,0.9806586657060509,3.78435754263254e-09,-2.3182791310996587,12.51978170239764,1.9925851443680491,0.18207415209899816,-2.3182791310996587,0.8023531544117328,0.4909066829083028,0.7883871967187722,0.7305434298820426,0.7730823048033114,0.4141801392313324,1.9694565701179576,0.5858198607686675,3.0,0.33333333333333337,2.25,0.16666666666666666
0.30000000000000004,0.47500000000000003,0.22500000000000003,0.7750000000000001,2.0,1.5,0.6,0.44999999999999996,0.9499999999999998,0.7124999999999999,0.44999999999999996,0.33749999999999997,ok,`gtol` termination condition is satisfied.,True,True,True,5,5.684341886080802e-14,4.718447854656915e-16,-4.440892098500626e-16,-7.494005416219807e-16,0.9284324353460165,0.9786906130609088,2.609172876519736e-09,-2.2656989020182454,12.387606165919813,1.9715487543817796,0.17991589263461452,-2.2656989020182454,0.8055351920909205,0.4938446418147803,0.7901895118584876,0.7739381498226319,0.7730823048033114,0.3747036660043404,2.0760618501773678,0.5252963339956596,3.0,0.33333333333333337,2.3749999999999996,0.15789473684210528
0.3,0.5,0.2,0.8,2.0,1.5,0.6,0.44999999999999996,1.0,0.75,0.4,0.30000000000000004,ok,`gtol` termination condition is satisfied.,True,True,True,5,6.9757369960172635e-15,7.216449660063518e-16,-2.220446049250313e-16,-1.1657341758564144e-15,0.9233939569644942,0.9766276298393101,9.599790333225641e-10,-2.2155578774935516,12.263370363989832,1.9517760123956376,0.17778652479224838,-2.2155578774935516,0.8089451420470222,0.49698275002528175,0.792117775595358,0.8178214402203818,0.7730823048033114,0.33488731390215826,2.182178559779618,0.4651126860978418,3.0,0.33333333333333337,2.5,0.15
0.3,0.525,0.175,0.825,2.0,1.5,0.6,0.44999999999999996,1.05,0.7875000000000001,0.35,0.26249999999999996,ok,`gtol` termination condition is satisfied.,True,True,True,5,2.90655708167386e-15,6.753223014464259e-16,2.220446049250313e-16,-5.551115123125783e-17,0.9181415434708796,0.9744653183204175,5.520281920967496e-10,-2.167710625216134,12.1461180888758,1.9331147332224687,0.17569331708018981,-2.167710625216134,0.8125984343106079,0.5003349543796166,0.7941792367920179,0.8622332174969767,0.7730823048033114,0.29470271616104127,2.2877667825030237,0.4052972838389587,3.0,0.33333333333333337,2.625,0.14285714285714285
0.3,0.55,0.15,0.8500000000000001,2.0,1.5,0.6,0.44999999999999996,1.1,0.8250000000000001,0.3,0.22499999999999998,ok,`gtol` termination condition is satisfied.,True,True,True,5,5.81311416334772e-15,3.510833468576701e-16,-2.220446049250313e-16,-2.7755575615628914e-16,0.9126620135637002,0.9721983310301471,1.2366468375292597e-09,-2.1220201229464677,12.035003315557391,1.9154302677983084,0.17364217203882182,-2.1220201229464677,0.8165126114528825,0.5039173090871494,0.7963826254849266,0.9072181334034634,0.7730823048033113,0.25411892682526543,2.392781866596537,0.34588107317473454,3.0,0.33333333333333337,2.75,0.13636363636363635
0.3,0.575,0.125,0.875,2.0,1.5,0.6,0.44999999999999996,1.15,0.8624999999999999,0.25,0.1875,ok,`gtol` termination condition is satisfied.,True,True,True,5,8.71967124502158e-15,4.440892098500626e-16,0.0,-5.551115123125783e-17,0.9069399351169329,0.9698202545061775,5.09641217800872e-10,-2.078357247165984,11.92927048734123,1.89860236554062,0.17163787621099016,-2.078357247165984,0.8207076608094623,0.5077483112954936,0.7987383533987419,0.9528265256629345,0.7730823048033113,0.21310184800265655,2.4971734743370653,0.2868981519973435,3.0,0.33333333333333337,2.875,0.13043478260869565
0.30000000000000004,0.6000000000000001,0.10000000000000002,0.9000000000000001,2.0,1.5,0.6,0.44999999999999996,1.2,0.8999999999999999,0.19999999999999998,0.15,ok,`gtol` termination condition is satisfied.,True,True,True,5,1.162622832669544e-14,6.206335383118183e-16,0.0,1.3877787807814457e-16,0.9009572413661068,0.967323448422054,4.74437285926128e-09,-2.0366002597670736,11.828237770933933,1.8825225093103972,0.16968431623303826,-2.0366002597670736,0.8252064465223222,0.5118493392474501,0.8012587890013222,0.9991156044663105,0.7730823048033112,0.17161353931316412,2.600884395533689,0.22838646068683585,3.0,0.33333333333333337,3.0,0.125
0.3,0.625,0.075,0.925,2.0,1.5,0.6,0.44999999999999996,1.25,0.9375,0.15,0.11249999999999999,ok,`gtol` termination condition is satisfied.,True,True,True,5,5.684341886080802e-14,3.510833468576701e-16,-2.220446049250313e-16,-4.440892098500626e-16,0.8946927248999935,0.9646988281497247,7.888241509905988e-10,-1.9966342868676283,11.731282454494844,1.8670915914400772,0.16778466843889933,-1.9966342868676283,0.8300352718327596,0.5162452244861243,0.8039586275201434,1.0461509573499832,0.7730823048033113,0.1296113654366181,2.703849042650017,0.17038863456338188,3.0,0.33333333333333337,3.125,0.12
0.3,0.65,0.05,0.95,2.0,1.5,0.6,0.44999999999999996,1.3,0.9750000000000001,0.1,0.07500000000000001,ok,`gtol` termination condition is satisfied.,True,True,True,5,1.6097854606193685e-14,6.497413668604471e-16,-2.220446049250313e-16,-1.1102230246251565e-16,0.8881213685851546,0.961935572852336,7.616716911401027e-10,-1.958350784245389,11.637827768971189,1.852217816283889,0.16594156901427032,-1.958350784245389,0.8352246159815907,0.5209650040313898,0.8068553866481089,1.0940084894831061,0.7730823048033115,0.08704692085439751,2.805991510516894,0.1129530791456025,3.0,0.33333333333333337,3.25,0.11538461538461538
0.3,0.675,0.025,0.9750000000000001,2.0,1.5,0.6,0.44999999999999996,1.35,1.0125000000000002,0.05,0.037500000000000006,ok,`gtol` termination condition is satisfied.,True,True,True,5,2.066885035856967e-14,6.106226635438361e-16,-4.440892098500626e-16,2.220446049250313e-16,0.8812134528693684,0.9590207322761432,8.835805496077237e-10,-1.9216469717939173,11.547330449578338,1.8378147205659505,0.16415727098879324,-1.9216469717939173,0.840810111087718,0.5260429203186064,0.8099700740402147,1.1427769693529803,0.7730823048033114,0.043864644955545956,2.90722303064702,0.05613535504445405,3.0,0.33333333333333337,3.375,0.1111111111111111
0.3,0.7,0.0,1.0,2.0,1.5,0.6,0.44999999999999996,1.4,1.0499999999999998,0.0,0.0,ok,`gtol` termination condition is satisfied.,True,True,True,5,5.81311416334772e-15,4.965068306494546e-16,0.0,-2.220446049250313e-16,0.8739333482329606,0.9559386915730497,1.2826745766534874e-09,-1.8864252265449524,11.459268320045872,1.8237991973516599,0.16243379589742704,-1.8864252265449524,0.846833857151512,0.5315197708493211,0.81332809658384,1.192561433107641,nan,nan,3.0074385668923584,nan,3.0,0.33333333333333337,3.5,0.10714285714285715
0.325,0.0,0.675,0.325,2.0,1.5,0.65,0.48750000000000004,0.0,0.0,1.35,1.0125000000000002,ok,`gtol` termination condition is satisfied.,True,True,True,4,1.073190307079579e-14,8.688869536365456e-16,0.0,7.077671781985373e-16,0.9739327167913125,0.9961717739137895,1.7439343536252143e-08,-0.9999999800358997,0.0,0.0,1.0,-0.9999999800358997,0.7799481845873625,0.5089145599759379,nan,nan,0.7730823048033114,1.062519727063447,nan,1.6374802729365532,3.25,0.3076923076923077,0.0,nan
0.325,0.025,0.65,0.35000000000000003,2.0,1.5,0.65,0.48750000000000004,0.05,0.037500000000000006,1.3,0.9750000000000001,ok,`gtol` termination condition is satisfied.,True,True,True,5,2.6159013735064738e-14,9.309503074677273e-16,-2.220446049250313e-16,3.608224830031759e-16,0.9759406053260912,0.996956551320123,9.393091289729283e-09,-1.2608295250369668,0.0,0.0,1.0,-1.2608295250369668,0.7789522731658022,0.507864637518383,0.7822489348298496,0.04007666709228051,0.7730823048033114,1.023521513647267,0.10992333290771951,1.576478486352733,3.25,0.3076923076923077,0.125,2.9999999999999996
0.325,0.05,0.625,0.375,2.0,1.5,0.65,0.48750000000000004,0.1,0.07500000000000001,1.25,0.9375,ok,`gtol` termination condition is satisfied.,True,True,True,5,3.487868498008632e-14,2.618455766672135e-16,0.0,2.220446049250313e-16,0.9772751309144867,0.9972899306714793,4.1753440614094494e-10,-1.5061214809567123,0.0,0.0,1.0,-1.5061214809567123,0.778533512137426,0.5074219315025106,0.7805824000047636,0.07987335145572902,0.7730823048033115,0.9851391689391743,0.22012664854427103,1.5148608310608256,3.25,0.3076923076923077,0.25,1.4999999999999998
0.325,0.075,0.6,0.4,2.0,1.5,0.65,0.48750000000000004,0.15,0.11249999999999999,1.2,0.8999999999999999,ok,`gtol` termination condition is satisfied.,True,True,True,5,5.81311416334772e-15,6.473657049138938e-16,0.0,3.469446951953614e-17,0.9781231931899307,0.9972891920725588,4.214985499017075e-09,-1.7374549012737495,0.0,0.0,1.0,-1.7374549012737495,0.7785344370447868,0.5074229101264475,0.7795432121703699,0.11954678371771305,0.7730823048033113,0.947148409820613,0.3304532162822869,1.452851590179387,3.25,0.3076923076923077,0.375,1.0
0.325,0.1,0.575,0.42500000000000004,2.0,1.5,0.65,0.48750000000000004,0.2,0.15000000000000002,1.15,0.8624999999999999,ok,`gtol` termination condition is satisfied.,True,True,True,5,5.684341886080802e-14,5.201856949075077e-16,-4.440892098500626e-16,1.1102230246251565e-16,0.9776155178204519,0.9970301809238479,2.121842709317686e-09,-1.9561110532229695,0.0,0.0,1.0,-1.9561110532229695,0.7788595643938905,0.5077666920643563,0.7789583775008176,0.15919752392812572,0.7730823048033113,0.909401123772965,0.4408024760718744,1.3905988762270347,3.25,0.3076923076923077,0.5,0.7499999999999999
0.325,0.125,0.55,0.45,2.0,1.5,0.65,0.48750000000000004,0.25,0.1875,1.1,0.8250000000000001,ok,`gtol` termination condition is satisfied.,True,True,True,5,4.883015897212084e-14,5.933464366067994e-16,-4.440892098500626e-16,-4.0245584642661925e-16,0.9754487910859204,0.9965639574665244,2.132739791494818e-09,-2.1631508120358793,0.0,0.0,1.0,-2.1631508120358793,0.7794487146472514,0.5083885090613787,0.7787176451311302,0.1988947526984205,0.7730823048033113,0.8717941352276868,0.5511052473015795,1.3282058647723134,3.25,0.3076923076923077,0.625,0.6
0.325,0.15,0.525,0.475,2.0,1.5,0.65,0.48750000000000004,0.3,0.22499999999999998,1.05,0.7875000000000001,ok,`gtol` termination condition is satisfied.,True,True,True,5,4.650491330678176e-14,4.47545209131181e-16,-4.440892098500626e-16,-2.220446049250313e-16,0.9730109191679513,0.9959259662310557,2.617127976144069e-09,-2.3594692188490374,0.0,0.0,1.0,-2.3594692188490374,0.7802630353798716,0.5092456570002237,0.778748134530368,0.23868923568608674,0.7730823048033114,0.8342521178874492,0.6613107643139131,1.2657478821125507,3.25,0.3076923076923077,0.75,0.5
0.325,0.175,0.5,0.5,2.0,1.5,0.65,0.48750000000000004,0.35,0.26249999999999996,1.0,0.75,ok,`gtol` termination condition is satisfied.,True,True,True,5,9.965338565738948e-15,1.2412670766236366e-15,0.0,4.440892098500626e-16,0.970334075126378,0.9951413807253217,6.444508656349685e-09,-2.545834914885003,0.0,0.0,1.0,-2.545834914885003,0.7812772177695655,0.5103095915678624,0.7790002996086914,0.27862055667972135,0.7730823048033114,0.7967176713882008,0.7713794433202785,1.2032823286117993,3.25,0.3076923076923077,0.875,0.4285714285714286
0.325,0.2,0.475,0.525,2.0,1.5,0.65,0.48750000000000004,0.4,0.30000000000000004,0.95,0.7124999999999999,ok,`gtol` termination condition is satisfied.,True,True,True,5,5.365951535397895e-15,1.1157603309187458e-15,0.0,2.7755575615628914e-16,0.9674409137030521,0.9942283651385347,1.958028615255524e-09,-2.7229188923275762,0.0,0.0,1.0,-2.7229188923275762,0.7824749434343741,0.5115612580229233,0.7794397669473146,0.31872138308978465,0.7730823048033112,0.7591452657837171,0.8812786169102156,1.140854734216283,3.25,0.3076923076923077,1.0,0.37499999999999994
0.325,0.225,0.45,0.55,2.0,1.5,0.65,0.48750000000000004,0.45,0.3375,0.9,0.675,ok,`gtol` termination condition is satisfied.,True,True,True,5,5.684341886080802e-14,6.106226635438361e-16,0.0,5.551115123125783e-17,0.9643473262186493,0.9932001412276917,1.0792863914012592e-09,-2.891315859736263,0.0,0.0,1.0,-2.891315859736263,0.783846112828513,0.5129882207917752,0.7800423893231995,0.35902011059624955,0.7730823048033113,0.7214973852327822,0.9909798894037505,1.0785026147672179,3.25,0.3076923076923077,1.125,0.3333333333333333
0.325,0.25,0.425,0.575,2.0,1.5,0.65,0.48750000000000004,0.5,0.375,0.85,0.6375,ok,`gtol` termination condition is satisfied.,True,True,True,5,2.7902947984069054e-14,7.135936359693696e-16,2.220446049250313e-16,6.800116025829084e-16,0.9610642343884432,0.9920663391736577,5.945389449708625e-15,-2.9090656366550025,14.074209020929915,2.239979935789541,0.20241612298834502,-2.9090656366550025,0.7853851040400199,0.5145828433723842,0.7807911429055552,0.3995425838606103,0.7730823048033113,0.6837419764153034,1.1004574161393896,1.0162580235846965,3.25,0.3076923076923077,1.25,0.3
0.325,0.275,0.4,0.6000000000000001,2.0,1.5,0.65,0.48750000000000004,0.55,0.41250000000000003,0.8,0.6000000000000001,ok,`gtol` termination condition is satisfied.,True,True,True,5,5.684341886080802e-14,3.3766115072321297e-16,0.0,-8.049116928532385e-16,0.957598784720971,0.9908339027655563,3.094424578235682e-10,-2.8331192851565037,13.814232225075639,2.19860334364014,0.2009053976285527,-2.8331192851565037,0.7870896530070534,0.5163411072497764,0.7816741250463397,0.4403132731298948,0.7730823048033115,0.6458506983411223,1.2096867268701053,0.9541493016588778,3.25,0.3076923076923077,1.375,0.2727272727272727
0.325,0.3,0.375,0.625,2.0,1.5,0.65,0.48750000000000004,0.6,0.44999999999999996,0.75,0.5625,ok,`gtol` termination condition is satisfied.,True,True,True,5,2.90655708167386e-14,8.617648093045562e-16,-4.440892098500626e-16,4.579669976578771e-16,0.953955155639501,0.989507707663749,5.20584988178196e-09,-2.760734432033841,13.578168259941368,2.161032596703148,0.19924491267398314,-2.760734432033841,0.7889601231546409,0.5182618347271962,0.7826832329920375,0.48135612364914643,0.7730823048033112,0.6077976780929457,1.3186438763508534,0.8922023219070543,3.25,0.3076923076923077,1.5,0.25
0.325,0.325,0.35,0.65,2.0,1.5,0.65,0.48750000000000004,0.65,0.48750000000000004,0.7,0.5249999999999999,ok,`gtol` termination condition is satisfied.,True,True,True,5,3.219570921238737e-14,2.482534153247273e-16,-4.440892098500626e-16,-1.6653345369377348e-16,0.9501351057710019,0.9880909890735113,1.0858719998406872e-09,-2.6917172592248004,13.36265610840875,2.1267327724903624,0.19746933589500362,-2.6917172592248004,0.7909990283190146,0.5203461767113718,0.7838132779373445,0.5226952074563451,0.7730823048033112,0.5695585923258641,1.427304792543655,0.8304414076741358,3.25,0.3076923076923077,1.625,0.23076923076923075
0.325,0.35,0.325,0.675,2.0,1.5,0.65,0.48750000000000004,0.7,0.5249999999999999,0.65,0.48750000000000004,ok,`gtol` termination condition is satisfied.,True,True,True,5,9.965338565738948e-15,5.578801654593729e-16,-4.440892098500626e-16,3.0531133177191805e-16,0.9461383431265407,0.9865856388888409,7.673227206329668e-10,-2.625884980200739,13.164917632067482,2.0952617165411898,0.195607661134243,-2.625884980200739,0.7932107269427696,0.5225972811579632,0.7850613863644395,0.5643552587222035,0.7730823048033113,0.5311099605810451,1.535644741277796,0.768890039418955,3.25,0.3076923076923077,1.75,0.2142857142857143
0.325,0.375,0.3,0.7,2.0,1.5,0.65,0.48750000000000004,0.75,0.5625,0.6,0.44999999999999996,ok,`gtol` termination condition is satisfied.,True,True,True,5,2.7902947984069054e-14,7.771561172376096e-16,-2.220446049250313e-16,-3.7470027081099033e-16,0.9419627654728358,0.9849924105355257,2.4179696678599333e-09,-2.563064834754853,12.982631388040867,2.0662499597466986,0.19368419110485222,-2.563064834754853,0.7956012372823992,0.5250200902080024,0.7864265972464551,0.6063621463912195,0.7730823048033113,0.4924285756126984,1.6436378536087806,0.7075714243873015,3.25,0.3076923076923077,1.875,0.19999999999999998
0.325,0.4,0.275,0.7250000000000001,2.0,1.5,0.65,0.48750000000000004,0.8,0.6000000000000001,0.55,0.41250000000000003,ok,`gtol` termination condition is satisfied.,True,True,True,5,1.743934249004316e-14,6.661338147750939e-16,0.0,4.440892098500626e-16,0.9376046037473597,0.983311056151744,6.9877595825531356e-15,-2.5030932701313278,12.813838220476436,2.0393856927686804,0.19171932221489418,-2.5030932701313278,0.798178142760571,0.527621233940756,0.7879095977265338,0.6487433223575899,0.7730823048033114,0.45349101950057336,1.7512566776424103,0.6465089804994267,3.25,0.3076923076923077,2.0,0.18749999999999997
0.325,0.425,0.25,0.75,2.0,1.5,0.65,0.48750000000000004,0.85,0.6375,0.5,0.375,ok,`gtol` termination condition is satisfied.,True,True,True,5,8.206749407079134e-15,4.47545209131181e-16,0.0,-2.498001805406602e-16,0.9330584883008108,0.9815404119745842,2.1796883617714783e-10,-2.4458152775681787,12.656869465901757,2.0144033395671417,0.1897301818570255,-2.4458152775681787,0.8009505689863907,0.5304090014937,0.7895125610622442,0.6915282749978804,0.7730823048033113,0.4142732285792547,1.8584717250021194,0.5857267714207453,3.25,0.3076923076923077,2.125,0.17647058823529413
0.325,0.45,0.225,0.775,2.0,1.5,0.65,0.48750000000000004,0.9,0.675,0.45,0.3375,ok,`gtol` termination condition is satisfied.,True,True,True,5,1.5501637768927254e-14,1.7554167342883506e-16,0.0,-5.551115123125783e-17,0.9283174494100346,0.9796784418944767,2.285120832801062e-09,-2.3910838340331555,12.510291492577633,1.9910747305642156,0.18773115264287332,-2.3910838340331555,0.8039292223693142,0.533393379086257,0.7912390643452707,0.7347490140721841,0.7730823048033113,0.3747500786315928,1.965250985927816,0.5252499213684072,3.25,0.3076923076923077,2.25,0.16666666666666666
0.325,0.475,0.2,0.8,2.0,1.5,0.65,0.48750000000000004,0.95,0.7124999999999999,0.4,0.30000000000000004,ok,`gtol` termination condition is satisfied.,True,True,True,5,1.073190307079579e-14,5.578801654593729e-16,-2.220446049250313e-16,-2.220446049250313e-16,0.9233728572824352,0.9777222449269788,1.1905300438463814e-09,-2.3387594260603466,12.372862230395365,1.9692021841624354,0.18573430923570347,-2.3387594260603466,0.807126486447013,0.53658615103898,0.7930940728756972,0.7784406125412097,0.7730823048033114,0.334894966299338,2.07155938745879,0.46510503370066203,3.25,0.3076923076923077,2.375,0.15789473684210525
0.325,0.5,0.175,0.825,2.0,1.5,0.65,0.48750000000000004,1.0,0.75,0.35,0.26249999999999996,ok,`gtol` termination condition is satisfied.,True,True,True,5,5.365951535397895e-15,6.473657049138938e-16,2.220446049250313e-16,4.163336342344337e-16,0.918214301615599,0.9756680290924816,7.596173397623281e-10,-2.2887096261618387,12.243496579601388,1.9486130013722742,0.18374978634512001,-2.2887096261618387,0.8105565771722169,0.5400010653746663,0.7950839849702529,0.8226418332423914,0.7730823048033112,0.29467936428900665,2.1773581667576085,0.4053206357109933,3.25,0.3076923076923077,2.5,0.15
0.325,0.525,0.15,0.8500000000000001,2.0,1.5,0.65,0.48750000000000004,1.05,0.7875000000000001,0.3,0.22499999999999998,ok,`gtol` termination condition is satisfied.,True,True,True,5,6.6435590438259655e-15,5.79553433516819e-16,-4.440892098500626e-16,-2.220446049250313e-16,0.9128294059037996,0.9735110513769913,9.104430946395141e-10,-2.2408087031080166,12.121238466298912,1.9291550183070962,0.18178609193078452,-2.2408087031080166,0.8142357632824354,0.5436540708859711,0.797216736642898,0.8673958736981318,0.7730823048033112,0.2540723271413051,2.2826041263018686,0.34592767285869486,3.25,0.3076923076923077,2.625,0.14285714285714285
0.325,0.55,0.125,0.875,2.0,1.5,0.65,0.48750000000000004,1.1,0.8250000000000001,0.25,0.1875,ok,`gtol` termination condition is satisfied.,True,True,True,5,2.5366316349153687e-14,4.710277376051325e-16,0.0,0.0,0.907203566406406,0.9712455206618957,2.9731588258155957e-09,-2.1949372457140104,12.005237870648122,1.9106929501076686,0.17985037644966673,-2.1949372457140104,0.8181826632292516,0.547563638426444,0.7995019709235563,0.9127512711918814,0.7730823048033114,0.21303992109114697,2.387248728808119,0.286960078908853,3.25,0.3076923076923077,2.75,0.13636363636363635
0.32500000000000007,0.5750000000000001,0.10000000000000002,0.9000000000000001,2.0,1.5,0.65,0.48750000000000004,1.15,0.8624999999999999,0.19999999999999998,0.15,ok,`gtol` termination condition is satisfied.,True,True,True,5,1.2131716514812633e-14,3.510833468576701e-16,-4.440892098500626e-16,1.1102230246251565e-16,0.9013195992595879,0.9688644573595389,5.215476042289147e-09,-2.15098179280465,11.89473157660072,1.893105327167258,0.17794866728771228,-2.15098179280465,0.8224186367520495,0.5517511864824826,0.801951282389995,0.9587630238699852,0.7730823048033112,0.1715445454505548,2.4912369761300144,0.22845545454944516,3.25,0.3076923076923077,2.875,0.13043478260869565
0.325,0.6,0.075,0.925,2.0,1.5,0.65,0.48750000000000004,1.2,0.8999999999999999,0.15,0.11249999999999999,ok,`gtol` termination condition is satisfied.,True,True,True,5,5.365951535397895e-15,5.978733960281817e-16,-2.220446049250313e-16,7.216449660063518e-16,0.8951572706386917,0.9663594994989875,1.6207856462585537e-09,-2.1088344543810464,11.789026631893758,1.8762818627078897,0.1760860758343715,-2.1088344543810464,0.8269682980669798,0.5562416409444115,0.8045785546871299,1.0054940041416667,0.7730823048033114,0.12954410305773192,2.594505995858333,0.17045589694226806,3.25,0.3076923076923077,3.0,0.125
0.325,0.625,0.05,0.95,2.0,1.5,0.65,0.48750000000000004,1.25,0.9375,0.1,0.07500000000000001,ok,`gtol` termination condition is satisfied.,True,True,True,5,2.7755575615628914e-15,4.965068306494546e-16,-2.220446049250313e-16,-1.6653345369377348e-16,0.8886926727097464,0.9637206395055423,1.4071631320272884e-09,-2.0683925057595394,11.687485685846148,1.8601211192181852,0.1742669834433371,-2.0683925057595394,0.8318601903205551,0.5610641731049606,0.8074004186219153,1.0530167716325984,0.7730823048033114,0.08699096195381886,2.696983228367402,0.11300903804618115,3.25,0.3076923076923077,3.125,0.12
0.325,0.65,0.025,0.9750000000000001,2.0,1.5,0.65,0.48750000000000004,1.3,0.9750000000000001,0.05,0.037500000000000006,ok,`gtol` termination condition is satisfied.,True,True,True,5,5.684341886080802e-14,2.7755575615628914e-16,-2.220446049250313e-16,5.551115123125783e-17,0.8818973900205318,0.9609358678693487,1.057102276914743e-09,-2.029557960628388,11.589513462154185,1.8445283555319043,0.17249521435349024,-2.029557960628388,0.8371276798521933,0.5662531809853385,0.8104368727249097,1.1014159404261235,0.7730823048033114,0.04383062664383852,2.798584059573877,0.056169373356161484,3.25,0.3076923076923077,3.25,0.11538461538461538
0.325,0.675,0.0,1.0,2.0,1.5,0.65,0.48750000000000004,1.35,1.0125000000000002,0.0,0.0,ok,`gtol` termination condition is satisfied.,True,True,True,5,1.0334425179284835e-14,2.482534153247273e-16,0.0,-5.551115123125783e-17,0.8747373730591974,0.9579906875719135,2.9206105353137734e-10,-1.9922370815302788,11.494543589135388,1.8294134307961532,0.17077420115267125,-1.9922370815302788,0.842810158005187,0.5718496117032953,0.8137121300645944,1.1507913296707395,nan,nan,2.899208670329261,nan,3.25,0.3076923076923077,3.375,0.1111111111111111
0.35,0.0,0.65,0.35,2.0,1.5,0.7,0.5249999999999999,0.0,0.0,1.3,0.9750000000000001,ok,`gtol` termination condition is satisfied.,True,True,True,4,5.684341886080802e-14,1.6653345369377348e-16,-2.220446049250313e-16,1.3877787807814457e-16,0.9706623428348611,0.9945178005774475,7.474002428220849e-09,-1.0000000049492443,0.0,0.0,1.0,-1.0000000049492443,0.7820932230367859,0.5504831143372949,nan,nan,0.7730823048033114,1.0280336805706098,nan,1.5719663194293902,3.5,0.28571428571428575,0.0,nan
0.35,0.025,0.625,0.375,2.0,1.5,0.7,0.5249999999999999,0.05,0.037500000000000006,1.25,0.9375,ok,`gtol` termination condition is satisfied.,True,True,True,5,1.743934249004316e-14,1.2262814116578437e-15,-4.440892098500626e-16,-5.551115123125783e-16,0.9728084686734432,0.9953454030855927,1.8225196842899727e-09,-1.2427798505883465,0.0,0.0,1.0,-1.2427798505883465,0.7810121452572899,0.5492651093633371,0.7863076050954027,0.04041430715378332,0.7730823048033113,0.9887927417262844,0.10958569284621669,1.5112072582737155,3.5,0.28571428571428575,0.125,2.9999999999999996
0.35,0.05,0.6,0.39999999999999997,2.0,1.5,0.7,0.5249999999999999,0.1,0.07500000000000001,1.2,0.8999999999999999,ok,`gtol` termination condition is satisfied.,True,True,True,5,1.0463605494025895e-13,6.131407058289218e-16,-4.440892098500626e-16,3.677613769070831e-16,0.9742723486604432,0.9957274707086161,5.976988890585842e-09,-1.4721177451293446,0.0,0.0,1.0,-1.4721177451293446,0.7805182932414114,0.5487071727368988,0.7843852492125511,0.08050985438425164,0.7730823048033113,0.9501561704178129,0.21949014561574842,1.449843829582187,3.5,0.28571428571428575,0.25,1.4999999999999998
0.35,0.075,0.575,0.425,2.0,1.5,0.7,0.5249999999999999,0.15,0.11249999999999999,1.15,0.8624999999999999,ok,`gtol` termination condition is satisfied.,True,True,True,5,5.81311416334772e-15,6.206335383118183e-16,0.0,1.4432899320127035e-15,0.9749294683570263,0.9957762008806613,5.402341284117801e-09,-1.6893119992217718,0.0,0.0,1.0,-1.6893119992217718,0.7804555447467093,0.5486362104652971,0.7831419352598378,0.12045400985354233,0.7730823048033113,0.9119066346635788,0.32954599014645763,1.3880933653364211,3.5,0.28571428571428575,0.375,1.0
0.35,0.1,0.55,0.44999999999999996,2.0,1.5,0.7,0.5249999999999999,0.2,0.15000000000000002,1.1,0.8250000000000001,ok,`gtol` termination condition is satisfied.,True,True,True,5,5.2318027470129476e-14,7.021666937153402e-16,-2.220446049250313e-16,-3.3306690738754696e-16,0.973099855104053,0.9955651334940515,1.757591962977073e-09,-1.8954255962840243,0.0,0.0,1.0,-1.8954255962840243,0.780727720890283,0.5489438975279899,0.7823945627764558,0.1603554391015936,0.7730823048033115,0.8738985324303753,0.4396445608984065,1.3261014675696248,3.5,0.28571428571428575,0.5,0.7499999999999999
0.35,0.125,0.525,0.475,2.0,1.5,0.7,0.5249999999999999,0.25,0.1875,1.05,0.7875000000000001,ok,`gtol` termination condition is satisfied.,True,True,True,5,6.9757369960172635e-15,5.551115123125783e-16,-2.220446049250313e-16,1.8041124150158794e-16,0.9709426572667669,0.99514431758863,7.760482780793435e-10,-2.0913442846009214,0.0,0.0,1.0,-2.0913442846009214,0.7812733954118077,0.5495598649585395,0.7820248199161726,0.2002894540468872,0.7730823048033114,0.8360292072536393,0.5497105459531129,1.2639707927463608,3.5,0.28571428571428575,0.625,0.6
0.35,0.15,0.5,0.5,2.0,1.5,0.7,0.5249999999999999,0.3,0.22499999999999998,1.0,0.75,ok,`gtol` termination condition is satisfied.,True,True,True,5,5.684341886080802e-14,5.28085841456928e-16,2.220446049250313e-16,1.3461454173580023e-15,0.9685042538569065,0.9945488073448621,4.632023118496289e-09,-2.27781863650732,0.0,0.0,1.0,-2.27781863650732,0.7820524413299922,0.5504372484166778,0.7819535916395606,0.24031152106998113,0.7730823048033113,0.798222931623315,0.6596884789300188,1.201777068376685,3.5,0.28571428571428575,0.75,0.5
0.35000000000000003,0.17500000000000002,0.47500000000000003,0.525,2.0,1.5,0.7000000000000001,0.525,0.35000000000000003,0.2625,0.9500000000000001,0.7125,ok,`gtol` termination condition is satisfied.,True,True,True,5,5.684341886080802e-14,7.021666937153402e-16,0.0,8.326672684688674e-16,0.9658172677038781,0.9938036839928777,2.5158220345294606e-09,-2.4554947900431356,0.0,0.0,1.0,-2.4554947900431356,0.7830384212574092,0.551544438513185,0.7821265571152329,0.28046491324962836,0.7730823048033114,0.7604214732142512,0.7695350867503716,1.139578526785749,3.5000000000000004,0.2857142857142857,0.8750000000000001,0.4285714285714285
0.35,0.2,0.45,0.55,2.0,1.5,0.7,0.5249999999999999,0.4,0.30000000000000004,0.9,0.675,ok,`gtol` termination condition is satisfied.,True,True,True,5,4.982669282869474e-15,5.79553433516819e-16,0.0,2.498001805406602e-16,0.962904789088758,0.9929271565536696,2.2980415081432136e-09,-2.6249374580235125,0.0,0.0,1.0,-2.6249374580235125,0.7842140783327107,0.5528601481081817,0.7825056939417576,0.3207852802246255,0.7730823048033115,0.7225782675579213,0.8792147197753747,1.0774217324420787,3.5,0.28571428571428575,1.0,0.37499999999999994
0.35,0.225,0.425,0.575,2.0,1.5,0.7,0.5249999999999999,0.45,0.3375,0.85,0.6375,ok,`gtol` termination condition is satisfied.,True,True,True,5,7.750818884463627e-15,8.95090418262362e-16,0.0,-2.7755575615628914e-17,0.959783072031089,0.9919325461227291,1.7624606558179779e-09,-2.786647119876963,0.0,0.0,1.0,-2.786647119876963,0.7855685620893023,0.5543703506976918,0.7830640667397815,0.3613035115695114,0.7730823048033113,0.6846546664885639,0.9886964884304887,1.0153453335114362,3.5,0.28571428571428575,1.125,0.3333333333333333
0.35,0.25,0.4,0.6,2.0,1.5,0.7,0.5249999999999999,0.5,0.375,0.8,0.6000000000000001,ok,`gtol` termination condition is satisfied.,True,True,True,5,6.9757369960172635e-15,3.1401849173675503e-16,0.0,2.220446049250313e-16,0.9564633035430197,0.9908295934458528,7.182610990191182e-09,-2.9410731227973783,0.0,0.0,1.0,-2.9410731227973783,0.7870956703800747,0.5560663235238358,0.7837825244993675,0.40204761648595655,0.7730823048033112,0.6466174306444071,1.0979523835140435,0.953382569355593,3.5,0.28571428571428575,1.25,0.3
0.35,0.275,0.375,0.625,2.0,1.5,0.7,0.5249999999999999,0.55,0.41250000000000003,0.75,0.5625,ok,`gtol` termination condition is satisfied.,True,True,True,5,6.341579087288422e-15,2.237726045655905e-16,0.0,-1.1102230246251565e-16,0.9529527886083703,0.9896253410123154,1.8242783834431687e-09,-2.89075427965648,13.837288289985032,2.2022728303387176,0.2044956550450919,-2.89075427965648,0.7887927109002457,0.5579433698265621,0.7846475507569234,0.4430440189008284,0.7730823048033112,0.6084369924025328,1.2069559810991717,0.8915630075974672,3.5,0.28571428571428575,1.375,0.2727272727272727
0.35000000000000003,0.30000000000000004,0.35000000000000003,0.6500000000000001,2.0,1.5,0.7,0.5249999999999999,0.6,0.44999999999999996,0.7,0.5249999999999999,ok,`gtol` termination condition is satisfied.,True,True,True,5,5.684341886080802e-14,5.026748538604307e-16,-2.220446049250313e-16,-4.996003610813204e-16,0.9492557538954919,0.9883247386581303,1.137973912843507e-09,-2.820523857176947,13.596455504585409,2.163943102083778,0.2031210405702765,-2.820523857176947,0.7906597549735603,0.5599999745356361,0.7856498344204124,0.4843184985362652,0.7730823048033112,0.5700862082126462,1.3156815014637346,0.8299137917873537,3.5,0.28571428571428575,1.5,0.25
0.35,0.325,0.325,0.675,2.0,1.5,0.7,0.5249999999999999,0.65,0.48750000000000004,0.65,0.48750000000000004,ok,`gtol` termination condition is satisfied.,True,True,True,5,5.365951535397895e-15,9.155133597044475e-16,-2.220446049250313e-16,2.7755575615628914e-17,0.9453738940871708,0.9869310638516517,8.019185821333111e-10,-2.7533318902811494,13.376018641874902,2.1288594857437313,0.2016139820941738,-2.7533318902811494,0.7926991490185795,0.5622372469941959,0.7867833056762032,0.5258969171739571,0.7730823048033114,0.531539427167446,1.424103082826043,0.7684605728325541,3.5,0.28571428571428575,1.625,0.23076923076923075
0.35,0.35,0.3,0.7,2.0,1.5,0.7,0.5249999999999999,0.7,0.5249999999999999,0.6,0.44999999999999996,ok,`gtol` termination condition is satisfied.,True,True,True,5,9.965338565738948e-15,8.881784197001252e-16,-2.220446049250313e-16,-1.3877787807814457e-16,0.9413067381501493,0.9854462138845629,2.0166225305959467e-09,-2.6890262815758956,13.173273974940903,2.0965916698156652,0.2000030696980673,-2.6890262815758956,0.7949152020706507,0.5646585613800308,0.7880444815280384,0.5678058182757669,0.7730823048033113,0.49277176512466164,1.5321941817242326,0.7072282348753383,3.5,0.28571428571428575,1.75,0.2142857142857143
0.35,0.375,0.275,0.725,2.0,1.5,0.7,0.5249999999999999,0.75,0.5625,0.55,0.41250000000000003,ok,`gtol` termination condition is satisfied.,True,True,True,5,9.300982661356352e-15,1.0053497077208614e-15,0.0,5.828670879282072e-16,0.9370518844368174,0.98387090655423,1.4309465417438022e-09,-2.627462661887339,12.985954738267846,2.066778887362948,0.19831257882105038,-2.627462661887339,0.797313999163686,0.56726933960194,0.7894320242968506,0.6100729590681666,0.7730823048033113,0.4537585108186087,1.6399270409318334,0.6462414891813915,3.5,0.28571428571428575,1.875,0.19999999999999998
0.35,0.4,0.25,0.75,2.0,1.5,0.7,0.5249999999999999,0.8,0.6000000000000001,0.5,0.375,ok,`gtol` termination condition is satisfied.,True,True,True,5,8.71967124502158e-15,1.0007415106216803e-15,-2.220446049250313e-16,-2.7755575615628914e-16,0.9326051354626217,0.9822048129389231,1.3577598857497274e-09,-2.568503717410131,12.812141595393006,2.0391156665000794,0.19656317224286962,-2.568503717410131,0.7999033098007212,0.5700769426949686,0.7909464521045265,0.6527278177567298,0.7730823048033112,0.4144746127844457,1.7472721822432704,0.5855253872155544,3.5,0.28571428571428575,2.0,0.18749999999999997
0.35000000000000003,0.42500000000000004,0.22500000000000003,0.7750000000000001,2.0,1.5,0.7,0.5249999999999999,0.8499999999999999,0.6375,0.44999999999999996,0.33749999999999997,ok,`gtol` termination condition is satisfied.,True,True,True,5,2.4620248221237407e-14,6.106226635438361e-16,-4.440892098500626e-16,-6.661338147750939e-16,0.9279605511987727,0.9804466373816082,8.611151496489702e-10,-2.512018633745314,12.65019428269397,2.0133409511635785,0.19477247005946538,-2.512018633745314,0.8026925733464694,0.573090650647856,0.7925899628263434,0.6958021097696393,0.7730823048033115,0.3748942093627549,1.8541978902303606,0.5251057906372449,3.5,0.28571428571428575,2.1249999999999996,0.17647058823529413
0.35,0.45,0.2,0.8,2.0,1.5,0.7,0.5249999999999999,0.9,0.675,0.4,0.30000000000000004,ok,`gtol` termination condition is satisfied.,True,True,True,5,3.100327553785451e-14,6.713178136967714e-16,-2.220446049250313e-16,-3.608224830031759e-16,0.9231104312226169,0.9785941539822288,8.211661970479898e-10,-2.457882637154612,12.498698643079527,1.9892296712620716,0.19295551948210724,-2.457882637154612,0.8056929519094567,0.5763217203388908,0.7943663477458025,0.7393303432487089,0.7730823048033114,0.334990171773663,1.9606696567512913,0.465009828226337,3.5,0.28571428571428575,2.25,0.16666666666666666
0.35,0.475,0.175,0.825,2.0,1.5,0.7,0.5249999999999999,0.95,0.7124999999999999,0.35,0.26249999999999996,ok,`gtol` termination condition is satisfied.,True,True,True,5,7.342881048439225e-15,7.216449660063518e-16,2.220446049250313e-16,3.885780586188048e-16,0.918045229499826,0.9766442046406422,1.5695057795829437e-09,-2.4059766007469205,12.356424940591467,1.9665861082391112,0.19112518736638173,-2.4059766007469205,0.8089174479284578,0.5797835187669702,0.7962809814071689,0.7833504441607301,0.7730823048033112,0.2947336340155887,2.0666495558392697,0.40526636598441124,3.5,0.28571428571428575,2.375,0.15789473684210525
0.35,0.5,0.15,0.85,2.0,1.5,0.7,0.5249999999999999,1.0,0.75,0.3,0.22499999999999998,ok,`gtol` termination condition is satisfied.,True,True,True,5,5.684341886080802e-14,5.266250202865052e-16,0.0,-3.885780586188048e-16,0.9127533998568157,0.9745926602684666,3.757192522607688e-09,-2.356186704855868,12.222294561091434,1.9452385953228892,0.18929249300790843,-2.356186704855868,0.8123810894186403,0.5834917353434614,0.798340881928413,0.8279044849924775,0.7730823048033113,0.25409348404221294,2.1720955150075225,0.34590651595778704,3.5,0.28571428571428575,2.5,0.15
0.35,0.525,0.125,0.875,2.0,1.5,0.7,0.5249999999999999,1.05,0.7875000000000001,0.25,0.1875,ok,`gtol` termination condition is satisfied.,True,True,True,5,2.6574236175303862e-14,4.965068306494546e-16,-8.881784197001252e-16,1.1102230246251565e-16,0.9072211644861354,0.9724343436705135,2.1624952072445087e-09,-2.30840412544679,12.09535296760768,1.9250352132359876,0.18746689362752156,-2.30840412544679,0.8161011915758846,0.5874646836791285,0.8005548426587483,0.8730395582874342,0.7730823048033112,0.2130357885888821,2.276960441712566,0.2869642114111179,3.5,0.28571428571428575,2.625,0.14285714285714285
0.35,0.55,0.1,0.9,2.0,1.5,0.7,0.5249999999999999,1.1,0.8250000000000001,0.2,0.15000000000000002,ok,`gtol` termination condition is satisfied.,True,True,True,5,5.684341886080802e-14,3.7238012298709097e-16,-4.440892098500626e-16,7.216449660063518e-16,0.9014321912855824,0.9701629093288949,6.92626166225798e-10,-2.262524737256199,11.974747315328099,1.9058402275108701,0.18565653295111723,-2.262524737256199,0.8200977100446559,0.5917237110501039,0.8029336425992017,0.9188088482273751,0.7730823048033114,0.17152311893827,2.381191151772625,0.22847688106173003,3.5,0.28571428571428575,2.75,0.13636363636363635
0.35000000000000003,0.5750000000000001,0.07500000000000001,0.925,2.0,1.5,0.7000000000000001,0.525,1.1500000000000001,0.8625,0.15000000000000002,0.11250000000000002,ok,`gtol` termination condition is satisfied.,True,True,True,5,9.965338565738946e-15,7.021666937153402e-16,2.220446049250313e-16,6.661338147750939e-16,0.895367157476513,0.9677706714168256,6.665398573340374e-10,-2.21844881824985,11.85970750505229,1.8875310730531214,0.1838684611829266,-2.21844881824985,0.824393709641671,0.5962937437485324,0.8054903504786904,0.9652729718820322,0.7730823048033113,0.1295137360714938,2.484727028117968,0.17048626392850624,3.5000000000000004,0.2857142857142857,2.8750000000000004,0.13043478260869562
0.35,0.6,0.05,0.95,2.0,1.5,0.7,0.5249999999999999,1.2,0.8999999999999999,0.1,0.07500000000000001,ok,`gtol` termination condition is satisfied.,True,True,True,5,2.325245665339088e-14,5.578801654593729e-16,0.0,3.3306690738754696e-16,0.8890031653947547,0.9652483661888638,6.423478709856995e-10,-2.1760807368535677,11.749529676155259,1.8699957269650258,0.18210883336751432,-2.1760807368535677,0.8290159841115402,0.601204010496644,0.8082407470358465,1.0125016898005863,0.7730823048033114,0.08696057954529672,2.5874983101994133,0.11303942045470329,3.5,0.28571428571428575,3.0,0.125
0.35,0.625,0.025,0.975,2.0,1.5,0.7,0.5249999999999999,1.25,0.9375,0.05,0.037500000000000006,ok,`gtol` termination condition is satisfied.,True,True,True,5,5.684341886080802e-14,2.9893669801409083e-16,0.0,-4.996003610813204e-16,0.8823129594495446,0.962584827490344,1.5496141569154397e-09,-2.135328609036853,11.643561274545984,1.8531303320373624,0.18038309327963703,-2.135328609036853,0.8339958797693947,0.6064890066475025,0.8112039036873568,1.0605761286591258,0.7730823048033115,0.04380998241744179,2.6894238713408742,0.05619001758255822,3.5,0.28571428571428575,3.125,0.12
0.35,0.65,0.0,1.0,2.0,1.5,0.7,0.5249999999999999,1.3,0.9750000000000001,0.0,0.0,ok,`gtol` termination condition is satisfied.,True,True,True,5,1.6097854606193685e-14,5.978733960281817e-16,0.0,3.3306690738754696e-16,0.8752638674376247,0.9597665429538806,1.1977465889741552e-09,-2.096103905157685,11.541186879415774,1.8368369410063468,0.17869614992500665,-2.096103905157685,0.8393704023018255,0.6121897933667726,0.8144029762358616,1.1095917259257633,nan,nan,2.7904082740742373,nan,3.5,0.28571428571428575,3.25,0.11538461538461538
0.375,0.0,0.625,0.375,2.0,1.5,0.75,0.5625,0.0,0.0,1.25,0.9375,ok,`gtol` termination condition is satisfied.,True,True,True,4,5.684341886080802e-14,7.850462293418876e-16,2.220446049250313e-16,4.3021142204224816e-16,0.9672531810277637,0.9928150490020088,2.3252479261910232e-09,-0.9999999998004876,0.0,0.0,1.0,-0.9999999998004876,0.7843656668671738,0.5925315603764485,nan,nan,0.7730823048033114,0.9934028666125327,nan,1.5065971333874673,3.75,0.26666666666666666,0.0,nan
0.375,0.025,0.6,0.4,2.0,1.5,0.75,0.5625,0.05,0.037500000000000006,1.2,0.8999999999999999,ok,`gtol` termination condition is satisfied.,True,True,True,5,5.684341886080802e-14,5.933464366067994e-16,-2.220446049250313e-16,1.8041124150158794e-16,0.9695448717696359,0.9936872932428582,1.6112120762575287e-09,-1.227069985307323,0.0,0.0,1.0,-1.227069985307323,0.7831935527422815,0.5911267745406816,0.7907503286781861,0.04077946012106125,0.7730823048033113,0.9539089488446255,0.10922053987893877,1.4460910511553744,3.75,0.26666666666666666,0.125,2.9999999999999996
0.375,0.05,0.575,0.425,2.0,1.5,0.75,0.5625,0.1,0.07500000000000001,1.15,0.8624999999999999,ok,`gtol` termination condition is satisfied.,True,True,True,5,4.35983562251079e-14,5.900916318210353e-16,0.0,-1.249000902703301e-16,0.9711424372672512,0.9941176317996611,2.667376117307109e-09,-1.4424023650322095,0.0,0.0,1.0,-1.4424023650322095,0.7826214794199206,0.5904392908738072,0.788548798773325,0.0811980579277602,0.7730823048033113,0.9150104755672124,0.21880194207223985,1.3849895244327874,3.75,0.26666666666666666,0.25,1.4999999999999998
0.375,0.075,0.55,0.45,2.0,1.5,0.75,0.5625,0.15,0.11249999999999999,1.1,0.8250000000000001,ok,`gtol` termination condition is satisfied.,True,True,True,5,4.650491330678176e-14,4.718447854656915e-16,-4.440892098500626e-16,4.163336342344337e-17,0.9702168623011197,0.9942143005041247,9.264242101215546e-09,-1.647079078983236,0.0,0.0,1.0,-1.647079078983236,0.7824935402944392,0.5902853689825744,0.7870823452183294,0.12143486609182597,0.7730823048033112,0.8764953159716496,0.328565133908174,1.3235046840283506,3.75,0.26666666666666666,0.375,1.0
0.375,0.1,0.525,0.475,2.0,1.5,0.75,0.5625,0.2,0.15000000000000002,1.05,0.7875000000000001,ok,`gtol` termination condition is satisfied.,True,True,True,5,5.684341886080802e-14,4.577566798522237e-16,4.440892098500626e-16,1.0269562977782698e-15,0.9684054657687075,0.9940490568129184,7.085372608263913e-09,-1.841993032519335,0.0,0.0,1.0,-1.841993032519335,0.782712363610876,0.5905485938393056,0.7861568314054854,0.16160735741504023,0.7730823048033115,0.8382195771676397,0.43839264258495986,1.2617804228323604,3.75,0.26666666666666666,0.5,0.7499999999999999
0.375,0.125,0.5,0.5,2.0,1.5,0.75,0.5625,0.25,0.1875,1.0,0.75,ok,`gtol` termination condition is satisfied.,True,True,True,5,5.684341886080802e-14,6.497413668604471e-16,0.0,-2.220446049250313e-16,0.9662553734430797,0.9936711912360235,4.773380891698905e-09,-2.027892802096722,0.0,0.0,1.0,-2.027892802096722,0.7832150380103404,0.5911525700740874,0.785645276023407,0.20179748647368378,0.7730823048033113,0.8000807302613695,0.5482025135263162,1.1999192697386305,3.75,0.26666666666666666,0.625,0.6
0.375,0.15,0.475,0.525,2.0,1.5,0.75,0.5625,0.3,0.22499999999999998,0.95,0.7124999999999999,ok,`gtol` termination condition is satisfied.,True,True,True,5,2.325245665339088e-14,8.400361489980555e-16,0.0,-4.718447854656915e-16,0.9638134358136926,0.9931154903577255,4.512174505332005e-09,-2.205415368634378,0.0,0.0,1.0,-2.205415368634378,0.7839600410713174,0.5920459770410974,0.7854618932521417,0.24206581817309167,0.7730823048033114,0.7620024397596304,0.6579341818269082,1.1379975602403696,3.75,0.26666666666666666,0.75,0.5
0.375,0.175,0.45,0.55,2.0,1.5,0.75,0.5625,0.35,0.26249999999999996,0.9,0.675,ok,`gtol` termination condition is satisfied.,True,True,True,5,1.9930677131477896e-14,3.3766115072321297e-16,0.0,1.942890293094024e-16,0.9611127890238408,0.9924070003138207,2.866206060322185e-09,-2.3751104756899877,0.0,0.0,1.0,-2.3751104756899877,0.7849197447883106,0.5931939299149205,0.7855472595414336,0.2824596398323165,0.7730823048033113,0.7239255186996801,0.7675403601676833,1.0760744813003198,3.75,0.26666666666666666,0.875,0.4285714285714286
0.375,0.2,0.425,0.575,2.0,1.5,0.75,0.5625,0.4,0.30000000000000004,0.85,0.6375,ok,`gtol` termination condition is satisfied.,True,True,True,5,3.487868498008632e-14,7.771561172376096e-16,-4.440892098500626e-16,1.096345236817342e-15,0.9581769797171497,0.9915639975636052,1.1243246100782297e-09,-2.537459120809127,0.0,0.0,1.0,-2.537459120809127,0.7860759246655277,0.5945727607575101,0.7858594517406523,0.3230178603548964,0.7730823048033113,0.6858022818256332,0.8769821396451039,1.0141977181743669,3.75,0.26666666666666666,1.0,0.37499999999999994
0.375,0.225,0.4,0.6,2.0,1.5,0.75,0.5625,0.45,0.3375,0.8,0.6000000000000001,ok,`gtol` termination condition is satisfied.,True,True,True,5,3.875409442231813e-14,3.1401849173675503e-16,0.0,-5.551115123125783e-17,0.955022619569876,0.9905999060494038,4.8371320698188244e-09,-2.692887700914486,0.0,0.0,1.0,-2.692887700914486,0.7874169710061424,0.5961667517311009,0.7863685522463992,0.36377410935993404,0.7730823048033115,0.6475928749427888,0.986225890640066,0.9524071250572113,3.75,0.26666666666666666,1.125,0.3333333333333333
0.375,0.25,0.375,0.625,2.0,1.5,0.75,0.5625,0.5,0.375,0.75,0.5625,ok,`gtol` termination condition is satisfied.,True,True,True,5,9.300982661356352e-15,6.955527313080394e-16,2.220446049250313e-16,4.996003610813204e-16,0.9516611382972038,0.9895245693788448,1.9228947312697143e-09,-2.8417788601199407,0.0,0.0,1.0,-2.8417788601199407,0.7889361082258609,0.5979660328604326,0.7870531346767426,0.40475878850050706,0.7730823048033114,0.6092627987730317,1.095241211499493,0.8907372012269683,3.75,0.26666666666666666,1.25,0.3
0.375,0.275,0.35,0.65,2.0,1.5,0.75,0.5625,0.55,0.41250000000000003,0.7,0.5249999999999999,ok,`gtol` termination condition is satisfied.,True,True,True,5,2.7755575615628914e-15,1.167055121521967e-15,-2.220446049250313e-16,1.1102230246251565e-16,0.9480999630984434,0.9883451138241232,6.777622137544593e-15,-2.942733881193135,13.85450642536449,2.2050131816951835,0.20776764365429506,-2.942733881193135,0.7906302350487535,0.5999652024303781,0.7878979584345134,0.446000495180377,0.7730823048033112,0.5707811775393227,1.203999504819623,0.8292188224606772,3.75,0.26666666666666666,1.375,0.2727272727272727
0.375,0.3,0.325,0.675,2.0,1.5,0.75,0.5625,0.6,0.44999999999999996,0.65,0.48750000000000004,ok,`gtol` termination condition is satisfied.,True,True,True,5,2.325245665339088e-14,3.3766115072321297e-16,-2.220446049250313e-16,8.465450562766819e-16,0.9443433203798055,0.9870665431733605,2.2394303247527943e-09,-2.8746148370425186,13.609521934851351,2.1660226890491683,0.20666113973138636,-2.8746148370425186,0.7924991614997635,0.6021624126919997,0.7888924261472385,0.48752706401576834,0.7730823048033113,0.5321195028096884,1.3124729359842315,0.7678804971903116,3.75,0.26666666666666666,1.5,0.25
0.375,0.325,0.3,0.7,2.0,1.5,0.75,0.5625,0.65,0.48750000000000004,0.6,0.44999999999999996,ok,`gtol` termination condition is satisfied.,True,True,True,5,2.6829757676989477e-14,8.95090418262362e-16,-2.220446049250313e-16,-8.049116928532385e-16,0.9403927800191669,0.9856921523441105,1.3163515378341024e-09,-2.809244022314063,13.384746897705988,2.1302486308038193,0.20540848792298746,-2.809244022314063,0.7945451090328631,0.604558766504831,0.7900295377595586,0.529366375709241,0.7730823048033113,0.49325068496648034,1.4206336242907591,0.7067493150335196,3.75,0.26666666666666666,1.625,0.23076923076923075
0.375,0.35,0.275,0.725,2.0,1.5,0.75,0.5625,0.7,0.5249999999999999,0.55,0.41250000000000003,ok,`gtol` termination condition is satisfied.,True,True,True,5,5.684341886080802e-14,9.424642647609475e-16,-4.440892098500626e-16,3.885780586188048e-16,0.9362476175238954,0.9842238145937127,4.969690293958079e-10,-2.74649388188703,13.177547582656967,2.0972718356085127,0.20403766189894415,-2.74649388188703,0.7967723923073801,0.6071579303100033,0.7913051780798555,0.5715470291441482,0.7730823048033114,0.454148304020618,1.5284529708558514,0.6458516959793821,3.75,0.26666666666666666,1.75,0.2142857142857143
0.375,0.375,0.25,0.75,2.0,1.5,0.75,0.5625,0.75,0.5625,0.5,0.375,ok,`gtol` termination condition is satisfied.,True,True,True,5,5.684341886080802e-14,6.661338147750939e-16,-2.220446049250313e-16,2.498001805406602e-16,0.9319050417152082,0.9826621774802433,9.410849768651191e-10,-2.686242904661344,12.985709286923194,2.0667398225681577,0.20257265921553447,-2.686242904661344,0.7991872324207074,0.6099659049181034,0.7927176356847142,0.6140989417641979,0.7730823048033113,0.4147859868750269,1.635901058235802,0.5852140131249731,3.75,0.26666666666666666,1.875,0.19999999999999998
0.375,0.4,0.225,0.775,2.0,1.5,0.75,0.5625,0.8,0.6000000000000001,0.45,0.3375,ok,`gtol` termination condition is satisfied.,True,True,True,5,9.300982661356352e-15,5.661048867003676e-16,0.0,1.1934897514720433e-15,0.9273603177427224,0.9810067902133713,2.2339363108873193e-09,-2.6283750634203678,12.807351100865858,2.038353235616229,0.2010341372293404,-2.6283750634203678,0.8017976709913658,0.612990918353103,0.794267288569051,0.6570539259855102,0.7730823048033113,0.3751368594337508,1.7429460740144902,0.5248631405662492,3.75,0.26666666666666666,2.0,0.18749999999999997
0.375,0.425,0.2,0.8,2.0,1.5,0.75,0.5625,0.85,0.6375,0.4,0.30000000000000004,ok,`gtol` termination condition is satisfied.,True,True,True,5,9.300982661356352e-15,7.301351988545593e-16,-2.220446049250313e-16,5.551115123125783e-16,0.9226068031516987,0.9792561767423598,4.2531615989875143e-10,-2.5727793451813463,12.64086061718516,2.011855452160685,0.1994399293124896,-2.5727793451813463,0.8046135674111112,0.6162434201496004,0.7959564157885679,0.7004462803903109,0.7730823048033114,0.33517303456354336,1.849553719609689,0.4648269654364567,3.75,0.26666666666666666,2.125,0.17647058823529413
0.375,0.45,0.175,0.825,2.0,1.5,0.75,0.5625,0.9,0.675,0.35,0.26249999999999996,ok,`gtol` termination condition is satisfied.,True,True,True,5,4.650491330678176e-15,2.482534153247273e-16,2.220446049250313e-16,-2.498001805406602e-16,0.9176359059272631,0.9774078631285239,4.0580822627072904e-09,-2.519349350436463,12.484843130459797,1.9870244979395695,0.19780547046465516,-2.519349350436463,0.8076466707693757,0.6197361673950242,0.7977891102426192,0.7443134311252688,0.7730823048033114,0.29486510383194026,1.9556865688747314,0.4051348961680597,3.75,0.26666666666666666,2.25,0.16666666666666666
0.375,0.475,0.15,0.85,2.0,1.5,0.75,0.5625,0.95,0.7124999999999999,0.3,0.22499999999999998,ok,`gtol` termination condition is satisfied.,True,True,True,5,5.684341886080802e-14,7.550332863779066e-16,0.0,1.6930901125533637e-15,0.9124369663461898,0.9754583633676079,1.940076551576371e-09,-2.467982951115353,12.338081518261287,1.9636666619020409,0.1961441537953399,-2.467982951115353,0.81091076520795,0.6234844015343838,0.7997712790536458,0.7886966600629959,0.7730823048033113,0.2541816037657097,2.0613033399370035,0.3458183962342903,3.75,0.26666666666666666,2.375,0.15789473684210525
0.375,0.5,0.125,0.875,2.0,1.5,0.75,0.5625,1.0,0.75,0.25,0.1875,ok,`gtol` termination condition is satisfied.,True,True,True,5,6.9757369960172635e-15,2.482534153247273e-16,0.0,5.551115123125783e-17,0.9069970579418498,0.9734031241372962,2.97371578101864e-09,-2.4185819927924537,12.199504025561573,1.9416113689376004,0.1944676342863492,-2.4185819927924537,0.814421894043985,0.6275061229892196,0.8019107268466493,0.8336419616395537,0.7730823048033113,0.21308842681297757,2.166358038360446,0.28691157318702243,3.75,0.26666666666666666,2.5,0.15
0.375,0.525,0.1,0.9,2.0,1.5,0.75,0.5625,1.05,0.7875000000000001,0.2,0.15000000000000002,ok,`gtol` termination condition is satisfied.,True,True,True,5,5.684341886080802e-14,5.117875266520903e-16,4.440892098500626e-16,8.604228440844963e-16,0.901300695954779,0.9712364253816466,7.134665814957204e-10,-2.3710520197794973,12.06815794457451,1.9207069908927608,0.1927860913024505,-2.3710520197794973,0.818198674944835,0.6318224792356746,0.8042173251276415,0.8792010804314164,0.7730823048033112,0.17154814331622337,2.270798919568584,0.22845185668377666,3.75,0.26666666666666666,2.625,0.14285714285714285
0.375,0.55,0.075,0.925,2.0,1.5,0.75,0.5625,1.1,0.8250000000000001,0.15,0.11249999999999999,ok,`gtol` termination condition is satisfied.,True,True,True,5,6.341579087288422e-15,8.08254562088053e-16,2.220446049250313e-16,2.220446049250313e-16,0.8953294332539101,0.9689512296707501,2.4003483932840584e-09,-2.3253020112984157,11.943187639489556,1.9008173490987883,0.19110846004958684,-2.3253020112984157,0.8222627268286854,0.6364582924685154,0.8067032791786891,0.9254327979760039,0.7730823048033113,0.1295191930628851,2.3745672020239965,0.1704808069371149,3.75,0.26666666666666666,2.75,0.13636363636363635
0.375,0.575,0.05,0.95,2.0,1.5,0.75,0.5625,1.15,0.8624999999999999,0.1,0.07500000000000001,ok,`gtol` termination condition is satisfied.,True,True,True,5,1.819757477221895e-14,7.850462293418876e-16,-2.220446049250313e-16,-2.220446049250313e-16,0.8890613125086781,0.9665389682555859,9.903436241685348e-10,-2.2812441157620666,11.82381571521979,1.8818187172848637,0.1894426402435835,-2.2812441157620666,0.8266392403824581,0.6414427670782745,0.8093835137842894,0.9724045628411166,0.7730823048033114,0.08695489207846567,2.4775954371588833,0.11304510792153434,3.75,0.26666666666666666,2.875,0.13043478260869565
0.375,0.6,0.025,0.975,2.0,1.5,0.75,0.5625,1.2,0.8999999999999999,0.05,0.037500000000000006,ok,`gtol` termination condition is satisfied.,True,True,True,5,1.4696079808664707e-16,3.510833468576701e-16,4.440892098500626e-16,8.881784197001252e-16,0.8824701273347925,0.9639892447800289,1.5912028972291854e-09,-2.2387933559491784,11.70932631280385,1.8635971629587293,0.18779568876331865,-2.2387933559491784,0.8313577401800417,0.6468104374725787,0.8122762124633076,1.0201945973138882,0.7730823048033114,0.04380217986177897,2.5798054026861115,0.056197820138221034,3.75,0.26666666666666666,3.0,0.125
0.375,0.625,0.0,1.0,2.0,1.5,0.75,0.5625,1.25,0.9375,0.0,0.0,ok,`gtol` termination condition is satisfied.,True,True,True,5,3.3483537580882865e-14,1.0934428697813141e-15,-8.881784197001252e-16,-2.220446049250313e-16,0.8755244209188437,0.961289427299614,2.7647475628653188e-09,-2.1978672944412496,11.599049603632674,1.8460460795862295,0.18617400474871068,-2.1978672944412496,0.8364531106653778,0.6526024474869258,0.8154035644322818,1.068894675608624,nan,nan,2.681105324391376,nan,3.75,0.26666666666666666,3.125,0.12
0.4,0.0,0.6,0.4,2.0,1.5,0.8,0.6000000000000001,0.0,0.0,1.2,0.8999999999999999,ok,`gtol` termination condition is satisfied.,True,True,True,4,5.684341886080802e-14,9.485749680535094e-16,2.220446049250313e-16,4.440892098500626e-16,0.9636989679423021,0.9910615338820585,2.1799176511291985e-09,-0.9999999952953272,0.0,0.0,1.0,-0.9999999952953272,0.7867723621991448,0.6350946618761816,nan,nan,0.7730823048033113,0.9586141975949155,nan,1.4413858024050845,4.0,0.25,0.0,nan
0.4,0.025,0.575,0.42500000000000004,2.0,1.5,0.8,0.6000000000000001,0.05,0.037500000000000006,1.15,0.8624999999999999,ok,`gtol` termination condition is satisfied.,True,True,True,5,2.6159013735064738e-14,4.718447854656915e-16,0.0,1.27675647831893e-15,0.9661439369024504,0.9919803290669661,1.5146357378064183e-14,-1.213272839049335,0.0,0.0,1.0,-1.213272839049335,0.7855029971389511,0.6334827206727192,0.7956037096034903,0.041174181155360326,0.7730823048033113,0.9188566321205547,0.1088258188446397,1.3811433678794451,4.0,0.25,0.125,2.9999999999999996
0.4,0.05,0.55,0.45,2.0,1.5,0.8,0.6000000000000001,0.1,0.07500000000000001,1.1,0.8250000000000001,ok,`gtol` termination condition is satisfied.,True,True,True,5,2.6159013735064738e-14,8.08254562088053e-16,-4.440892098500626e-16,-8.187894806610529e-16,0.9666958870019738,0.9924588632845585,1.4968973958420904e-08,-1.4162127489702798,0.0,0.0,1.0,-1.4162127489702798,0.7848491194470926,0.6326501971877178,0.7930981392385752,0.08194177857862495,0.7730823048033112,0.8796877557025399,0.2180582214213751,1.3203122442974604,4.0,0.25,0.25,1.4999999999999998
0.4,0.075,0.525,0.47500000000000003,2.0,1.5,0.8,0.6000000000000001,0.15,0.11249999999999999,1.05,0.7875000000000001,ok,`gtol` termination condition is satisfied.,True,True,True,5,1.2788851159364984e-13,1.0778315928076987e-15,-8.881784197001252e-16,-1.1102230246251565e-15,0.9653195614080922,0.9926023400800212,4.8573633591079626e-09,-1.6097319051146914,0.0,0.0,1.0,-1.6097319051146914,0.7846540435918345,0.632401526297895,0.7913882634796063,0.1224947115713681,0.7730823048033114,0.8408991721450391,0.32750528842863186,1.2591008278549611,4.0,0.25,0.375,1.0
0.4,0.1,0.5,0.5,2.0,1.5,0.8,0.6000000000000001,0.2,0.15000000000000002,1.0,0.75,ok,`xtol` termination condition is satisfied.,True,True,True,5,3.487868498008632e-14,5.855045090355223e-16,0.0,6.106226635438361e-16,0.9635249454951279,0.9924811863835767,6.862336350425135e-09,-1.794588765160162,0.0,0.0,1.0,-1.794588765160162,0.7848187386495962,0.632611478719781,0.790267957912815,0.16296002833702866,0.7730823048033112,0.8023479915261005,0.4370399716629714,1.1976520084738995,4.0,0.25,0.5,0.7499999999999999
0.4,0.125,0.475,0.525,2.0,1.5,0.8,0.6000000000000001,0.25,0.1875,0.95,0.7124999999999999,ok,`gtol` termination condition is satisfied.,True,True,True,5,3.487868498008632e-14,1.0235750533041806e-15,2.220446049250313e-16,9.159339953157541e-16,0.961379706635057,0.9921441620440347,2.4419293738281356e-09,-1.9714227132263227,0.0,0.0,1.0,-1.9714227132263227,0.7852785716322455,0.6331971515223348,0.7896009328070165,0.20342688977440143,0.7730823048033113,0.7639314461231259,0.5465731102255986,1.136068553876874,4.0,0.25,0.625,0.6
0.4,0.15,0.45,0.55,2.0,1.5,0.8,0.6000000000000001,0.3,0.22499999999999998,0.9,0.675,ok,`gtol` termination condition is satisfied.,True,True,True,5,3.487868498008632e-14,1.1866928732135989e-15,-2.220446049250313e-16,-6.938893903907228e-16,0.9589313067858098,0.9916259021995073,4.838210759440558e-09,-2.1407799953514415,0.0,0.0,1.0,-2.1407799953514415,0.7859904983413418,0.6341024344748968,0.789294269559978,0.24396139850043558,0.7730823048033113,0.7255723839647157,0.6560386014995643,1.0744276160352844,4.0,0.25,0.75,0.5
0.4,0.175,0.425,0.575,2.0,1.5,0.8,0.6000000000000001,0.35,0.26249999999999996,0.85,0.6375,ok,`gtol` termination condition is satisfied.,True,True,True,5,2.7755575615628914e-15,7.301351988545593e-16,0.0,1.0408340855860843e-15,0.9562134624593808,0.9909514753717492,2.0739384529278803e-15,-2.303133324385409,0.0,0.0,1.0,-2.303133324385409,0.786925632226606,0.6352889333406732,0.789283094665661,0.28461521510273674,0.7730823048033113,0.6872105286958649,0.765384784897263,1.012789471304135,4.0,0.25,0.875,0.4285714285714286
0.4,0.2,0.4,0.6000000000000001,2.0,1.5,0.8,0.6000000000000001,0.4,0.30000000000000004,0.8,0.6000000000000001,ok,`gtol` termination condition is satisfied.,True,True,True,5,5.684341886080802e-14,7.447602459741819e-16,0.0,4.718447854656915e-16,0.9532502009264378,0.9901392505713555,3.668911181135772e-09,-2.4588968399257847,0.0,0.0,1.0,-2.4588968399257847,0.7880647477284045,0.6367304374803082,0.7895213189069634,0.32543081442053473,0.7730823048033115,0.6487969719194175,0.8745691855794655,0.9512030280805825,4.0,0.25,1.0,0.37499999999999994
0.4,0.225,0.375,0.625,2.0,1.5,0.8,0.6000000000000001,0.45,0.3375,0.75,0.5625,ok,`gtol` termination condition is satisfied.,True,True,True,5,5.684341886080802e-14,8.675560052622147e-16,-4.440892098500626e-16,-5.551115123125783e-17,0.9500584882445113,0.989202760834994,4.065554782750173e-09,-2.6084378005734945,0.0,0.0,1.0,-2.6084378005734945,0.7893954654116949,0.6384094316480556,0.7899758395273628,0.36644483961930224,0.7730823048033112,0.6102905618725029,0.9835551603806978,0.8897094381274971,4.0,0.25,1.125,0.3333333333333333
0.4,0.25,0.35,0.65,2.0,1.5,0.8,0.6000000000000001,0.5,0.375,0.7,0.5249999999999999,ok,`gtol` termination condition is satisfied.,True,True,True,5,8.71967124502158e-15,4.47545209131181e-16,-2.220446049250313e-16,1.5265566588595902e-16,0.9466499737101982,0.9881519470682418,8.751282534879381e-15,-2.752085629386153,0.0,0.0,1.0,-2.752085629386153,0.7909104429700398,0.640314838475277,0.7906228016292323,0.40769033948497685,0.7730823048033112,0.5716554464596485,1.092309660515023,0.8283445535403514,4.0,0.25,1.25,0.3
0.4,0.275,0.325,0.675,2.0,1.5,0.8,0.6000000000000001,0.55,0.41250000000000003,0.65,0.48750000000000004,ok,`gtol` termination condition is satisfied.,True,True,True,5,3.170789543644211e-14,9.964986097963502e-16,2.220446049250313e-16,2.220446049250313e-16,0.9430321673737014,0.986994005595325,3.231810447314651e-09,-2.8901390311498036,0.0,0.0,1.0,-2.8901390311498036,0.7926061914424515,0.6424405311068735,0.7914451286434415,0.4491983323413461,0.7730823048033114,0.5328593398055553,1.200801667658654,0.7671406601944447,4.0,0.25,1.375,0.2727272727272727
0.4,0.3,0.3,0.7,2.0,1.5,0.8,0.6000000000000001,0.6,0.44999999999999996,0.6,0.44999999999999996,ok,`gtol` termination condition is satisfied.,True,True,True,5,2.90655708167386e-14,6.753223014464259e-16,-2.220446049250313e-16,-3.608224830031759e-16,0.9392092409677484,0.9857339739999332,6.061143105031971e-09,-2.9237704694164055,13.617641117061126,2.1673148970317175,0.20992066311495303,-2.9237704694164055,0.794482294523567,0.6447843458613476,0.7924308606705763,0.49099895802167687,0.7730823048033114,0.49387225194254125,1.309001041978323,0.7061277480574587,4.0,0.25,1.5,0.25
0.4,0.325,0.275,0.7250000000000001,2.0,1.5,0.8,0.6000000000000001,0.65,0.48750000000000004,0.55,0.41250000000000003,ok,`gtol` termination condition is satisfied.,True,True,True,5,5.684341886080802e-14,4.577566798522237e-16,0.0,2.220446049250313e-16,0.935182569708589,0.9843751386665891,3.256302188637302e-16,-2.8601925330213693,13.389025408353689,2.130929576922472,0.2089086226977737,-2.8601925330213693,0.7965408976520694,0.6473474319808966,0.7935720231080908,0.5331223789461822,0.7730823048033114,0.4546655181718323,1.416877621053818,0.6453344818281678,4.0,0.25,1.625,0.23076923076923075
0.4,0.35,0.25,0.75,2.0,1.5,0.8,0.6000000000000001,0.7,0.5249999999999999,0.5,0.375,ok,`gtol` termination condition is satisfied.,True,True,True,5,9.965338565738948e-15,8.08254562088053e-16,-2.220446049250313e-16,0.0,0.9309510887024821,0.9829193168481748,4.899763634411907e-10,-2.798998719895896,13.177841985104921,2.097318691213363,0.20776694470481805,-2.798998719895896,0.7987863853024593,0.6501338383409492,0.7948638542478033,0.5755995345445768,0.7730823048033113,0.4152110213871702,1.5244004654554228,0.5847889786128297,4.0,0.25,1.75,0.2142857142857143
0.4,0.375,0.225,0.775,2.0,1.5,0.8,0.6000000000000001,0.75,0.5625,0.45,0.3375,ok,`gtol` termination condition is satisfied.,True,True,True,5,2.7902947984069054e-14,5.933464366067994e-16,0.0,-2.220446049250313e-16,0.9265115104162143,0.9813670471497583,1.8571238988248302e-09,-2.740086016769859,12.981925179355185,2.066137563143518,0.20651919571540553,-2.740086016769859,0.8012251962699468,0.65315027529974,0.7963042841593689,0.6184628208052307,0.7730823048033112,0.37548053451080143,1.6315371791947693,0.5245194654891986,4.0,0.25,1.875,0.19999999999999998
0.4,0.4,0.2,0.8,2.0,1.5,0.8,0.6000000000000001,0.8,0.6000000000000001,0.4,0.30000000000000004,ok,`gtol` termination condition is satisfied.,True,True,True,5,3.487868498008632e-14,7.771561172376096e-16,2.220446049250313e-16,6.106226635438361e-16,0.9218584318698488,0.9797177101450004,8.822816216110525e-10,-2.683355719515042,12.799430543843632,2.0370926398141003,0.20518585009729842,-2.683355719515042,0.8038657466290814,0.6564060143488535,0.7978935966055728,0.6617467486214849,0.7730823048033114,0.33544513043515034,1.7382532513785156,0.4645548695648497,4.0,0.25,2.0,0.18749999999999997
0.4,0.425,0.175,0.825,2.0,1.5,0.8,0.6000000000000001,0.85,0.6375,0.35,0.26249999999999996,ok,`gtol` termination condition is satisfied.,True,True,True,5,2.4620248221237404e-14,5.661048867003676e-16,-4.440892098500626e-16,4.996003610813204e-16,0.9169843478811855,0.9779695926474324,8.403811922828293e-10,-2.628713029506395,12.62877226314841,2.0099315308618912,0.20378476328001852,-2.628713029506395,0.8067184434283606,0.6599129048538347,0.7996342311394222,0.7054886255709127,0.7730823048033112,0.2950746185650467,1.844511374429087,0.40492538143495327,4.0,0.25,2.125,0.17647058823529413
0.4,0.45,0.15,0.8500000000000001,2.0,1.5,0.8,0.6000000000000001,0.9,0.675,0.3,0.22499999999999998,ok,`gtol` termination condition is satisfied.,True,True,True,5,8.71967124502158e-15,1.3322676295501878e-15,4.440892098500626e-16,6.661338147750939e-16,0.9118795773993236,0.9761199032850976,2.7607087501185986e-15,-2.5760667000721984,12.468574271969096,1.984435228692312,0.20233156236663963,-2.5760667000721984,0.8097957819803383,0.6636854995006239,0.8015306997564067,0.7497293031292214,0.7730823048033113,0.2543369729832546,1.9502706968707788,0.3456630270167454,4.0,0.25,2.25,0.16666666666666666
0.4,0.475,0.125,0.875,2.0,1.5,0.8,0.6000000000000001,0.95,0.7124999999999999,0.25,0.1875,ok,`gtol` termination condition is satisfied.,True,True,True,5,7.342881048439225e-15,6.329245045284193e-16,0.0,5.551115123125783e-17,0.9065321020889477,0.9741647424151582,7.674926645072705e-10,-2.5253287239022937,12.317631472165406,1.9604119359794243,0.2008399740275541,-2.5253287239022937,0.8131125276924102,0.6677412903912201,0.8035896050517713,0.7945140339806184,0.7730823048033114,0.21319771881819627,2.0554859660193814,0.28680228118180373,4.0,0.25,2.375,0.15789473684210525
0.4,0.5,0.1,0.9,2.0,1.5,0.8,0.6000000000000001,1.0,0.75,0.2,0.15000000000000002,ok,`gtol` termination condition is satisfied.,True,True,True,5,8.71967124502158e-15,6.753223014464259e-16,0.0,9.43689570931383e-16,0.9009273086193431,0.9720990253128817,2.5745688636550365e-09,-2.476414053809937,12.174878415164958,1.9376920813163239,0.19932210531061192,-2.476414053809937,0.8166859911343627,0.6721010677870004,0.8058197570765208,0.8398934920635338,0.7730823048033114,0.17161924106575213,2.160106507936466,0.2283807589342479,4.0,0.25,2.5,0.15
0.4,0.525,0.075,0.925,2.0,1.5,0.8,0.6000000000000001,1.05,0.7875000000000001,0.15,0.11249999999999999,ok,`gtol` termination condition is satisfied.,True,True,True,5,5.684341886080802e-14,5.117875266520903e-16,2.220446049250313e-16,1.6653345369377348e-16,0.895047617388894,0.9699163533414584,3.5311874358127323e-10,-2.4292403387064616,12.039363514471107,1.9161242150082902,0.1977886885858522,-2.4292403387064616,0.8205364136997408,0.6767894248801238,0.808232395733492,0.8859250223616973,0.7730823048033114,0.12955997364563857,2.264074977638303,0.17044002635436142,4.0,0.25,2.625,0.14285714285714285
0.4,0.55,0.05,0.9500000000000001,2.0,1.5,0.8,0.6000000000000001,1.1,0.8250000000000001,0.1,0.07500000000000001,ok,`gtol` termination condition is satisfied.,True,True,True,5,6.341579087288422e-15,6.661338147750939e-16,0.0,3.3306690738754696e-16,0.8888719692732775,0.9676088227841428,3.056106427975067e-09,-2.383727665303627,11.910227279919406,1.8955715449471124,0.19624930080824288,-2.383727665303627,0.8246874922127554,0.6818354465515073,0.8108415362106642,0.9326742105896546,0.7730823048033114,0.08697341479171256,2.3673257894103457,0.11302658520828746,4.0,0.25,2.75,0.13636363636363635
0.4,0.575,0.025,0.975,2.0,1.5,0.8,0.6000000000000001,1.15,0.8624999999999999,0.05,0.037500000000000006,ok,`gtol` termination condition is satisfied.,True,True,True,5,1.819757477221895e-14,3.7238012298709097e-16,-4.440892098500626e-16,0.0,0.882375126441392,0.9651667543229774,3.270110707305554e-10,-2.339798285136794,11.786683362213754,1.8759089197553196,0.1947125652979885,-2.339798285136794,0.8291670861318137,0.6872736404713305,0.8136644684950837,0.980216899139434,0.7730823048033114,0.043806895822253215,2.4697831008605657,0.05619310417774679,4.0,0.25,2.875,0.13043478260869565
0.4,0.6,0.0,1.0,2.0,1.5,0.8,0.6000000000000001,1.2,0.8999999999999999,0.0,0.0,ok,`gtol` termination condition is satisfied.,True,True,True,5,1.162622832669544e-14,3.3306690738754696e-16,0.0,8.881784197001252e-16,0.8755267202050039,0.9625783164523241,3.1536578549834004e-10,-2.2973763011563957,11.668001332824891,1.8570200881219046,0.19318634414464522,-2.2973763011563957,0.8340081736920864,0.6931451992526941,0.8167224611364565,1.028641832499321,nan,nan,2.5713581675006787,nan,4.0,0.25,3.0,0.125
0.425,0.0,0.575,0.425,2.0,1.5,0.85,0.6375,0.0,0.0,1.15,0.8624999999999999,ok,`gtol` termination condition is satisfied.,True,True,True,5,4.103374703539567e-15,9.992007221626409e-16,-2.220446049250313e-16,1.4710455076283324e-15,0.9599922357918718,0.9892545601137245,4.103375064367412e-09,-1.0000000015786197,0.0,0.0,1.0,-1.0000000015786197,0.789321379487384,0.6782108464449709,nan,nan,0.7730823048033113,0.9236542901778266,nan,1.3763457098221732,4.25,0.23529411764705885,0.0,nan
0.425,0.025,0.55,0.45,2.0,1.5,0.85,0.6375,0.05,0.037500000000000006,1.1,0.8250000000000001,ok,`gtol` termination condition is satisfied.,True,True,True,5,1.743934249004316e-14,3.510833468576701e-16,0.0,1.1102230246251565e-16,0.9623919284123034,0.9902219730564974,5.8293448405092774e-09,-1.2010593360873645,0.0,0.0,1.0,-1.2010593360873645,0.7879480910765866,0.6763694359839109,0.8008966149107672,0.0416007526971787,0.7730823048033113,0.8836218490387445,0.10839924730282133,1.3163781509612558,4.25,0.23529411764705885,0.125,2.9999999999999996
0.425,0.05,0.525,0.475,2.0,1.5,0.85,0.6375,0.1,0.07500000000000001,1.05,0.7875000000000001,ok,`xtol` termination condition is satisfied.,True,True,True,5,5.684341886080802e-14,4.002966042486721e-16,-2.220446049250313e-16,4.718447854656915e-16,0.9615756777272937,0.9907489538539752,2.452953643674284e-09,-1.3929569697515076,0.0,0.0,1.0,-1.3929569697515076,0.7872083456675805,0.6753750192867373,0.7980605228356549,0.08274525904044895,0.7730823048033113,0.8441732032595028,0.2172547409595511,1.2558267967404972,4.25,0.23529411764705885,0.25,1.4999999999999998
0.425,0.075,0.5,0.5,2.0,1.5,0.85,0.6375,0.15,0.11249999999999999,1.0,0.75,ok,`gtol` termination condition is satisfied.,True,True,True,5,1.162622832669544e-14,6.106226635438361e-16,0.0,-1.942890293094024e-16,0.9602285117747947,0.9909384658048898,4.5375415665028605e-09,-1.576470039181823,0.0,0.0,1.0,-1.576470039181823,0.7869437667948396,0.6750189086991368,0.7960856125903691,0.12363951782135689,0.7730823048033114,0.8051024264780681,0.32636048217864305,1.1948975735219318,4.25,0.23529411764705885,0.375,1.0
0.425,0.1,0.475,0.525,2.0,1.5,0.85,0.6375,0.2,0.15000000000000002,0.95,0.7124999999999999,ok,`gtol` termination condition is satisfied.,True,True,True,5,5.684341886080802e-14,1.0605390551611693e-15,0.0,-1.942890293094024e-16,0.9584494653074761,0.9908600054095226,7.1851400953228796e-09,-1.7522490341852845,0.0,0.0,1.0,-1.7522490341852845,0.7870532127343234,0.6751662466663786,0.7947527841826655,0.1644209947300262,0.7730823048033115,0.7662669928325716,0.4355790052699739,1.1337330071674283,4.25,0.23529411764705885,0.5,0.7499999999999999
0.425,0.125,0.45,0.55,2.0,1.5,0.85,0.6375,0.25,0.1875,0.9,0.675,ok,`gtol` termination condition is satisfied.,True,True,True,5,6.278163296415537e-14,3.3306690738754696e-16,-4.440892098500626e-16,-1.0685896612017132e-15,0.9563069494469574,0.990562011509192,3.800653820173116e-09,-1.920845260745137,0.0,0.0,1.0,-1.920845260745137,0.7874700882889044,0.6757270794442913,0.7939157643132656,0.2051866781006988,0.7730823048033113,0.7275635450786527,0.5448133218993012,1.0724364549213474,4.25,0.23529411764705885,0.625,0.6
0.425,0.15,0.425,0.575,2.0,1.5,0.85,0.6375,0.3,0.22499999999999998,0.85,0.6375,ok,`gtol` termination condition is satisfied.,True,True,True,5,5.684341886080802e-14,5.266250202865052e-16,0.0,-2.7755575615628914e-16,0.953849178605078,0.9900790791019447,3.003113957024216e-09,-2.082731612312124,0.0,0.0,1.0,-2.082731612312124,0.788149693578241,0.6766401327752174,0.7934740110503277,0.2460086930869004,0.7730823048033112,0.6889139015077789,0.6539913069130995,1.0110860984922212,4.25,0.23529411764705885,0.75,0.5
0.425,0.175,0.4,0.6,2.0,1.5,0.85,0.6375,0.35,0.26249999999999996,0.8,0.6000000000000001,ok,`gtol` termination condition is satisfied.,True,True,True,5,3.986135426295579e-14,3.3306690738754696e-16,2.220446049250313e-16,6.938893903907228e-16,0.9511105198116666,0.9894363567894003,1.5643884064229716e-09,-2.2383183592520473,0.0,0.0,1.0,-2.2383183592520473,0.7890618091063184,0.6778632431869778,0.7933568329636411,0.2869434705994497,0.7730823048033114,0.6502565484872506,0.7630565294005501,0.9497434515127495,4.25,0.23529411764705885,0.875,0.4285714285714286
0.425,0.2,0.375,0.625,2.0,1.5,0.85,0.6375,0.4,0.30000000000000004,0.75,0.5625,ok,`gtol` termination condition is satisfied.,True,True,True,5,4.35983562251079e-14,3.3766115072321297e-16,0.0,-2.7755575615628914e-16,0.9481155074005092,0.9886523329828014,5.7493097283238456e-09,-2.387965521800405,0.0,0.0,1.0,-2.387965521800405,0.7901861706763855,0.6793674810319917,0.7935136952660238,0.32803739167211454,0.7730823048033114,0.6115412352996729,0.8719626083278856,0.8884587647003271,4.25,0.23529411764705885,1.0,0.37499999999999994
0.425,0.225,0.35,0.65,2.0,1.5,0.85,0.6375,0.45,0.3375,0.7,0.5249999999999999,ok,`gtol` termination condition is satisfied.,True,True,True,5,5.684341886080802e-14,4.965068306494546e-16,0.0,7.494005416219807e-16,0.944881458589414,0.9877406577858965,2.9910738914271755e-09,-2.5319924973555152,0.0,0.0,1.0,-2.5319924973555152,0.7915096169996886,0.6811334221655257,0.7939080982774827,0.36933041806455674,0.7730823048033112,0.5727254021580616,0.9806695819354434,0.8272745978419384,4.25,0.23529411764705885,1.125,0.3333333333333333
0.425,0.25,0.325,0.675,2.0,1.5,0.85,0.6375,0.5,0.375,0.65,0.48750000000000004,ok,`gtol` termination condition is satisfied.,True,True,True,5,6.9757369960172635e-15,4.75098925995612e-16,-2.220446049250313e-16,1.5265566588595902e-16,0.9414202165586046,0.986711364872534,2.7820869686205173e-09,-2.6706857494734417,0.0,0.0,1.0,-2.6706857494734417,0.7930242466562877,0.6831487237860312,0.7945136011071517,0.4108585318083035,0.7730823048033114,0.5337717305021046,1.0891414681916964,0.7662282694978955,4.25,0.23529411764705885,1.25,0.3
0.425,0.275,0.3,0.7,2.0,1.5,0.85,0.6375,0.55,0.41250000000000003,0.6,0.44999999999999996,ok,`gtol` termination condition is satisfied.,True,True,True,5,2.5366316349153687e-14,1.1866928732135989e-15,-4.440892098500626e-16,-1.1379786002407855e-15,0.9377393293262434,0.9855717069080966,1.733600159608968e-09,-2.8043048608615444,0.0,0.0,1.0,-2.8043048608615444,0.79472620767351,0.6854065227193811,0.7953111790729075,0.45265545261224466,0.7730823048033113,0.49464639945864064,1.1973445473877555,0.7053536005413593,4.25,0.23529411764705885,1.375,0.2727272727272727
0.425,0.3,0.275,0.725,2.0,1.5,0.85,0.6375,0.6,0.44999999999999996,0.55,0.41250000000000003,ok,`gtol` termination condition is satisfied.,True,True,True,5,1.743934249004316e-14,4.440892098500626e-16,0.0,-4.718447854656915e-16,0.9338428507549827,0.9843267339283056,3.2546679588888986e-09,-2.9330873405476816,0.0,0.0,1.0,-2.9330873405476816,0.796614898381182,0.6879043718763039,0.7962874370672729,0.49475391214224973,0.7730823048033113,0.45531779495668273,1.30524608785775,0.6446822050433174,4.25,0.23529411764705885,1.5,0.25
0.425,0.325,0.25,0.75,2.0,1.5,0.85,0.6375,0.65,0.48750000000000004,0.5,0.375,ok,`gtol` termination condition is satisfied.,True,True,True,5,1.6097854606193685e-14,6.753223014464259e-16,-2.220446049250313e-16,-5.551115123125783e-17,0.9297318790399995,0.9829796952353894,1.7888972887914271e-09,-2.9067981735655066,13.389000445332297,2.130925603934223,0.2121610280856299,-2.9067981735655066,0.7986924460418457,0.6906435427163109,0.7974333891854297,0.5371866587232698,0.7730823048033114,0.41575551093373414,1.4128133412767303,0.5842444890662659,4.25,0.23529411764705885,1.625,0.23076923076923075
0.42500000000000004,0.35000000000000003,0.22500000000000003,0.7750000000000001,2.0,1.5,0.8499999999999999,0.6375,0.7,0.5249999999999999,0.44999999999999996,0.33749999999999997,ok,`gtol` termination condition is satisfied.,True,True,True,5,5.684341886080802e-14,4.577566798522237e-16,2.220446049250313e-16,4.440892098500626e-16,0.9254049050678419,0.9815323159451919,5.31523088986493e-09,-2.8471422339090564,13.174233961275439,2.0967444563861073,0.2112377575956562,-2.8471422339090564,0.8009633814069789,0.693628587806933,0.7987436248104018,0.5799873060948058,0.7730823048033113,0.37592953663454626,1.520012693905194,0.5240704633654536,4.249999999999999,0.23529411764705888,1.75,0.2142857142857143
0.425,0.375,0.2,0.8,2.0,1.5,0.85,0.6375,0.75,0.5625,0.4,0.30000000000000004,ok,`gtol` termination condition is satisfied.,True,True,True,5,1.8601965322712704e-14,5.117875266520903e-16,-2.220446049250313e-16,0.0,0.9208580159316171,0.9799849809351889,1.8327448416730579e-09,-2.789571534845163,12.974615089794053,2.064974126255419,0.2101988190978998,-2.789571534845163,0.8034344589997662,0.6968670984101193,0.800215747750017,0.6231911056865539,0.7730823048033114,0.33580955649115857,1.626808894313446,0.4641904435088415,4.25,0.23529411764705885,1.875,0.19999999999999998
0.425,0.4,0.175,0.825,2.0,1.5,0.85,0.6375,0.8,0.6000000000000001,0.35,0.26249999999999996,ok,`gtol` termination condition is satisfied.,True,True,True,5,8.71967124502158e-15,4.965068306494546e-16,-2.220446049250313e-16,-2.220446049250313e-16,0.9160849809023752,0.9783368469802101,3.0493863118207398e-09,-2.7340015188149582,12.788333495558987,2.0353264897258696,0.20906439563202706,-2.7340015188149582,0.8061145932938085,0.7003696185160626,0.8018500165911957,0.6668357031233016,0.7730823048033114,0.29536430824859666,1.7331642968766987,0.4046356917514033,4.25,0.23529411764705885,2.0,0.18749999999999997
0.425,0.425,0.15,0.85,2.0,1.5,0.85,0.6375,0.85,0.6375,0.3,0.22499999999999998,ok,`gtol` termination condition is satisfied.,True,True,True,5,8.206749407079134e-15,5.23691153334427e-16,0.0,2.7755575615628914e-16,0.9110772343627834,0.9765858956585529,1.2455659356523862e-09,-2.6803506849266383,12.613828178766957,2.007553105962601,0.20785224115882103,-2.6803506849266383,0.8090148949762601,0.7041496951643985,0.803649141584386,0.7109619309011576,0.7730823048033113,0.2545609556397311,1.8390380690988422,0.3454390443602689,4.25,0.23529411764705885,2.125,0.17647058823529413
0.425,0.45,0.125,0.875,2.0,1.5,0.85,0.6375,0.9,0.675,0.25,0.1875,ok,`gtol` termination condition is satisfied.,True,True,True,5,7.750818884463627e-15,6.061909215660398e-16,-4.440892098500626e-16,-7.216449660063518e-16,0.905823760153266,0.9747289335481082,7.931509002040993e-10,-2.6285402701202596,12.449740264869428,1.981437703364172,0.2065780436794586,-2.6285402701202596,0.8121488021247902,0.7082240590655456,0.8056182121565241,0.7556146877509469,0.7730823048033113,0.21336443655234472,1.9443853122490533,0.2866355634476553,4.25,0.23529411764705885,2.25,0.16666666666666666
0.42500000000000004,0.47500000000000003,0.10000000000000002,0.9000000000000001,2.0,1.5,0.8499999999999999,0.6375,0.9499999999999998,0.7124999999999999,0.19999999999999998,0.15,ok,`gtol` termination condition is satisfied.,True,True,True,5,5.684341886080802e-14,1.4812222630807097e-15,2.220446049250313e-16,1.6653345369377348e-16,0.9003108727433151,0.9727615412408643,1.138710579489159e-09,-2.578493958677001,12.294875352965049,1.956790187123099,0.20525573148462256,-2.578493958677001,0.8155323103752066,0.7126129420522419,0.807764743324916,0.8008439602198052,0.7730823048033113,0.17173674742984524,2.0491560397801942,0.22826325257015473,4.249999999999999,0.23529411764705888,2.3749999999999996,0.15789473684210528
0.425,0.5,0.075,0.925,2.0,1.5,0.85,0.6375,1.0,0.75,0.15,0.11249999999999999,ok,`gtol` termination condition is satisfied.,True,True,True,5,5.684341886080802e-14,8.777083671441752e-16,2.220446049250313e-16,3.885780586188048e-16,0.8945218811777981,0.9706779679725039,1.0918681199946407e-09,-2.530137606718384,12.148172892182217,1.9334417653257663,0.20389773710727005,-2.530137606718384,0.8191843155825593,0.7173405508518758,0.8100988414113581,0.8467060539290363,0.7730823048033113,0.12963611976468536,2.1532939460709635,0.17036388023531462,4.25,0.23529411764705885,2.5,0.15
0.425,0.525,0.05,0.95,2.0,1.5,0.85,0.6375,1.05,0.7875000000000001,0.1,0.07500000000000001,ok,`gtol` termination condition is satisfied.,True,True,True,5,1.9930677131477896e-14,4.965068306494546e-16,-2.220446049250313e-16,0.0,0.8884366103324558,0.9684709634324867,2.4470509860867746e-09,-2.4833989732034873,12.008680721286774,1.9112408968051373,0.20251523048067305,-2.4833989732034873,0.823127093655381,0.722435732226109,0.8126335016129259,0.8932651227025722,0.7730823048033116,0.08701603421250524,2.2567348772974283,0.11298396578749477,4.25,0.23529411764705885,2.625,0.14285714285714285
0.425,0.55,0.025,0.9750000000000001,2.0,1.5,0.85,0.6375,1.1,0.8250000000000001,0.05,0.037500000000000006,ok,`gtol` termination condition is satisfied.,True,True,True,5,5.684341886080802e-14,7.850462293418876e-16,-4.440892098500626e-16,-1.2212453270876722e-15,0.8820307386451992,0.9661315316923296,6.725922557624617e-10,-2.4382074423188627,11.875533258228105,1.8900498198992044,0.201118331672555,-2.4382074423188627,0.8273869571523554,0.7279328854401427,0.8153850643034886,0.9405951171318404,0.7730823048033112,0.04382400016981082,2.35940488286816,0.056175999830189186,4.25,0.23529411764705885,2.75,0.13636363636363635
0.425,0.575,0.0,1.0,2.0,1.5,0.85,0.6375,1.15,0.8624999999999999,0.0,0.0,ok,`gtol` termination condition is satisfied.,True,True,True,5,4.103374703539567e-15,6.661338147750939e-16,-2.220446049250313e-16,-1.6653345369377348e-16,0.8752748891350262,0.9636485828844924,1.6198990645041226e-09,-2.3944937174366525,11.747932092336459,1.86974146360326,0.1997163124725762,-2.3944937174366525,0.8319951498260526,0.7338732084628745,0.818373876186982,0.9887823270530649,nan,nan,2.461217672946935,nan,4.25,0.23529411764705885,2.875,0.13043478260869565
0.45,0.0,0.55,0.45,2.0,1.5,0.9,0.675,0.0,0.0,1.1,0.8250000000000001,ok,`gtol` termination condition is satisfied.,True,True,True,4,5.684341886080802e-14,5.117875266520903e-16,0.0,-3.0531133177191805e-16,0.9561242612818746,0.9873907475696635,1.937703164680535e-09,-0.9999999994129459,0.0,0.0,1.0,-0.9999999994129459,0.7920221004562407,0.7219227971956714,nan,nan,0.7730823048033114,0.8885092355931498,nan,1.3114907644068503,4.5,0.22222222222222224,0.0,nan
0.45,0.025,0.525,0.47500000000000003,2.0,1.5,0.9,0.675,0.05,0.037500000000000006,1.05,0.7875000000000001,ok,`gtol` termination condition is satisfied.,True,True,True,5,3.487868498008632e-14,6.106226635438361e-16,-4.440892098500626e-16,-7.771561172376096e-16,0.9570219172995058,0.9884090583092734,4.470787491144166e-09,-1.1901718348599954,0.0,0.0,1.0,-1.1901718348599954,0.7905376467542674,0.7198273590246856,0.8066604361483174,0.042061712394593415,0.7730823048033113,0.8481900000096226,0.10793828760540661,1.2518099999903773,4.5,0.22222222222222224,0.125,2.9999999999999996
0.45,0.05,0.5,0.5,2.0,1.5,0.9,0.675,0.1,0.07500000000000001,1.0,0.75,ok,`gtol` termination condition is satisfied.,True,True,True,5,8.71967124502158e-15,6.497413668604471e-16,0.0,5.551115123125783e-17,0.9562509280613397,0.9889850553746612,2.1055313396225856e-08,-1.3721686954471561,0.0,0.0,1.0,-1.3721686954471561,0.7897074512874487,0.7186526250282443,0.8034656116442952,0.08361321908142827,0.7730823048033114,0.8084512988349447,0.21638678091857177,1.1915487011650554,4.5,0.22222222222222224,0.25,1.4999999999999998
0.45,0.075,0.475,0.525,2.0,1.5,0.9,0.675,0.15,0.11249999999999999,0.95,0.7124999999999999,ok,`gtol` termination condition is satisfied.,True,True,True,5,1.162622832669544e-14,4.002966042486721e-16,4.440892098500626e-16,7.771561172376096e-16,0.9549331959907049,0.9892201563460604,8.917106048655133e-09,-1.54665876338649,0.0,0.0,1.0,-1.54665876338649,0.7893705792244171,0.7181753391743902,0.8012026543507228,0.1248759391433741,0.7730823048033113,0.7690885526303292,0.3251240608566259,1.1309114473696709,4.5,0.22222222222222224,0.375,1.0
0.45,0.1,0.45,0.55,2.0,1.5,0.9,0.675,0.2,0.15000000000000002,0.9,0.675,ok,`gtol` termination condition is satisfied.,True,True,True,5,1.743934249004316e-14,7.850462293418876e-16,-4.440892098500626e-16,-5.551115123125783e-16,0.9531686966959906,0.9891832905712934,5.939429422213709e-09,-1.7142049504806038,0.0,0.0,1.0,-1.7142049504806038,0.7894233272605414,0.7182500971323078,0.7996384515116001,0.16599868118713137,0.7730823048033113,0.7299590059291411,0.43400131881286874,1.070040994070859,4.5,0.22222222222222224,0.5,0.7499999999999999
0.45,0.125,0.425,0.575,2.0,1.5,0.9,0.675,0.25,0.1875,0.85,0.6375,ok,`gtol` termination condition is satisfied.,True,True,True,5,5.684341886080802e-14,7.076311083754595e-16,2.220446049250313e-16,2.7755575615628914e-16,0.9510268475983127,0.9889227728488622,9.249740953986153e-10,-1.8752866014778518,0.0,0.0,1.0,-1.8752866014778518,0.7897968879369361,0.718779280504927,0.7986160288575087,0.2070869460937323,0.7730823048033114,0.6909583685700152,0.5429130539062677,1.0090416314299846,4.5,0.22222222222222224,0.625,0.6
0.45,0.15,0.4,0.6,2.0,1.5,0.9,0.675,0.3,0.22499999999999998,0.8,0.6000000000000001,ok,`gtol` termination condition is satisfied.,True,True,True,5,6.394425579682492e-14,3.510833468576701e-16,-8.881784197001252e-16,-8.881784197001252e-16,0.948556759268409,0.9884732662250084,1.465522413812151e-09,-2.0303165176606304,0.0,0.0,1.0,-2.0303165176606304,0.790444762060868,0.719696030396075,0.7980266989010004,0.24821941738277437,0.7730823048033112,0.6520072075809693,0.6517805826172256,0.9479927924190308,4.5,0.22222222222222224,0.75,0.5
0.45,0.175,0.375,0.625,2.0,1.5,0.9,0.675,0.35,0.26249999999999996,0.75,0.5625,ok,`gtol` termination condition is satisfied.,True,True,True,5,9.965338565738948e-15,6.162737906427329e-16,-4.440892098500626e-16,-3.0531133177191805e-16,0.9457935223301513,0.987860057439188,3.442640666608158e-09,-2.179653794617888,0.0,0.0,1.0,-2.179653794617888,0.791335315629625,0.7209541257421528,0.7977935619790675,0.2894577362852371,0.7730823048033114,0.6130426091035193,0.7605422637147627,0.8869573908964807,4.5,0.22222222222222224,0.875,0.4285714285714286
0.45,0.2,0.35,0.65,2.0,1.5,0.9,0.675,0.4,0.30000000000000004,0.7,0.5249999999999999,ok,`gtol` termination condition is satisfied.,True,True,True,5,1.743934249004316e-14,1.27675647831893e-15,4.440892098500626e-16,1.096345236817342e-15,0.9427622056616575,0.9871017823645776,1.7603783925694157e-09,-2.3236140997920622,0.0,0.0,1.0,-2.3236140997920622,0.7924472042169542,0.7225217262669712,0.7978613434495117,0.330852568774175,0.7730823048033112,0.574012842382155,0.8691474312258252,0.8259871576178449,4.5,0.22222222222222224,1.0,0.37499999999999994
0.45,0.225,0.325,0.675,2.0,1.5,0.9,0.675,0.45,0.3375,0.65,0.48750000000000004,ok,`gtol` termination condition is satisfied.,True,True,True,5,7.750818884463627e-15,5.661048867003676e-16,0.0,6.106226635438361e-16,0.9394804727331886,0.9862122170321367,3.5873812574773683e-09,-2.4624776930512065,0.0,0.0,1.0,-2.4624776930512065,0.7937664716538023,0.724377382626911,0.7981899263187013,0.3724475370099596,0.7730823048033114,0.5348738081380675,0.9775524629900405,0.7651261918619325,4.5,0.22222222222222224,1.125,0.3333333333333333
0.45,0.25,0.3,0.7,2.0,1.5,0.9,0.675,0.5,0.375,0.6,0.44999999999999996,ok,`gtol` termination condition is satisfied.,True,True,True,5,5.684341886080802e-14,5.551115123125783e-16,-2.220446049250313e-16,1.942890293094024e-16,0.9359603300630855,0.9852014833671803,1.2149562615787094e-09,-2.596495937461685,0.0,0.0,1.0,-2.596495937461685,0.7952846671142006,0.7265074327299013,0.7987501228672365,0.4142818796544597,0.7730823048033112,0.495586584156534,1.0857181203455404,0.704413415843466,4.5,0.22222222222222224,1.25,0.3
0.45,0.275,0.275,0.7250000000000001,2.0,1.5,0.9,0.675,0.55,0.41250000000000003,0.55,0.41250000000000003,ok,`gtol` termination condition is satisfied.,True,True,True,5,1.2683158174576843e-14,7.135936359693696e-16,0.0,2.220446049250313e-16,0.9322093103873843,0.9840768755042516,2.2738028888701466e-09,-2.725896493884872,0.0,0.0,1.0,-2.725896493884872,0.7969976054149184,0.7289042784445833,0.7995208496052764,0.45639233809840113,0.7730823048033113,0.4561156629782309,1.193607661901599,0.6438843370217692,4.5,0.22222222222222224,1.375,0.2727272727272727
0.45,0.3,0.25,0.75,2.0,1.5,0.9,0.675,0.6,0.44999999999999996,0.5,0.375,ok,`gtol` termination condition is satisfied.,True,True,True,5,5.684341886080802e-14,8.95090418262362e-16,-4.440892098500626e-16,-1.6653345369377348e-16,0.9282312741587457,0.982843432028062,1.0682664343580735e-09,-2.8508875208971856,0.0,0.0,1.0,-2.8508875208971856,0.79890454884727,0.7315652427761392,0.8004872097073052,0.49881456693516735,0.7730823048033114,0.41642763302925473,1.3011854330648325,0.5835723669707453,4.5,0.22222222222222224,1.5,0.25
0.45,0.325,0.225,0.775,2.0,1.5,0.9,0.675,0.65,0.48750000000000004,0.45,0.3375,ok,`gtol` termination condition is satisfied.,True,True,True,5,5.684341886080802e-14,5.551115123125783e-16,0.0,9.992007221626409e-16,0.9240269432135189,0.9815043324100522,5.03725257238044e-10,-2.949585676212015,13.384778485216144,2.1302536581122005,0.2152051690492887,-2.949585676212015,0.801007676361441,0.7344918253749663,0.8016391803772278,0.5415842560554409,0.7730823048033113,0.3764901442718023,1.4084157439445593,0.5235098557281977,4.5,0.22222222222222224,1.625,0.23076923076923075
0.45,0.35,0.2,0.8,2.0,1.5,0.9,0.675,0.7,0.5249999999999999,0.4,0.30000000000000004,ok,`gtol` termination condition is satisfied.,True,True,True,5,1.9930677131477896e-14,4.002966042486721e-16,0.0,7.771561172376096e-16,0.9195942378328585,0.9800611673396008,3.812798044046142e-09,-2.891436023465709,13.166769670718839,2.0955564776473503,0.21449006150409053,-2.891436023465709,0.8033117578436403,0.7376892444599394,0.8029707164893477,0.5847380885810973,0.7730823048033114,0.3362710521654328,1.5152619114189023,0.46372894783456725,4.5,0.22222222222222224,1.75,0.2142857142857143
0.45,0.375,0.175,0.825,2.0,1.5,0.9,0.675,0.75,0.5625,0.35,0.26249999999999996,ok,`gtol` termination condition is satisfied.,True,True,True,5,5.684341886080802e-14,5.551115123125783e-16,0.0,4.440892098500626e-16,0.9149284611994403,0.9785141146303529,1.356726857655026e-09,-2.8351954506494943,12.963768462929243,2.063247831974011,0.21365165077210385,-2.8351954506494943,0.8058239834042802,0.7411661970127249,0.80447915130356,0.6283146230505031,0.7730823048033111,0.2957376649169261,1.6216853769494968,0.40426233508307385,4.5,0.22222222222222224,1.875,0.19999999999999998
0.45,0.4,0.15,0.8500000000000001,2.0,1.5,0.9,0.675,0.8,0.6000000000000001,0.3,0.22499999999999998,ok,`gtol` termination condition is satisfied.,True,True,True,5,3.487868498008632e-14,2.7755575615628914e-16,-4.440892098500626e-16,-4.996003610813204e-16,0.9100223568197928,0.9768620404905428,8.605072348594955e-10,-2.780790994890839,12.773996010616782,2.0330446081258122,0.21270977159740032,-2.780790994890839,0.8085539186598405,0.7449347979868622,0.806164819015052,0.6723551691149767,0.7730823048033113,0.2548560370005506,1.7276448308850236,0.3451439629994494,4.5,0.22222222222222224,2.0,0.18749999999999997
0.45,0.425,0.125,0.875,2.0,1.5,0.9,0.675,0.85,0.6375,0.25,0.1875,ok,`gtol` termination condition is satisfied.,True,True,True,5,1.6413498814158268e-14,5.661048867003676e-16,-2.220446049250313e-16,8.326672684688674e-17,0.9048660509284465,0.9751025375996408,2.3951466797696484e-15,-2.728152074486089,12.595913920289496,2.004701963174087,0.2116820050946514,-2.728152074486089,0.811513571897662,0.7490106799494036,0.8080308530629257,0.7169047179869643,0.7730823048033114,0.21359026123537367,1.8330952820130355,0.28640973876462633,4.5,0.22222222222222224,2.125,0.17647058823529413
0.45,0.45,0.1,0.9,2.0,1.5,0.9,0.675,0.9,0.675,0.2,0.15000000000000002,ok,`gtol` termination condition is satisfied.,True,True,True,5,5.684341886080802e-14,6.087272963323595e-16,-2.220446049250313e-16,4.718447854656915e-16,0.8994468806757763,0.9732319050232511,3.921204981476881e-10,-2.677210204258599,12.428178491885232,1.9780060406119118,0.21058402134260568,-2.677210204258599,0.814717570836224,0.7534132512179448,0.8100831348222204,0.7620129894635056,0.7730823048033115,0.17190171457873668,1.9379870105364945,0.22809828542126334,4.5,0.22222222222222224,2.25,0.16666666666666666
0.45,0.475,0.075,0.925,2.0,1.5,0.9,0.675,0.95,0.7124999999999999,0.15,0.11249999999999999,ok,`gtol` termination condition is satisfied.,True,True,True,5,1.468576209687845e-14,1.1226435567921847e-15,-4.440892098500626e-16,-3.3306690738754696e-16,0.8937490981208778,0.9712450694067919,1.1264474248644654e-09,-2.6278987127363704,12.269603975653434,1.9527681225052151,0.20942986984588238,-2.6278987127363704,0.8181834576068286,0.7581661261826493,0.8123303835802271,0.8077356660167371,0.7730823048033113,0.12974821005616613,2.0422643339832627,0.17025178994383386,4.5,0.22222222222222224,2.375,0.15789473684210525
0.45,0.5,0.05,0.95,2.0,1.5,0.9,0.675,1.0,0.75,0.1,0.07500000000000001,ok,`gtol` termination condition is satisfied.,True,True,True,5,1.9712085917482657e-16,2.7755575615628914e-16,0.0,1.6653345369377348e-16,0.887753427926701,0.9691354411901757,4.9784723045887205e-15,-2.5801524663057327,12.119132429488802,1.9288198321384338,0.20823223304481925,-2.5801524663057327,0.821932122474422,0.7632977587926425,0.8147843934810866,0.854135902425458,0.7730823048033114,0.08708299855386674,2.1458640975745418,0.11291700144613327,4.5,0.22222222222222224,2.5,0.15
0.45,0.525,0.025,0.9750000000000001,2.0,1.5,0.9,0.675,1.05,0.7875000000000001,0.05,0.037500000000000006,ok,`gtol` termination condition is satisfied.,True,True,True,5,2.6574236175303862e-14,8.881784197001252e-16,0.0,-6.661338147750939e-16,0.88143644107942,0.9668946928077228,2.422764022515398e-09,-2.5339075781263043,11.975808313013998,1.90600909053719,0.20700265407970445,-2.5339075781263043,0.8259884117953388,0.7688423322059084,0.8174604390290114,0.9012862299931831,0.7730823048033115,0.043853547957274364,2.2487137700068174,0.05614645204272564,4.5,0.22222222222222224,2.625,0.14285714285714285
0.45,0.55,0.0,1.0,2.0,1.5,0.9,0.675,1.1,0.8250000000000001,0.0,0.0,ok,`gtol` termination condition is satisfied.,True,True,True,5,7.750818884463627e-15,1.0235750533041806e-15,4.440892098500626e-16,1.1102230246251565e-16,0.8747696849045401,0.964512436696488,3.330830691635929e-10,-2.489101095255739,11.838756304583764,1.8841965859348462,0.20575175046519117,-2.489101095255739,0.8303819666998826,0.7748409886653104,0.820377890785562,0.9492710238604563,nan,nan,2.350728976139544,nan,4.5,0.22222222222222224,2.75,0.13636363636363635
0.475,0.0,0.525,0.475,2.0,1.5,0.95,0.7124999999999999,0.0,0.0,1.05,0.7875000000000001,ok,`gtol` termination condition is satisfied.,True,True,True,5,1.468576209687845e-14,4.996003610813204e-16,-4.440892098500626e-16,-4.718447854656915e-16,0.9514419785613294,0.9854660120823283,1.8357204425177056e-09,-0.9999999993109633,0.0,0.0,1.0,-0.9999999993109633,0.7948853649374285,0.7662781744191403,nan,nan,0.7730823048033113,0.8531643950279548,nan,1.2468356049720453,4.75,0.2105263157894737,0.0,nan
0.475,0.025,0.5,0.5,2.0,1.5,0.95,0.7124999999999999,0.05,0.037500000000000006,1.0,0.75,ok,`gtol` termination condition is satisfied.,True,True,True,5,2.6159013735064738e-14,7.850462293418876e-16,-4.440892098500626e-16,-5.551115123125783e-17,0.9514324887342301,0.9865377674931538,6.461388167024595e-09,-1.180405690704292,0.0,0.0,1.0,-1.180405690704292,0.7932818148590028,0.7639015443180005,0.8129294261302069,0.04255988950584716,0.7730823048033114,0.8125456235279573,0.10744011049415286,1.1874543764720427,4.75,0.2105263157894737,0.125,2.9999999999999996
0.475,0.05,0.475,0.525,2.0,1.5,0.95,0.7124999999999999,0.1,0.07500000000000001,0.95,0.7124999999999999,ok,`gtol` termination condition is satisfied.,True,True,True,5,1.743934249004316e-14,6.407872222066844e-16,2.220446049250313e-16,3.469446951953614e-16,0.9507092259698755,0.9871636706909612,6.649257871339837e-09,-1.3534753927874215,0.0,0.0,1.0,-1.3534753927874215,0.7923560159741572,0.7625262532692003,0.8093457956972357,0.08455092190497183,0.7730823048033113,0.7725055879350613,0.21544907809502822,1.1274944120649386,4.75,0.2105263157894737,0.25,1.4999999999999998
0.475,0.075,0.45,0.5499999999999999,2.0,1.5,0.95,0.7124999999999999,0.15,0.11249999999999999,0.9,0.675,ok,`gtol` termination condition is satisfied.,True,True,True,5,1.162622832669544e-14,2.482534153247273e-16,-2.220446049250313e-16,1.249000902703301e-16,0.9494214932126124,0.9874442208655018,1.131504424032081e-09,-1.5197884806964126,0.0,0.0,1.0,-1.5197884806964126,0.7919436209205173,0.7619128493304204,0.8067702954195659,0.12621140511672868,0.7730823048033114,0.732840028688048,0.3237885948832713,1.067159971311952,4.75,0.2105263157894737,0.375,1.0
0.475,0.1,0.425,0.575,2.0,1.5,0.95,0.7124999999999999,0.2,0.15000000000000002,0.85,0.6375,ok,`gtol` termination condition is satisfied.,True,True,True,5,8.71967124502158e-15,6.4796043696850615e-16,2.220446049250313e-16,-2.498001805406602e-16,0.9476706768721399,0.9874481188112411,3.762115947445319e-09,-1.6798357846134782,0.0,0.0,1.0,-1.6798357846134782,0.7919379024196779,0.7619043400522293,0.8049546993592451,0.16770251105148462,0.7730823048033113,0.6934053940042648,0.4322974889485155,1.0065946059957351,4.75,0.2105263157894737,0.5,0.7499999999999999
0.475,0.125,0.4,0.6,2.0,1.5,0.95,0.7124999999999999,0.25,0.1875,0.8,0.6000000000000001,ok,`gtol` termination condition is satisfied.,True,True,True,5,1.3951473992034527e-14,7.550332863779066e-16,0.0,7.494005416219807e-16,0.9455274660282836,0.9872237443897719,2.92848341205644e-09,-1.8340373764114057,0.0,0.0,1.0,-1.8340373764114057,0.7922675758599923,0.7623947472335437,0.803730565781358,0.20913901047448016,0.7730823048033114,0.6540961167849871,0.5408609895255199,0.945903883215013,4.75,0.2105263157894737,0.625,0.6
0.475,0.15,0.375,0.625,2.0,1.5,0.95,0.7124999999999999,0.3,0.22499999999999998,0.75,0.5625,ok,`gtol` termination condition is satisfied.,True,True,True,5,5.81311416334772e-15,3.1401849173675503e-16,-2.220446049250313e-16,0.0,0.9430420156953401,0.986805935477222,3.475649318051128e-09,-1.9827562847822957,0.0,0.0,1.0,-1.9827562847822957,0.7928841870630684,0.763311154331116,0.8029805040968627,0.2506067388221591,0.7730823048033114,0.6148312789382631,0.6493932611778408,0.8851687210617369,4.75,0.2105263157894737,0.75,0.5
0.47500000000000003,0.17500000000000002,0.35000000000000003,0.65,2.0,1.5,0.9500000000000001,0.7125,0.35000000000000003,0.2625,0.7000000000000001,0.525,ok,`gtol` termination condition is satisfied.,True,True,True,5,9.965338565738946e-15,9.992007221626409e-16,0.0,1.4988010832439613e-15,0.9402502160672901,0.9862201756782342,1.497228443514624e-09,-2.126309237505584,0.0,0.0,1.0,-2.126309237505584,0.793754598016389,0.7646029626163244,0.8026209919443159,0.2921730367146688,0.7730823048033113,0.5755463855416858,0.7578269632853312,0.8244536144583143,4.75,0.21052631578947367,0.8750000000000001,0.4285714285714285
0.475,0.2,0.325,0.675,2.0,1.5,0.95,0.7124999999999999,0.4,0.30000000000000004,0.65,0.48750000000000004,ok,`gtol` termination condition is satisfied.,True,True,True,5,1.743934249004316e-14,3.510833468576701e-16,-2.220446049250313e-16,-1.1102230246251565e-16,0.9371776979595996,0.9854852772223383,3.451169894920493e-10,-2.264975129452732,0.0,0.0,1.0,-2.264975129452732,0.7948563386141418,0.7662352133882477,0.8025917052147378,0.3338932784151122,0.7730823048033114,0.5361880668054636,0.866106721584888,0.7638119331945364,4.75,0.2105263157894737,1.0,0.37499999999999994
0.475,0.225,0.3,0.7,2.0,1.5,0.95,0.7124999999999999,0.45,0.3375,0.6,0.44999999999999996,ok,`gtol` termination condition is satisfied.,True,True,True,5,1.5501637768927254e-14,1.1102230246251565e-15,-2.220446049250313e-16,-3.608224830031759e-16,0.9338424625528035,0.9846151510520315,3.2013930878723475e-10,-2.3990018780867737,0.0,0.0,1.0,-2.3990018780867737,0.7961746447530058,0.7681843121215446,0.8028486810897355,0.3758151316112766,0.7730823048033113,0.49671052825546447,0.9741848683887235,0.7032894717445355,4.75,0.2105263157894737,1.125,0.3333333333333333
0.475,0.25,0.275,0.725,2.0,1.5,0.95,0.7124999999999999,0.5,0.375,0.55,0.41250000000000003,ok,`gtol` termination condition is satisfied.,True,True,True,5,2.7902947984069054e-14,5.117875266520903e-16,0.0,7.771561172376096e-16,0.9302566416038142,0.9836200018002134,2.388287677945621e-09,-2.5286118921349283,0.0,0.0,1.0,-2.5286118921349283,0.7977005295637433,0.7704352307787644,0.8033598223064683,0.4179814596823247,0.7730823048033112,0.45707307921904317,1.0820185403176752,0.6429269207809569,4.75,0.2105263157894737,1.25,0.3
0.475,0.275,0.25,0.75,2.0,1.5,0.95,0.7124999999999999,0.55,0.41250000000000003,0.5,0.375,ok,`gtol` termination condition is satisfied.,True,True,True,5,1.0285413492046302e-16,9.43689570931383e-16,0.0,0.0,0.9264276874026237,0.9825071477319411,1.957681630310327e-09,-2.6540065690374868,0.0,0.0,1.0,-2.6540065690374868,0.799429511861297,0.7729796551825556,0.8041018798173041,0.46043239459695884,0.7730823048033114,0.4172383421369677,1.1895676054030413,0.5827616578630324,4.75,0.2105263157894737,1.375,0.2727272727272727
0.47500000000000003,0.30000000000000004,0.22500000000000003,0.7750000000000001,2.0,1.5,0.9499999999999998,0.7124999999999999,0.6,0.44999999999999996,0.44999999999999996,0.33749999999999997,ok,`gtol` termination condition is satisfied.,True,True,True,5,1.162622832669544e-14,5.4672143489065705e-16,2.220446049250313e-16,2.7755575615628914e-16,0.9223591745356859,0.9812815879007076,3.1564739726592228e-09,-2.775369944894007,0.0,0.0,1.0,-2.775369944894007,0.8013607787188564,0.775814760176613,0.8050583983916708,0.5032069001241126,0.7730823048033113,0.3771708969411139,1.2967930998758872,0.5228291030588861,4.749999999999999,0.21052631578947373,1.5,0.25
0.475,0.325,0.2,0.8,2.0,1.5,0.95,0.7124999999999999,0.65,0.48750000000000004,0.4,0.30000000000000004,ok,`gtol` termination condition is satisfied.,True,True,True,5,3.756166074778527e-14,4.965068306494546e-16,-4.440892098500626e-16,-8.049116928532385e-16,0.9180513262728413,0.9799463929772081,2.482794079244349e-09,-2.892871687674886,0.0,0.0,1.0,-2.892871687674886,0.8034966468634892,0.7789424196983277,0.8062183089584216,0.5463440281699253,0.7730823048033112,0.33683620193302977,1.4036559718300747,0.4631637980669703,4.75,0.2105263157894737,1.625,0.23076923076923075
0.475,0.35,0.175,0.825,2.0,1.5,0.95,0.7124999999999999,0.7,0.5249999999999999,0.35,0.26249999999999996,ok,`gtol` termination condition is satisfied.,True,True,True,5,9.965338565738948e-15,4.440892098500626e-16,-2.220446049250313e-16,-4.163336342344337e-16,0.9135013357018915,0.9785029682098904,1.8807085566245464e-09,-2.932317659083061,13.155460974739386,2.093756642782297,0.21755837893520422,-2.932317659083061,0.8058422401587955,0.7823687336905901,0.8075749698619785,0.5898840045675535,0.7730823048033114,0.2961996836854748,1.5101159954324461,0.4038003163145252,4.75,0.2105263157894737,1.75,0.2142857142857143
0.475,0.375,0.15,0.85,2.0,1.5,0.95,0.7124999999999999,0.75,0.5625,0.3,0.22499999999999998,ok,`gtol` termination condition is satisfied.,True,True,True,5,5.684341886080802e-14,2.220446049250313e-16,0.0,1.6653345369377348e-16,0.9087035240539885,0.9769512191316688,2.232270818956292e-09,-2.8773843513840065,12.949346062755156,2.060952435695056,0.21691263431934896,-2.8773843513840065,0.8084053334361797,0.7861038010136976,0.8091255320620102,0.6338692433585612,0.7730823048033114,0.2552259183570792,1.616130756641439,0.3447740816429208,4.75,0.2105263157894737,1.875,0.19999999999999998
0.475,0.4,0.125,0.875,2.0,1.5,0.95,0.7124999999999999,0.8,0.6000000000000001,0.25,0.1875,ok,`gtol` termination condition is satisfied.,True,True,True,5,2.6159013735064738e-14,6.473657049138938e-16,-2.220446049250313e-16,-1.942890293094024e-16,0.9036493594463885,0.9752896386458232,2.8532360627147186e-15,-2.8241379562274105,12.756329620436208,2.0302329148019838,0.21615711140765553,-2.8241379562274105,0.8111963349856012,0.7901616993556291,0.8108705499941014,0.6783453694817628,0.7730823048033113,0.21387784341399088,1.7216546305182376,0.28612215658600915,4.75,0.2105263157894737,2.0,0.18749999999999997
0.47500000000000003,0.42500000000000004,0.10000000000000002,0.9000000000000001,2.0,1.5,0.9499999999999998,0.7124999999999999,0.8499999999999999,0.6375,0.19999999999999998,0.15,ok,`gtol` termination condition is satisfied.,True,True,True,5,2.4620248221237407e-14,3.1401849173675503e-16,0.0,7.771561172376096e-16,0.8983273445327151,0.9735153254607103,3.244279754877304e-09,-2.772516869362796,12.574893226795407,2.001356415897283,0.21530918913878744,-2.772516869362796,0.8142283961708991,0.7945606567583225,0.8128137913832791,0.7233623232791602,0.7730823048033113,0.17211594626576734,1.8266376767208397,0.22788405373423262,4.749999999999999,0.21052631578947373,2.1249999999999996,0.17647058823529413
0.475,0.45,0.075,0.925,2.0,1.5,0.95,0.7124999999999999,0.9,0.675,0.15,0.11249999999999999,ok,`gtol` termination condition is satisfied.,True,True,True,5,1.5501637768927254e-14,2.482534153247273e-16,-4.440892098500626e-16,-4.440892098500626e-16,0.8927227685768827,0.9716239368553085,1.2008769671404612e-14,-2.722461049723158,12.403705737855454,1.9741110808370004,0.21438448452533704,-2.722461049723158,0.8175176501553472,0.7993234194715347,0.8149622224540605,0.7689756240928113,0.7730823048033113,0.12989737665743184,1.9310243759071888,0.17010262334256815,4.75,0.2105263157894737,2.25,0.16666666666666666
0.475,0.475,0.05,0.95,2.0,1.5,0.95,0.7124999999999999,0.95,0.7124999999999999,0.1,0.07500000000000001,ok,`gtol` termination condition is satisfied.,True,True,True,5,1.1014321572658838e-14,5.978733960281817e-16,2.220446049250313e-16,2.7755575615628914e-16,0.8868173060210939,0.9696095722247878,3.7148865903759526e-10,-2.673911743853577,12.241587218344087,1.9483091170900266,0.21339713387791023,-2.673911743853577,0.821083595095606,0.8044778410665162,0.8173261641624013,0.8152478846289269,0.7730823048033114,0.08717492312728084,2.034752115371073,0.11282507687271917,4.75,0.2105263157894737,2.375,0.15789473684210525
0.475,0.5,0.025,0.975,2.0,1.5,0.95,0.7124999999999999,1.0,0.75,0.05,0.037500000000000006,ok,`gtol` termination condition is satisfied.,True,True,True,5,1.3951473992034527e-14,1.1710090180710446e-15,-4.440892098500626e-16,1.1102230246251565e-16,0.8805884273505808,0.9674645766473525,7.130383551521552e-10,-2.626811195290628,12.087478992642799,1.9237820311985452,0.21236004241724837,-2.626811195290628,0.8249496528008768,0.8100577417280445,0.8199196337872815,0.8622506952425825,0.7730823048033114,0.04389577927620954,2.1377493047574174,0.05610422072379047,4.75,0.2105263157894737,2.5,0.15
0.475,0.525,0.0,1.0,2.0,1.5,0.95,0.7124999999999999,1.05,0.7875000000000001,0.0,0.0,ok,`gtol` termination condition is satisfied.,True,True,True,5,6.6435590438259655e-15,6.661338147750939e-16,-4.440892098500626e-16,1.1102230246251565e-16,0.8740085658510192,0.9651792444846945,2.3989603125324797e-09,-2.5811023218082894,11.940417958800975,1.9003765407264142,0.21128511458094287,-2.5811023218082894,0.829143954782271,0.8161041190475457,0.8227609079828028,0.9100670435084554,nan,nan,2.239932956491545,nan,4.75,0.2105263157894737,2.625,0.14285714285714285
0.5,0.0,0.5,0.5,2.0,1.5,1.0,0.75,0.0,0.0,1.0,0.75,ok,`gtol` termination condition is satisfied.,True,True,True,5,1.0463605494025895e-14,5.855045090355223e-16,2.220446049250313e-16,5.551115123125783e-16,0.9455459052222693,0.9834755086290679,5.2318031790859015e-09,-0.9999999922434418,0.0,0.0,1.0,-0.9999999922434418,0.7979236794354508,0.811330503336814,nan,nan,0.7730823048033113,0.8176042014814531,nan,1.182395798518547,5.0,0.2,0.0,nan
0.5,0.025,0.475,0.525,2.0,1.5,1.0,0.75,0.05,0.037500000000000006,0.95,0.7124999999999999,ok,`xtol` termination condition is satisfied.,True,True,True,5,8.71967124502158e-14,9.50197851991224e-16,4.440892098500626e-16,-1.1657341758564144e-15,0.9456089718175683,0.9846035793980054,1.2929310961322538e-08,-1.1715963349575975,0.0,0.0,1.0,-1.1715963349575975,0.7961922769631522,0.8086424766502989,0.8197411256410636,0.043098451335383516,0.7730823048033114,0.77667218845385,0.10690154866461651,1.12332781154615,5.0,0.2,0.125,2.9999999999999996
0.5,0.05,0.45,0.55,2.0,1.5,1.0,0.75,0.1,0.07500000000000001,0.9,0.675,ok,`gtol` termination condition is satisfied.,True,True,True,5,3.487868498008632e-14,3.3766115072321297e-16,-2.220446049250313e-16,4.163336342344337e-16,0.9449363555433797,0.9852806095064234,5.785348861241038e-09,-1.3365760496448598,0.0,0.0,1.0,-1.3365760496448598,0.7951650823047619,0.8070442822406706,0.8157365947510884,0.08556425883408053,0.7730823048033114,0.7363184517573989,0.2144357411659195,1.0636815482426012,5.0,0.2,0.25,1.4999999999999998
0.5,0.075,0.425,0.575,2.0,1.5,1.0,0.75,0.15,0.11249999999999999,0.85,0.6375,ok,`gtol` termination condition is satisfied.,True,True,True,5,6.975736996017264e-14,8.400361489980555e-16,0.0,3.608224830031759e-16,0.9436794781715112,0.9856067641969355,9.58983298669253e-10,-1.495445227444302,0.0,0.0,1.0,-1.495445227444302,0.7946734667066971,0.8062784221597653,0.8128224734304855,0.12765423906394222,0.7730823048033113,0.6963380833035184,0.3223457609360577,1.0036619166964815,5.0,0.2,0.375,1.0
0.5,0.1,0.4,0.6,2.0,1.5,1.0,0.75,0.2,0.15000000000000002,0.8,0.6000000000000001,ok,`gtol` termination condition is satisfied.,True,True,True,5,5.684341886080802e-14,9.305364597889227e-16,0.0,-3.191891195797325e-16,0.9419416117719371,0.9856508399817698,1.9503531312053726e-09,-1.648634958277016,0.0,0.0,1.0,-1.648634958277016,0.7946071927518171,0.806175128675905,0.8107342434956003,0.1695430569578516,0.7730823048033115,0.6565861791361142,0.4304569430421485,0.9434138208638859,5.0,0.2,0.5,0.7499999999999999
0.5,0.125,0.375,0.625,2.0,1.5,1.0,0.75,0.25,0.1875,0.75,0.5625,ok,`gtol` termination condition is satisfied.,True,True,True,5,2.7902947984069054e-14,3.510833468576701e-16,-4.440892098500626e-16,3.0531133177191805e-16,0.939794990890308,0.9854614674580677,3.73312474534029e-09,-1.796515876183945,0.0,0.0,1.0,-1.796515876183945,0.794892213286002,0.8066192738477879,0.8092911720840318,0.21135559301688123,0.7730823048033112,0.6169555426691549,0.5386444069831188,0.8830444573308451,5.0,0.2,0.625,0.6
0.5,0.15,0.35,0.65,2.0,1.5,1.0,0.75,0.3,0.22499999999999998,0.7,0.5249999999999999,ok,`gtol` termination condition is satisfied.,True,True,True,5,5.684341886080802e-14,5.933464366067994e-16,-8.881784197001252e-16,-4.718447854656915e-16,0.9372909698678413,0.9850737664375826,3.5957696118199607e-09,-1.9394094586388133,0.0,0.0,1.0,-1.9394094586388133,0.7954779488395629,0.8075313503843744,0.8083665682846389,0.25318549426893483,0.7730823048033112,0.5773635197174912,0.646814505731065,0.8226364802825087,5.0,0.2,0.75,0.5
0.5,0.175,0.325,0.675,2.0,1.5,1.0,0.75,0.35,0.26249999999999996,0.65,0.48750000000000004,ok,`gtol` termination condition is satisfied.,True,True,True,5,2.9896015697216847e-14,5.551115123125783e-16,-2.220446049250313e-16,-4.996003610813204e-16,0.934466317363562,0.9845134771953329,1.0993299900339906e-09,-2.0775969947268984,0.0,0.0,1.0,-2.0775969947268984,0.7963296590605927,0.8088560263584857,0.8078698463239801,0.2951063465488277,0.7730823048033113,0.5377438317304797,0.7548936534511721,0.7622561682695204,5.0,0.2,0.875,0.4285714285714286
0.5,0.2,0.3,0.7,2.0,1.5,1.0,0.75,0.4,0.30000000000000004,0.6,0.44999999999999996,ok,`gtol` termination condition is satisfied.,True,True,True,5,8.71967124502158e-15,5.003707553108401e-16,-6.661338147750939e-16,-1.7208456881689926e-15,0.9313472521378163,0.9837996177299626,2.3688730083730307e-09,-2.211326661909306,0.0,0.0,1.0,-2.211326661909306,0.7974236991128721,0.8105549999631654,0.8077353072260807,0.3371787080908538,0.7730823048033113,0.4980412856936723,0.8628212919091464,0.7019587143063277,5.0,0.2,1.0,0.37499999999999994
0.5,0.225,0.275,0.725,2.0,1.5,1.0,0.75,0.45,0.3375,0.55,0.41250000000000003,ok,`gtol` termination condition is satisfied.,True,True,True,5,3.100327553785451e-14,2.220446049250313e-16,0.0,-2.7755575615628914e-16,0.9279520985397227,0.9829462422191855,9.431120621384535e-10,-2.3408193542859705,0.0,0.0,1.0,-2.3408193542859705,0.7987444850625248,0.8126024097301693,0.8079149066165145,0.37945472892605275,0.7730823048033114,0.4582082074181763,0.9705452710739473,0.6417917925818237,5.0,0.2,1.125,0.3333333333333333
0.5,0.25,0.25,0.75,2.0,1.5,1.0,0.75,0.5,0.375,0.5,0.375,ok,`gtol` termination condition is satisfied.,True,True,True,5,3.4878684980086318e-15,2.7755575615628914e-16,-2.220446049250313e-16,1.0269562977782698e-15,0.9242930644939158,0.9819636302625805,2.641606734519939e-09,-2.4662733880980516,0.0,0.0,1.0,-2.4662733880980516,0.8002825130970231,0.8149818266517924,0.8083734752931644,0.42198131953613716,0.7730823048033113,0.4182019396773264,1.0780186804638627,0.5817980603226736,5.0,0.2,1.25,0.3
0.5,0.275,0.225,0.775,2.0,1.5,1.0,0.75,0.55,0.41250000000000003,0.45,0.3375,ok,`gtol` termination condition is satisfied.,True,True,True,5,6.341579087288422e-15,9.992007221626409e-16,-4.440892098500626e-16,-1.1102230246251565e-15,0.9203774401583981,0.9808591028867474,3.2818494760759727e-15,-2.5878683594170018,0.0,0.0,1.0,-2.5878683594170018,0.8020330537136376,0.8176842640835872,0.8090854994208793,0.4648024314373725,0.7730823048033113,0.3779830121668544,1.1851975685626277,0.5220169878331455,5.0,0.2,1.375,0.2727272727272727
0.5,0.3,0.2,0.8,2.0,1.5,1.0,0.75,0.6,0.44999999999999996,0.4,0.30000000000000004,ok,`gtol` termination condition is satisfied.,True,True,True,5,2.325245665339088e-14,7.850462293418876e-16,-4.440892098500626e-16,2.7755575615628914e-16,0.9162083988068884,0.9796375853252975,1.5547842699655633e-09,-2.7057683384359668,0.0,0.0,1.0,-2.7057683384359668,0.8039952953320041,0.8207068689233991,0.8100329236641853,0.5079607931313681,0.7730823048033114,0.3375137384944475,1.2920392068686317,0.46248626150555255,5.0,0.2,1.5,0.25
0.5,0.325,0.175,0.825,2.0,1.5,1.0,0.75,0.65,0.48750000000000004,0.35,0.26249999999999996,ok,`gtol` termination condition is satisfied.,True,True,True,5,5.365951535397895e-15,1.2262814116578437e-15,2.220446049250313e-16,6.661338147750939e-16,0.9117855120972246,0.9783019916234281,2.203156028857084e-09,-2.8201245520604408,0.0,0.0,1.0,-2.8201245520604408,0.8061718005214833,0.824052089665783,0.8112036466119595,0.5514993216747581,0.7730823048033111,0.2967570805756637,1.398500678325242,0.40324291942433627,5.0,0.2,1.625,0.23076923076923075
0.5,0.35,0.15,0.85,2.0,1.5,1.0,0.75,0.7,0.5249999999999999,0.3,0.22499999999999998,ok,`gtol` termination condition is satisfied.,True,True,True,5,9.965338565738948e-15,5.33167196845001e-16,-4.440892098500626e-16,-9.159339953157541e-16,0.9071050486427977,0.9768534784076348,9.278408550040381e-10,-2.9310775914343368,0.0,0.0,1.0,-2.9310775914343368,0.8085681916809093,0.8277271971216741,0.8125905012526109,0.5954623602872484,0.7730823048033113,0.2556756704066381,1.5045376397127512,0.3443243295933619,5.0,0.2,1.75,0.2142857142857143
0.5,0.375,0.125,0.875,2.0,1.5,1.0,0.75,0.75,0.5625,0.25,0.1875,ok,`gtol` termination condition is satisfied.,True,True,True,5,9.300982661356352e-15,1.3080505198934866e-15,-2.220446049250313e-16,9.992007221626409e-16,0.902160096249116,0.9752915972785107,2.0072094589849772e-15,-2.916506979677831,12.93127411042724,2.058076195150747,0.22001264847681018,-2.916506979677831,0.8111930171886647,0.8317440850021135,0.8141905899676837,0.6398968539727402,0.7730823048033114,0.21423090757880245,1.6101031460272597,0.2857690924211975,5.0,0.2,1.875,0.19999999999999998
0.5,0.4,0.1,0.9,2.0,1.5,1.0,0.75,0.8,0.6000000000000001,0.2,0.15000000000000002,ok,`gtol` termination condition is satisfied.,True,True,True,5,2.6159013735064738e-14,5.959374814064025e-16,-2.220446049250313e-16,-1.1102230246251565e-15,0.8969405277041826,0.9736143630102467,1.2596784044084666e-09,-2.864401889887848,12.735213848899027,2.026872235384642,0.21943772959623967,-2.864401889887848,0.8140577724792311,0.836119313156295,0.8160048933921338,0.6848535567434484,0.7730823048033115,0.17238206568323994,1.715146443256552,0.22761793431676008,5.0,0.2,2.0,0.18749999999999997
0.5,0.425,0.075,0.925,2.0,1.5,1.0,0.75,0.85,0.6375,0.15,0.11249999999999999,ok,`gtol` termination condition is satisfied.,True,True,True,5,5.684341886080802e-14,3.3306690738754696e-16,-2.220446049250313e-16,-1.6653345369377348e-16,0.8914328134553733,0.9718182455128602,4.008741716557863e-10,-2.8137939633605695,12.550598925130249,1.9974898576983076,0.21876540015951904,-2.8137939633605695,0.8171770684458856,0.8408743838871172,0.8180381070660285,0.7303883602850807,0.7730823048033113,0.1300853457155153,1.8196116397149191,0.16991465428448468,5.0,0.2,2.125,0.17647058823529413
0.5,0.45,0.05,0.95,2.0,1.5,1.0,0.75,0.9,0.675,0.1,0.07500000000000001,ok,`gtol` termination condition is satisfied.,True,True,True,5,1.5501637768927254e-14,4.965068306494546e-16,0.0,5.551115123125783e-16,0.8856196688181279,0.9698980855957253,7.669953820294929e-10,-2.764630074459575,12.376107404598399,1.9697186696780427,0.21801122886432725,-2.764630074459575,0.820568955597686,0.8460362668864129,0.820298686257944,0.7765638431146344,0.7730823048033115,0.08729281112681259,1.9234361568853657,0.11270718887318742,5.0,0.2,2.25,0.16666666666666666
0.5,0.475,0.025,0.975,2.0,1.5,1.0,0.75,0.95,0.7124999999999999,0.05,0.037500000000000006,ok,`gtol` termination condition is satisfied.,True,True,True,5,1.468576209687845e-14,8.95090418262362e-16,2.220446049250313e-16,-1.1102230246251565e-16,0.8794795057333551,0.9678469265456651,7.351437189867471e-10,-2.7168579181736154,12.210561316017118,1.9433711913708032,0.21718944876385485,-2.7168579181736154,0.824255429523704,0.8516382156272869,0.8227991027555628,0.823451162858345,0.7730823048033115,0.043951126760974145,2.0265488371416547,0.05604887323902586,5.0,0.2,2.375,0.15789473684210525
0.5,0.5,0.0,1.0,2.0,1.5,1.0,0.75,1.0,0.75,0.0,0.0,ok,`gtol` termination condition is satisfied.,True,True,True,5,1.0463605494025895e-14,8.08254562088053e-16,-4.440892098500626e-16,-7.216449660063518e-16,0.8729856361611675,0.9656557439050222,3.1761871036680124e-09,-2.670425697816065,12.052896537395164,1.9182780625016296,0.21631321133732687,-2.670425697816065,0.8282631647558593,0.8577209528174502,0.8255563422413507,0.8711324570632928,nan,nan,2.128867542936707,nan,5.0,0.2,2.5,0.15
0.525,0.0,0.475,0.525,2.0,1.5,1.05,0.7875000000000001,0.0,0.0,0.95,0.7124999999999999,ok,`gtol` termination condition is satisfied.,True,True,True,5,6.6435590438259655e-15,9.036560719766055e-16,0.0,-3.608224830031759e-16,0.9393923764906819,0.9814135372432182,4.982672371417091e-09,-0.9999999924925718,0.0,0.0,1.0,-0.9999999924925718,0.8011514962131467,0.8571402768569433,nan,nan,0.7730823048033114,0.7818119541344084,nan,1.1181880458655915,5.25,0.19047619047619047,0.0,nan
0.525,0.025,0.45,0.55,2.0,1.5,1.05,0.7875000000000001,0.05,0.037500000000000006,0.9,0.675,ok,`gtol` termination condition is satisfied.,True,True,True,5,1.3287118087651931e-14,5.389157964038493e-16,-4.440892098500626e-16,4.996003610813204e-16,0.9395345579013539,0.9826011828692983,1.3984170100366999e-09,-1.1636099845547752,0.0,0.0,1.0,-1.1636099845547752,0.7992824998918309,0.8541070777420952,0.8271369023416338,0.043680962132407526,0.7730823048033113,0.7405518705742304,0.1063190378675925,1.0594481294257696,5.25,0.19047619047619047,0.125,2.9999999999999996
0.525,0.05,0.425,0.5750000000000001,2.0,1.5,1.05,0.7875000000000001,0.1,0.07500000000000001,0.85,0.6375,ok,`gtol` termination condition is satisfied.,True,True,True,5,8.71967124502158e-15,7.216449660063518e-16,0.0,5.551115123125783e-17,0.9389160174680592,0.983330912541005,7.54728056828136e-10,-1.3212247288379155,0.0,0.0,1.0,-1.3212247288379155,0.7981473906470188,0.8522611762644275,0.8226771643183142,0.08665985665277581,0.7730823048033113,0.6998708583701088,0.21334014334722423,1.0001291416298912,5.25,0.19047619047619047,0.25,1.4999999999999998
0.525,0.075,0.4,0.6,2.0,1.5,1.05,0.7875000000000001,0.15,0.11249999999999999,0.8,0.6000000000000001,ok,`gtol` termination condition is satisfied.,True,True,True,5,5.684341886080802e-14,4.577566798522237e-16,0.0,2.7755575615628914e-16,0.937691150888079,0.9837031198535205,6.906708711105277e-09,-1.4732893549224428,0.0,0.0,1.0,-1.4732893549224428,0.7975723475915477,0.8513249049121923,0.8193966431812425,0.12921380848091504,0.7730823048033115,0.6595624190938624,0.32078619151908494,0.9404375809061377,5.25,0.19047619047619047,0.375,1.0
0.525,0.1,0.375,0.625,2.0,1.5,1.05,0.7875000000000001,0.2,0.15000000000000002,0.75,0.5625,ok,`gtol` termination condition is satisfied.,True,True,True,5,5.684341886080802e-14,6.753223014464259e-16,0.0,-4.996003610813204e-16,0.9359656086394498,0.9837870163514421,3.320324545412165e-09,-1.62018494330073,0.0,0.0,1.0,-1.62018494330073,0.7974431004671619,0.8511143586707011,0.8170132526594955,0.17153223252152447,0.7730823048033115,0.6194797364887337,0.4284677674784756,0.8805202635112663,5.25,0.19047619047619047,0.5,0.7499999999999999
0.525,0.125,0.35,0.65,2.0,1.5,1.05,0.7875000000000001,0.25,0.1875,0.7,0.5249999999999999,ok,`gtol` termination condition is satisfied.,True,True,True,5,5.684341886080802e-14,5.117875266520903e-16,0.0,5.551115123125783e-16,0.9338134589177639,0.983631669879463,1.49941281388419e-09,-1.7622405904088323,0.0,0.0,1.0,-1.7622405904088323,0.7976825273831616,0.851504358186187,0.8153330781021637,0.21375105426812538,0.7730823048033114,0.5795136150527199,0.5362489457318746,0.82048638494728,5.25,0.19047619047619047,0.625,0.6
0.525,0.15,0.325,0.675,2.0,1.5,1.05,0.7875000000000001,0.3,0.22499999999999998,0.65,0.48750000000000004,ok,`gtol` termination condition is satisfied.,True,True,True,5,1.162622832669544e-14,4.996003610813204e-16,2.220446049250313e-16,1.1102230246251565e-16,0.9312874190898566,0.9832725914111787,1.7576186225376638e-09,-1.8997427876653699,0.0,0.0,1.0,-1.8997427876653699,0.7982377356591889,0.8524082027337384,0.8142194860740317,0.2559724686978077,0.7730823048033114,0.5395793906603474,0.6440275313021921,0.7604206093396526,5.25,0.19047619047619047,0.75,0.5
0.525,0.175,0.3,0.7,2.0,1.5,1.05,0.7875000000000001,0.35,0.26249999999999996,0.6,0.44999999999999996,ok,`gtol` termination condition is satisfied.,True,True,True,5,5.684341886080802e-14,5.551115123125783e-16,-2.220446049250313e-16,4.996003610813204e-16,0.9284252180627097,0.9827358392505409,1.4355851671406662e-09,-2.0329428929906563,0.0,0.0,1.0,-2.0329428929906563,0.799072274462623,0.8537654318434305,0.8135743579999086,0.29827691915719634,0.7730823048033113,0.4996087717757969,0.7517230808428035,0.7003912282242031,5.25,0.19047619047619047,0.875,0.4285714285714286
0.525,0.2,0.275,0.7250000000000001,2.0,1.5,1.05,0.7875000000000001,0.4,0.30000000000000004,0.55,0.41250000000000003,ok,`gtol` termination condition is satisfied.,True,True,True,5,2.6159013735064738e-14,6.407872222066844e-16,0.0,2.220446049250313e-16,0.9252536855135073,0.9820406667693397,9.959124461025933e-10,-2.162063211064039,0.0,0.0,1.0,-2.162063211064039,0.8001612720143643,0.8555341586606825,0.8133262785438153,0.34073068572896714,0.7730823048033113,0.4595445274080068,0.859269314271033,0.6404554725919933,5.25,0.19047619047619047,1.0,0.37499999999999994
0.525,0.225,0.25,0.75,2.0,1.5,1.05,0.7875000000000001,0.45,0.3375,0.5,0.375,ok,`gtol` termination condition is satisfied.,True,True,True,5,3.875409442231813e-14,4.577566798522237e-16,0.0,-3.3306690738754696e-16,0.921791445357771,0.9812012781316493,2.470408855997757e-09,-2.2873019143743725,0.0,0.0,1.0,-2.2873019143743725,0.8014883154644172,0.857686134327196,0.8134228803269096,0.3833909001207538,0.7730823048033114,0.41933688400810565,0.9666090998792463,0.5806631159918944,5.25,0.19047619047619047,1.125,0.3333333333333333
0.525,0.25,0.225,0.775,2.0,1.5,1.05,0.7875000000000001,0.5,0.375,0.45,0.3375,ok,`gtol` termination condition is satisfied.,True,True,True,5,2.7902947984069054e-14,5.900916318210353e-16,-4.440892098500626e-16,1.942890293094024e-16,0.9180507171324813,0.9802280165289387,2.020573518825581e-09,-2.408837077119855,0.0,0.0,1.0,-2.408837077119855,0.8030434117581112,0.8602035119663646,0.8138257633874064,0.4263090091929889,0.7730823048033113,0.37894097860748965,1.0736909908070111,0.5210590213925104,5.25,0.19047619047619047,1.25,0.3
0.525,0.275,0.2,0.8,2.0,1.5,1.05,0.7875000000000001,0.55,0.41250000000000003,0.4,0.30000000000000004,ok,`gtol` termination condition is satisfied.,True,True,True,5,1.9024737261865264e-14,8.08254562088053e-16,-2.220446049250313e-16,2.220446049250313e-16,0.9140385244594809,0.97912817834909,3.2517162354372856e-09,-2.5268300641289656,0.0,0.0,1.0,-2.5268300641289656,0.804821645460787,0.8630767109151003,0.8145070625484103,0.4695332883266863,0.7730823048033115,0.3383149764986003,1.1804667116733139,0.4616850235013997,5.25,0.19047619047619047,1.375,0.2727272727272727
0.525,0.3,0.175,0.825,2.0,1.5,1.05,0.7875000000000001,0.6,0.44999999999999996,0.35,0.26249999999999996,ok,`gtol` termination condition is satisfied.,True,True,True,5,2.325245665339088e-14,8.711006819470244e-16,2.220446049250313e-16,-2.220446049250313e-16,0.9097574925654064,0.9779065718244946,4.596084112264655e-09,-2.6414283566662666,0.0,0.0,1.0,-2.6414283566662666,0.8068223045378687,0.8663030233902581,0.8154471030494708,0.5131107747369118,0.7730823048033112,0.2974186075875664,1.2868892252630881,0.40258139241243357,5.25,0.19047619047619047,1.5,0.25
0.525,0.325,0.15,0.8500000000000001,2.0,1.5,1.05,0.7875000000000001,0.65,0.48750000000000004,0.3,0.22499999999999998,ok,`gtol` termination condition is satisfied.,True,True,True,5,1.6097854606193685e-14,1.1102230246251565e-15,4.440892098500626e-16,3.0531133177191805e-16,0.9052063465674652,0.976565894123917,7.242170332535338e-10,-2.7527678470120196,0.0,0.0,1.0,-2.7527678470120196,0.8090483354819411,0.8698857469501639,0.8166327985891576,0.5570888609635974,0.7730823048033113,0.25621195909689526,1.3929111390364026,0.3437880409031047,5.25,0.19047619047619047,1.625,0.23076923076923075
0.525,0.35,0.125,0.875,2.0,1.5,1.05,0.7875000000000001,0.7,0.5249999999999999,0.25,0.1875,ok,`gtol` termination condition is satisfied.,True,True,True,5,9.965338565738948e-15,6.753223014464259e-16,2.220446049250313e-16,3.3306690738754696e-16,0.90038017787815,0.9751069731330311,4.578325939264604e-10,-2.860974941405952,0.0,0.0,1.0,-2.860974941405952,0.8115060444214042,0.873833712730744,0.8180565750351743,0.601516715723931,0.7730823048033113,0.21465441038061536,1.4984832842760687,0.2853455896193846,5.25,0.19047619047619047,1.75,0.2142857142857143
0.525,0.375,0.1,0.9,2.0,1.5,1.05,0.7875000000000001,0.75,0.5625,0.2,0.15000000000000002,ok,`gtol` termination condition is satisfied.,True,True,True,5,1.8601965322712704e-14,4.440892098500626e-16,0.0,-4.440892098500626e-16,0.8952705160947134,0.9735289019944846,1.7412470281828132e-09,-2.9528837522447904,12.90943728976391,2.0546007572007667,0.22297946478033595,-2.9528837522447904,0.8142049966998419,0.8781611360313548,0.8197156842237411,0.6464466603130481,0.7730823048033114,0.17270362218016452,1.603553339686952,0.2272963778198355,5.25,0.19047619047619047,1.875,0.19999999999999998
0.525,0.4,0.075,0.925,2.0,1.5,1.05,0.7875000000000001,0.8,0.6000000000000001,0.15,0.11249999999999999,ok,`gtol` termination condition is satisfied.,True,True,True,5,8.71967124502158e-15,4.440892098500626e-16,6.661338147750939e-16,4.440892098500626e-16,0.8898652213112883,0.9718290816327533,2.4893923916067656e-09,-2.901896619242394,12.71048740707131,2.0229368999426867,0.2225800447239874,-2.901896619242394,0.8171580928373849,0.8828877563920152,0.8216118260282091,0.6919356122843702,0.7730823048033113,0.13031450487481328,1.70806438771563,0.1696854951251867,5.25,0.19047619047619047,2.0,0.18749999999999997
0.525,0.425,0.05,0.95,2.0,1.5,1.05,0.7875000000000001,0.85,0.6375,0.1,0.07500000000000001,ok,`gtol` termination condition is satisfied.,True,True,True,5,3.2826997628316536e-14,1.1957467920563633e-15,4.440892098500626e-16,4.440892098500626e-16,0.8841481924093634,0.9700031763230329,1.188957688022126e-09,-2.8522893170315466,12.52282218198769,1.9930690517241756,0.22207961090645717,-2.8522893170315466,0.8203818193673367,0.8880392676661066,0.8237510353861637,0.7380467092009086,0.7730823048033115,0.08743809142408697,1.8119532907990912,0.11256190857591304,5.25,0.19047619047619047,2.125,0.17647058823529413
0.525,0.45,0.025,0.9750000000000001,2.0,1.5,1.05,0.7875000000000001,0.9,0.675,0.05,0.037500000000000006,ok,`gtol` termination condition is satisfied.,True,True,True,5,1.5501637768927254e-14,5.578801654593729e-16,0.0,5.551115123125783e-16,0.8780988669049924,0.96804497794678,3.413950856401629e-09,-2.8040143469223473,12.345124545064428,1.9647875944320894,0.2214937286591512,-2.8040143469223473,0.8238966929054526,0.893648071379474,0.8261438221458861,0.784851243276398,0.7730823048033114,0.044020231316786146,1.9151487567236023,0.05597976868321386,5.25,0.19047619047619047,2.25,0.16666666666666666
0.525,0.475,0.0,1.0,2.0,1.5,1.05,0.7875000000000001,0.95,0.7124999999999999,0.0,0.0,ok,`gtol` termination condition is satisfied.,True,True,True,5,2.7755575615628914e-15,5.266250202865052e-16,-2.220446049250313e-16,-1.1102230246251565e-16,0.8716914635214381,0.9659461641287947,1.0912068181481545e-09,-2.757024591880405,12.176213239478317,1.9379045252039542,0.22083678620243424,-2.757024591880405,0.8277279388783859,0.8997544253474788,0.8288055815331348,0.8324310763569844,nan,nan,2.017568923643015,nan,5.25,0.19047619047619047,2.375,0.15789473684210525
0.55,0.0,0.45,0.55,2.0,1.5,1.1,0.8250000000000001,0.0,0.0,0.9,0.675,ok,`gtol` termination condition is satisfied.,True,True,True,5,1.5853947718221055e-14,4.742874840267547e-16,-4.440892098500626e-16,2.220446049250313e-16,0.9329611728577718,0.9792734076785675,3.1707897066778546e-09,-1.0000000006460323,0.0,0.0,1.0,-1.0000000006460323,0.8045855788715915,0.9037763405184326,nan,nan,0.7730823048033113,0.7457695931672493,nan,1.0542304068327506,5.5,0.18181818181818182,0.0,nan
0.55,0.025,0.425,0.5750000000000001,2.0,1.5,1.1,0.8250000000000001,0.05,0.037500000000000006,0.85,0.6375,ok,`gtol` termination condition is satisfied.,True,True,True,5,5.2318027470129476e-14,9.155133597044475e-16,-2.220446049250313e-16,-3.3306690738754696e-16,0.9331899172088944,0.9805243543038838,5.9662471638326945e-09,-1.156336644461613,0.0,0.0,1.0,-1.156336644461613,0.802568066472159,0.9003599647926441,0.835162633760112,0.044311457979839104,0.7730823048033113,0.7041653011513608,0.10568854202016092,0.9958346988486392,5.5,0.18181818181818182,0.125,2.9999999999999996
0.55,0.05,0.4,0.6000000000000001,2.0,1.5,1.1,0.8250000000000001,0.1,0.07500000000000001,0.8,0.6000000000000001,ok,`gtol` termination condition is satisfied.,True,True,True,5,1.743934249004316e-14,5.551115123125783e-16,-4.440892098500626e-16,-1.1102230246251565e-16,0.9326294648698087,0.9813087407623293,3.79328396594887e-09,-1.3072185043598803,0.0,0.0,1.0,-1.3072185043598803,0.8013176855172982,0.8982386658293438,0.8302109353209266,0.08784521390350485,0.7730823048033115,0.6631420806858002,0.21215478609649518,0.9368579193141999,5.5,0.18181818181818182,0.25,1.4999999999999998
0.55,0.075,0.375,0.625,2.0,1.5,1.1,0.8250000000000001,0.15,0.11249999999999999,0.75,0.5625,ok,`gtol` termination condition is satisfied.,True,True,True,5,2.90655708167386e-14,3.7341307954279784e-16,-2.220446049250313e-16,-1.1102230246251565e-16,0.931438082601313,0.9817277481848091,5.671367534401228e-09,-1.4530395302928265,0.0,0.0,1.0,-1.4530395302928265,0.8006544416485394,0.8971121448301966,0.8265343908164107,0.13090071617059765,0.7730823048033114,0.622490898142354,0.31909928382940234,0.877509101857646,5.5,0.18181818181818182,0.375,1.0
0.55,0.1,0.35,0.65,2.0,1.5,1.1,0.8250000000000001,0.2,0.15000000000000002,0.7,0.5249999999999999,ok,`gtol` termination condition is satisfied.,True,True,True,5,5.684341886080802e-14,8.326672684688674e-16,0.0,-2.7755575615628914e-17,0.929724323715816,0.9818513265850461,1.6162052646900048e-09,-1.5941386062136937,0.0,0.0,1.0,-1.5941386062136937,0.8004594582281616,0.8967807856546293,0.8238319510796224,0.17368353631549643,0.7730823048033112,0.582062445348833,0.42631646368450365,0.8179375546511669,5.5,0.18181818181818182,0.5,0.7499999999999999
0.55,0.125,0.325,0.675,2.0,1.5,1.1,0.8250000000000001,0.25,0.1875,0.65,0.48750000000000004,ok,`gtol` termination condition is satisfied.,True,True,True,5,2.092721098805179e-14,8.881784197001252e-16,-2.220446049250313e-16,-7.216449660063518e-16,0.927564399174406,0.9817291727702818,1.2544169200314434e-09,-1.7308096474352248,0.0,0.0,1.0,-1.7308096474352248,0.8006521922880583,0.8971083226870211,0.8218955497623114,0.21634169173978998,0.7730823048033114,0.5417451322726637,0.53365830826021,0.7582548677273363,5.5,0.18181818181818182,0.625,0.6
0.55,0.15,0.3,0.7000000000000001,2.0,1.5,1.1,0.8250000000000001,0.3,0.22499999999999998,0.6,0.44999999999999996,ok,`gtol` termination condition is satisfied.,True,True,True,5,1.743934249004316e-14,4.440892098500626e-16,-2.220446049250313e-16,-2.220446049250313e-16,0.9250125643483937,0.9813973021433815,4.966333230653023e-09,-1.8633094317279457,0.0,0.0,1.0,-1.8633094317279457,0.8011772288928217,0.8980001777642418,0.8205779171672728,0.25898675178840075,0.7730823048033112,0.5014519810428044,0.6410132482115991,0.6985480189571955,5.5,0.18181818181818182,0.75,0.5
0.55,0.175,0.275,0.7250000000000001,2.0,1.5,1.1,0.8250000000000001,0.35,0.26249999999999996,0.55,0.41250000000000003,ok,`gtol` termination condition is satisfied.,True,True,True,5,3.170789543644211e-15,3.3306690738754696e-16,0.0,1.3877787807814457e-16,0.9221075928635836,0.9808821544616503,2.1099631903248325e-09,-1.9918639100807154,0.0,0.0,1.0,-1.9918639100807154,0.8019962877044651,0.899390321724324,0.81977290103047,0.30170670850802556,0.7730823048033113,0.4611124243336803,0.7482932914919742,0.6388875756663197,5.5,0.18181818181818182,0.875,0.4285714285714286
0.55,0.2,0.25,0.75,2.0,1.5,1.1,0.8250000000000001,0.4,0.30000000000000004,0.5,0.375,ok,`gtol` termination condition is satisfied.,True,True,True,5,3.487868498008632e-14,5.551115123125783e-16,-4.440892098500626e-16,2.7755575615628914e-17,0.9188769429929293,0.9802032478409722,6.515371940816434e-10,-2.1166734124255018,0.0,0.0,1.0,-2.1166734124255018,0.8030832153823326,0.9012330237288573,0.81940301205983,0.34457417667858053,0.7730823048033113,0.4206669406053756,0.8554258233214196,0.5793330593946244,5.5,0.18181818181818182,1.0,0.37499999999999994
0.55,0.225,0.225,0.775,2.0,1.5,1.1,0.8250000000000001,0.45,0.3375,0.45,0.3375,ok,`gtol` termination condition is satisfied.,True,True,True,5,1.5501637768927254e-14,6.753223014464259e-16,-4.440892098500626e-16,2.7755575615628914e-16,0.9153395014046347,0.9793749404389359,1.5171381907040577e-09,-2.237916844479005,0.0,0.0,1.0,-2.237916844479005,0.8044207662583157,0.9034975333221922,0.8194113151339145,0.3876518457693622,0.7730823048033113,0.380063393557953,0.9623481542306379,0.519936606442047,5.5,0.18181818181818182,1.125,0.3333333333333333
0.55,0.25,0.2,0.8,2.0,1.5,1.1,0.8250000000000001,0.5,0.375,0.4,0.30000000000000004,ok,`gtol` termination condition is satisfied.,True,True,True,5,1.3951473992034527e-14,3.1031676915590914e-16,-2.220446049250313e-16,5.551115123125783e-17,0.9115074130344429,0.9784076221397333,1.135835273705236e-09,-2.3557551948820095,0.0,0.0,1.0,-2.3557551948820095,0.8059984983731463,0.9061645965834877,0.8197560291289204,0.4309962719997665,0.7730823048033114,0.3392544234959937,1.0690037280002336,0.4607455765040063,5.5,0.18181818181818182,1.25,0.3
0.55,0.275,0.175,0.8250000000000001,2.0,1.5,1.1,0.8250000000000001,0.55,0.41250000000000003,0.35,0.26249999999999996,ok,`gtol` termination condition is satisfied.,True,True,True,5,9.512368630932632e-15,3.510833468576701e-16,2.220446049250313e-16,1.3322676295501878e-15,0.9073872992705149,0.9773085285647163,1.8678136424644027e-09,-2.4703344975907076,0.0,0.0,1.0,-2.4703344975907076,0.8078113933986641,0.9092241669511729,0.8204068711662735,0.47466065499120513,0.7730823048033112,0.29819549700407766,1.175339345008795,0.4018045029959223,5.5,0.18181818181818182,1.375,0.2727272727272727
0.55,0.3,0.15,0.8500000000000001,2.0,1.5,1.1,0.8250000000000001,0.6,0.44999999999999996,0.3,0.22499999999999998,ok,`gtol` termination condition is satisfied.,True,True,True,5,2.7755575615628914e-15,4.742874840267547e-16,0.0,0.0,0.9029810476424498,0.97608229517571,5.284720256462103e-09,-2.5817883199037692,0.0,0.0,1.0,-2.5817883199037692,0.8098589670212908,0.9126739293668411,0.8213425608654578,0.5186969993933976,0.7730823048033114,0.2568433657013229,1.2813030006066022,0.3431566342986771,5.5,0.18181818181818182,1.5,0.25
0.55,0.325,0.125,0.875,2.0,1.5,1.1,0.8250000000000001,0.65,0.48750000000000004,0.25,0.1875,ok,`gtol` termination condition is satisfied.,True,True,True,5,4.292761228318316e-14,5.551115123125783e-16,0.0,2.7755575615628914e-16,0.8982862842312719,0.9747313245748942,4.762128569486873e-10,-2.690239831295303,0.0,0.0,1.0,-2.690239831295303,0.8121447292391277,0.9165184083446357,0.8225491228753036,0.5631579250299988,0.7730823048033114,0.21515476701976294,1.3868420749700014,0.28484523298023706,5.5,0.18181818181818182,1.625,0.23076923076923075
0.55,0.35,0.1,0.9,2.0,1.5,1.1,0.8250000000000001,0.7,0.5249999999999999,0.2,0.15000000000000002,ok,`gtol` termination condition is satisfied.,True,True,True,5,1.9930677131477896e-14,7.021666937153402e-16,0.0,1.1102230246251565e-16,0.8932965938325109,0.973256012029732,1.8075975117082224e-09,-2.795803701487968,0.0,0.0,1.0,-2.795803701487968,0.8146759115230321,0.9207685250321979,0.8240187616391303,0.60809831323813,0.7730823048033114,0.17308524629799737,1.4919016867618695,0.22691475370200265,5.5,0.18181818181818182,1.75,0.2142857142857143
0.55,0.375,0.075,0.925,2.0,1.5,1.1,0.8250000000000001,0.75,0.5625,0.15,0.11249999999999999,ok,`gtol` termination condition is satisfied.,True,True,True,5,1.8601965322712704e-14,4.577566798522237e-16,0.0,1.6653345369377348e-16,0.8880015206824017,0.9716548554529505,4.729387349866312e-09,-2.898587619025817,0.0,0.0,1.0,-2.898587619025817,0.8174634160178743,0.9254415316027855,0.8257491688241125,0.6535769386164576,0.7730823048033112,0.13058800353335343,1.5964230613835424,0.16941199646664656,5.5,0.18181818181818182,1.875,0.19999999999999998
0.55,0.4,0.05,0.9500000000000001,2.0,1.5,1.1,0.8250000000000001,0.8,0.6000000000000001,0.1,0.07500000000000001,ok,`gtol` termination condition is satisfied.,True,True,True,5,3.487868498008632e-14,4.440892098500626e-16,2.220446049250313e-16,1.1102230246251565e-16,0.8823863570827918,0.9699244622389449,2.4601370961096236e-09,-2.9368975878503365,12.681936998666233,2.0183929613177263,0.2256104346834178,-2.9368975878503365,0.8205219702876458,0.9305612987973672,0.8277431825412437,0.6996582229032695,0.7730823048033115,0.08761267653311819,1.7003417770967308,0.11238732346688182,5.5,0.18181818181818182,2.0,0.18749999999999997
0.55,0.425,0.025,0.9750000000000001,2.0,1.5,1.1,0.8250000000000001,0.85,0.6375,0.05,0.037500000000000006,ok,`gtol` termination condition is satisfied.,True,True,True,5,5.684341886080802e-14,7.771561172376096e-16,0.0,-1.1102230246251565e-16,0.8764317033846889,0.9680594536521405,2.7430637390615644e-09,-2.888272636753074,12.491298792658236,1.9880519484893826,0.22527901900093072,-2.888272636753074,0.8238704957209071,0.9361589744039106,0.8300087614630961,0.7464142570858433,0.7730823048033112,0.04410396736093339,1.8035857429141564,0.05589603263906662,5.5,0.18181818181818182,2.125,0.17647058823529413
0.55,0.45,0.0,1.0,2.0,1.5,1.1,0.8250000000000001,0.9,0.675,0.0,0.0,ok,`gtol` termination condition is satisfied.,True,True,True,5,7.750818884463627e-15,8.005932084973442e-16,-2.220446049250313e-16,-2.220446049250313e-16,0.870112755801934,0.9660522555810683,1.1257459950897913e-09,-2.8408768513147242,12.310437101727867,1.9592669163618557,0.22486001402719386,-2.8408768513147242,0.8275327236811708,0.9422740755382454,0.8325592752850319,0.7939272706932747,nan,nan,1.9060727293067254,nan,5.5,0.18181818181818182,2.25,0.16666666666666666
0.575,0.0,0.425,0.575,2.0,1.5,1.15,0.8624999999999999,0.0,0.0,0.85,0.6375,ok,`gtol` termination condition is satisfied.,True,True,True,5,3.0329291287031583e-15,7.791361360319881e-16,0.0,-1.1102230246251565e-16,0.9262288606048976,0.9770472542697424,7.582320488358349e-09,-1.0000000050575666,0.0,0.0,1.0,-1.0000000050575666,0.8082454792276401,0.9513176533170783,nan,nan,0.7730823048033113,0.7094574430056795,nan,0.9905425569943205,5.75,0.1739130434782609,0.0,nan
0.575,0.025,0.4,0.6,2.0,1.5,1.15,0.8624999999999999,0.05,0.037500000000000006,0.8,0.6000000000000001,ok,`gtol` termination condition is satisfied.,True,True,True,5,3.487868498008632e-14,7.301351988545593e-16,2.220446049250313e-16,5.551115123125783e-17,0.9265527024362477,0.978365791068702,5.502069098434157e-09,-1.149685122804309,0.0,0.0,1.0,-1.149685122804309,0.8060671045261937,0.9474750432479393,0.8438695794870633,0.04499454270830669,0.7730823048033115,0.6674912740705145,0.10500545729169333,0.9325087259294856,5.75,0.1739130434782609,0.125,2.9999999999999996
0.575,0.05,0.375,0.625,2.0,1.5,1.15,0.8624999999999999,0.1,0.07500000000000001,0.75,0.5625,ok,`gtol` termination condition is satisfied.,True,True,True,5,4.35983562251079e-14,7.550332863779066e-16,0.0,-4.440892098500626e-16,0.9260550314977051,0.9792072229276594,8.470304219211801e-09,-1.2943885403142177,0.0,0.0,1.0,-1.2943885403142177,0.8046931132896792,0.9450472368007607,0.8383864287789156,0.08912887511351666,0.7730823048033114,0.6261093659463806,0.21087112488648338,0.8738906340536194,5.75,0.1739130434782609,0.25,1.4999999999999998
0.5750000000000001,0.07500000000000001,0.35000000000000003,0.6500000000000001,2.0,1.5,1.15,0.8624999999999999,0.15,0.11249999999999999,0.7,0.5249999999999999,ok,`gtol` termination condition is satisfied.,True,True,True,5,6.975736996017264e-14,1.900395703982448e-15,0.0,-3.0531133177191805e-16,0.9248989556247682,0.9796740935105096,5.008034941781245e-10,-1.4344607993607923,0.0,0.0,1.0,-1.4344607993607923,0.8039362531030274,0.9437084201702057,0.8342822153956477,0.13272704454638232,0.7730823048033111,0.5850991722623001,0.31727295545361767,0.8149008277376998,5.75,0.1739130434782609,0.375,1.0
0.575,0.1,0.325,0.6749999999999999,2.0,1.5,1.15,0.8624999999999999,0.2,0.15000000000000002,0.65,0.48750000000000004,ok,`gtol` termination condition is satisfied.,True,True,True,5,5.684341886080802e-14,7.473417450352271e-16,-2.220446049250313e-16,6.38378239159465e-16,0.9231965026966061,0.9798374283032693,5.398333425470388e-09,-1.5702049912430014,0.0,0.0,1.0,-1.5702049912430014,0.8036723996705738,0.9432414326339693,0.8312353855239261,0.17601236406803905,0.7730823048033114,0.5443082774407911,0.42398763593196104,0.7556917225592089,5.75,0.1739130434782609,0.5,0.7499999999999999
0.575,0.125,0.3,0.7,2.0,1.5,1.15,0.8624999999999999,0.25,0.1875,0.6,0.44999999999999996,ok,`gtol` termination condition is satisfied.,True,True,True,5,2.7755575615628914e-15,3.510833468576701e-16,4.440892098500626e-16,7.494005416219807e-16,0.9210263640642037,0.9797477547074004,8.166787720443515e-09,-1.7018850245652517,0.0,0.0,1.0,-1.7018850245652517,0.8038171995979984,0.9434977269366288,0.8290226564292529,0.21914612225053753,0.7730823048033113,0.5036222642261436,0.5308538777494625,0.6963777357738563,5.75,0.1739130434782609,0.625,0.6
0.575,0.15,0.275,0.725,2.0,1.5,1.15,0.8624999999999999,0.3,0.22499999999999998,0.55,0.41250000000000003,ok,`gtol` termination condition is satisfied.,True,True,True,5,5.684341886080802e-14,2.7755575615628914e-16,-2.220446049250313e-16,-4.440892098500626e-16,0.9184445221343095,0.9794417119807338,7.289814892770755e-09,-1.8297322441741706,0.0,0.0,1.0,-1.8297322441741706,0.8043124813162954,0.9443740675932476,0.8274853687018808,0.2622501964216612,0.7730823048033115,0.4629514983155864,0.6377498035783387,0.6370485016844136,5.75,0.1739130434782609,0.75,0.5
0.575,0.175,0.25,0.75,2.0,1.5,1.15,0.8624999999999999,0.35,0.26249999999999996,0.5,0.375,ok,`gtol` termination condition is satisfied.,True,True,True,5,9.965338565738948e-15,1.2262814116578437e-15,-2.220446049250313e-16,9.43689570931383e-16,0.9154908818703165,0.9789461873396418,5.515385068574919e-09,-1.9539509037059595,0.0,0.0,1.0,-1.9539509037059595,0.8051180039559349,0.9457983661650368,0.8265088007541128,0.30542091349925177,0.7730823048033113,0.4222228315501792,0.744579086500748,0.5777771684498207,5.75,0.1739130434782609,0.875,0.4285714285714286
0.5750000000000001,0.20000000000000004,0.22500000000000003,0.7750000000000001,2.0,1.5,1.15,0.8624999999999999,0.39999999999999997,0.3,0.44999999999999996,0.33749999999999997,ok,`gtol` termination condition is satisfied.,True,True,True,5,1.7439342490043163e-14,5.117875266520903e-16,-6.661338147750939e-16,9.43689570931383e-16,0.912193539290208,0.9782809921488598,3.1979239401414914e-10,-2.0747225702973298,0.0,0.0,1.0,-2.0747225702973298,0.8062062768747651,0.947720773322459,0.8260090161670363,0.34873792758855215,0.7730823048033113,0.38137415162158067,0.8512620724114478,0.5186258483784192,5.75,0.1739130434782609,0.9999999999999999,0.375
0.575,0.225,0.2,0.7999999999999999,2.0,1.5,1.15,0.8624999999999999,0.45,0.3375,0.4,0.30000000000000004,ok,`gtol` termination condition is satisfied.,True,True,True,5,7.750818884463627e-15,3.925231146709438e-16,-2.220446049250313e-16,3.0531133177191805e-16,0.9085715879588396,0.9774606382054337,2.3859149741317673e-09,-2.1922096993746356,0.0,0.0,1.0,-2.1922096993746356,0.8075592263528379,0.9501079368380452,0.8259242679238291,0.39227015780189883,0.7730823048033114,0.3403506405213868,0.9577298421981013,0.45964935947861324,5.75,0.1739130434782609,1.125,0.3333333333333333
0.575,0.25,0.175,0.825,2.0,1.5,1.15,0.8624999999999999,0.5,0.375,0.35,0.26249999999999996,ok,`gtol` termination condition is satisfied.,True,True,True,5,2.092721098805179e-14,7.301351988545593e-16,-2.220446049250313e-16,0.0,0.9046369816436595,0.9764955370438575,1.3970260661530948e-09,-2.3065587714535143,0.0,0.0,1.0,-2.3065587714535143,0.8091660203133358,0.9529392486291952,0.8262092590273856,0.43607994928222216,0.7730823048033111,0.29910208423000456,1.063920050717778,0.4008979157699954,5.75,0.1739130434782609,1.25,0.3
0.575,0.275,0.15,0.85,2.0,1.5,1.15,0.8624999999999999,0.55,0.41250000000000003,0.3,0.22499999999999998,ok,`gtol` termination condition is satisfied.,True,True,True,5,3.0329291287031583e-15,4.041272810440265e-16,0.0,4.996003610813204e-16,0.9003957603265036,0.9753928148794079,1.3140539583276225e-09,-2.4179028748466056,0.0,0.0,1.0,-2.4179028748466056,0.8110216497916768,0.9562043958420373,0.8268312538669302,0.4802261509827262,0.7730823048033111,0.25758083462864406,1.169773849017274,0.3424191653713559,5.75,0.1739130434782609,1.375,0.2727272727272727
0.575,0.3,0.125,0.875,2.0,1.5,1.15,0.8624999999999999,0.6,0.44999999999999996,0.25,0.1875,ok,`gtol` termination condition is satisfied.,True,True,True,5,6.065858257406317e-15,6.753223014464259e-16,0.0,7.771561172376096e-16,0.8958488245694908,0.9741568607801325,2.4808402487628333e-10,-2.526363878847681,0.0,0.0,1.0,-2.526363878847681,0.8131260284249863,0.9599018087701846,0.8277674292791436,0.5247665454669258,0.7730823048033115,0.21574016831880763,1.275233454533074,0.2842598316811924,5.75,0.1739130434782609,1.5,0.25
0.5750000000000001,0.32500000000000007,0.10000000000000002,0.9000000000000001,2.0,1.5,1.15,0.8624999999999999,0.65,0.48750000000000004,0.19999999999999998,0.15,ok,`gtol` termination condition is satisfied.,True,True,True,5,5.365951535397895e-15,4.484050470211362e-16,-2.220446049250313e-16,5.551115123125783e-17,0.8909923685267764,0.9727896803933119,7.047119349203037e-10,-2.6320543817861752,0.0,0.0,1.0,-2.6320543817861752,0.8154834675987203,0.9640377633933788,0.8290030872559596,0.5697599221232916,0.7730823048033113,0.17353286786991787,1.3802400778767085,0.2264671321300821,5.75,0.1739130434782609,1.625,0.23076923076923075
0.5750000000000001,0.35000000000000003,0.07500000000000001,0.925,2.0,1.5,1.1500000000000001,0.8625,0.7000000000000001,0.525,0.15000000000000002,0.11250000000000002,ok,`gtol` termination condition is satisfied.,True,True,True,5,2.989601569721684e-14,6.280369834735101e-16,-6.661338147750939e-16,0.0,0.8858180328892591,0.9712910986884766,3.1228398434601247e-09,-2.735079363409416,0.0,0.0,1.0,-2.735079363409416,0.8181024455363684,0.9686260006265881,0.8305304946850076,0.6152680073629325,0.7730823048033115,0.1309098950517683,1.4847319926370677,0.16909010494823173,5.750000000000001,0.17391304347826086,1.7500000000000002,0.21428571428571425
0.575,0.375,0.05,0.95,2.0,1.5,1.15,0.8624999999999999,0.75,0.5625,0.1,0.07500000000000001,ok,`gtol` termination condition is satisfied.,True,True,True,5,3.0329291287031583e-15,6.329245045284193e-16,-2.220446049250313e-16,5.551115123125783e-16,0.8803128033597049,0.9696588352791715,5.945922529038461e-09,-2.8355376822904796,0.0,0.0,1.0,-2.8355376822904796,0.8209956302688178,0.9736877966334566,0.8323482085768624,0.6613574294039578,0.7730823048033115,0.08781904589514668,1.588642570596042,0.11218095410485333,5.75,0.1739130434782609,1.875,0.19999999999999998
0.575,0.4,0.025,0.975,2.0,1.5,1.15,0.8624999999999999,0.8,0.6000000000000001,0.05,0.037500000000000006,ok,`gtol` termination condition is satisfied.,True,True,True,5,1.743934249004316e-14,4.577566798522237e-16,-2.220446049250313e-16,2.220446049250313e-16,0.8744586499300578,0.9678884604196223,1.215765827840182e-09,-2.9335234364486786,0.0,0.0,1.0,-2.9335234364486786,0.8241801491559495,0.9792524761772917,0.8344608106017992,0.7081018902676496,0.7730823048033114,0.044203479768033925,1.6918981097323509,0.05579652023196608,5.75,0.1739130434782609,2.0,0.18749999999999997
0.575,0.425,0.0,1.0,2.0,1.5,1.15,0.8624999999999999,0.85,0.6375,0.0,0.0,ok,`gtol` termination condition is satisfied.,True,True,True,5,8.206749407079134e-15,7.771561172376096e-16,0.0,0.0,0.8682318709658535,0.9659732255033994,3.1000912175219276e-09,-2.9219831871498174,12.45569061670987,1.982384731272714,0.22838993803528743,-2.9219831871498174,0.8276781286700181,0.9853584166108661,0.8368790268898616,0.7555847415018415,nan,nan,1.7944152584981583,nan,5.75,0.1739130434782609,2.125,0.17647058823529413
0.6,0.0,0.4,0.6,2.0,1.5,1.2,0.8999999999999999,0.0,0.0,0.8,0.6000000000000001,ok,`gtol` termination condition is satisfied.,True,True,True,4,0.0,6.38378239159465e-16,0.0,1.4155343563970746e-15,0.9191680901437254,0.9747257868161289,5.813115888912977e-09,-1.000000003288359,0.0,0.0,1.0,-1.000000003288359,0.8121541624285733,0.9998555574257445,nan,nan,0.7730823048033114,0.6728539104810992,nan,0.9271460895189009,6.0,0.16666666666666669,0.0,nan
0.6,0.025,0.375,0.625,2.0,1.5,1.2,0.8999999999999999,0.05,0.037500000000000006,0.75,0.5625,ok,`xtol` termination condition is satisfied.,True,True,True,5,4.35983562251079e-14,3.3306690738754696e-16,0.0,-3.0531133177191805e-16,0.9195969029831476,0.9761168884542637,1.404287506353833e-09,-1.1435792242116463,0.0,0.0,1.0,-1.1435792242116463,0.8098008462734689,0.9955375498799136,0.8533155067433015,0.04573551204193007,0.7730823048033114,0.630506395488708,0.10426448795806995,0.869493604511292,6.0,0.16666666666666669,0.125,2.9999999999999996
0.6,0.05,0.35,0.65,2.0,1.5,1.2,0.8999999999999999,0.1,0.07500000000000001,0.7,0.5249999999999999,ok,`gtol` termination condition is satisfied.,True,True,True,5,1.743934249004316e-14,4.440892098500626e-16,0.0,2.498001805406602e-16,0.9191675183263641,0.9770182502934742,5.196273600211319e-09,-1.2825931474232126,0.0,0.0,1.0,-1.2825931474232126,0.808293740515753,0.9927680351186394,0.8472583042580978,0.09052065576215239,0.7730823048033112,0.5887475379326577,0.20947934423784764,0.8112524620673423,6.0,0.16666666666666669,0.25,1.4999999999999998
0.6,0.075,0.325,0.6749999999999999,2.0,1.5,1.2,0.8999999999999999,0.15,0.11249999999999999,0.65,0.48750000000000004,ok,`gtol` termination condition is satisfied.,True,True,True,5,1.162622832669544e-14,6.684427777288335e-16,0.0,1.942890293094024e-16,0.9180489642236318,0.9775343898127294,2.4337978855226186e-10,-1.4173554265819523,0.0,0.0,1.0,-1.4173554265819523,0.807437107340913,0.9911922679208419,0.8426925336961429,0.13470667090807728,0.7730823048033113,0.547360236441316,0.31529332909192265,0.752639763558684,6.0,0.16666666666666669,0.375,1.0
0.6,0.1,0.3,0.7,2.0,1.5,1.2,0.8999999999999999,0.2,0.15000000000000002,0.6,0.44999999999999996,ok,`gtol` termination condition is satisfied.,True,True,True,5,2.90655708167386e-15,3.3537189618722464e-16,0.0,-1.1102230246251565e-16,0.9163573808880974,0.9777377690732493,1.973445804277801e-09,-1.5481384638789089,0.0,0.0,1.0,-1.5481384638789089,0.8071008448881883,0.9905733873652447,0.8392744117787637,0.17853641187092337,0.7730823048033113,0.5061882978805085,0.4214635881290767,0.6938117021194915,6.0,0.16666666666666669,0.5,0.7499999999999999
0.6,0.125,0.275,0.725,2.0,1.5,1.2,0.8999999999999999,0.25,0.1875,0.55,0.41250000000000003,ok,`gtol` termination condition is satisfied.,True,True,True,5,6.9757369960172635e-15,3.1031676915590914e-16,0.0,-9.43689570931383e-16,0.9141743153028316,0.9776799629903286,3.1920091413537037e-09,-1.6751803883258467,0.0,0.0,1.0,-1.6751803883258467,0.8071963459639585,0.9907491733737537,0.8367642599143396,0.22218577664801045,0.7730823048033113,0.4651139946991073,0.5278142233519896,0.6348860053008928,6.0,0.16666666666666669,0.625,0.6
0.6,0.15,0.25,0.75,2.0,1.5,1.2,0.8999999999999999,0.3,0.22499999999999998,0.5,0.375,ok,`gtol` termination condition is satisfied.,True,True,True,5,2.7755575615628914e-15,4.440892098500626e-16,0.0,-5.551115123125783e-17,0.9115576831335099,0.977398362662689,7.31984386146616e-10,-1.7986907681057545,0.0,0.0,1.0,-1.7986907681057545,0.8076624175352184,0.9916068392031284,0.8349912055335331,0.2657880136070597,0.7730823048033112,0.424044643091491,0.6342119863929402,0.575955356908509,6.0,0.16666666666666669,0.75,0.5
0.6000000000000001,0.17500000000000002,0.22500000000000003,0.7750000000000001,2.0,1.5,1.2,0.8999999999999999,0.35,0.26249999999999996,0.44999999999999996,0.33749999999999997,ok,`gtol` termination condition is satisfied.,True,True,True,5,9.965338565738948e-15,7.850462293418876e-16,0.0,-1.6653345369377348e-16,0.9085486082998125,0.9769203718202307,4.394397706402e-09,-1.9188551624404064,0.0,0.0,1.0,-1.9188551624404064,0.8084567140958708,0.9930676899565855,0.8338313836726696,0.30944868687235894,0.7730823048033114,0.38290415502644265,0.7405513131276409,0.5170958449735572,6.0,0.16666666666666669,0.875,0.4285714285714286
0.6,0.2,0.2,0.8,2.0,1.5,1.2,0.8999999999999999,0.4,0.30000000000000004,0.4,0.30000000000000004,ok,`gtol` termination condition is satisfied.,True,True,True,5,4.35983562251079e-14,4.002966042486721e-16,-6.661338147750939e-16,1.942890293094024e-16,0.9051758203945235,0.9762661217084946,2.19826161776625e-09,-2.035838990920177,0.0,0.0,1.0,-2.035838990920177,0.8095503530038559,0.9950774711966268,0.8331940235400116,0.3532553087955526,0.7730823048033114,0.34162746612756906,0.8467446912044476,0.458372533872431,6.0,0.16666666666666669,1.0,0.37499999999999994
0.6,0.225,0.175,0.825,2.0,1.5,1.2,0.8999999999999999,0.45,0.3375,0.35,0.26249999999999996,ok,`gtol` termination condition is satisfied.,True,True,True,5,1.5501637768927254e-14,5.978733960281817e-16,-6.661338147750939e-16,-1.1102230246251565e-16,0.9014585365516699,0.9754502707031364,5.864603545782514e-10,-2.1497906436872087,0.0,0.0,1.0,-2.1497906436872087,0.8109244511454778,0.9976001551295121,0.8330123288443325,0.3972838217996477,0.7730823048033112,0.3001566857597226,0.9527161782003524,0.39984331424027736,6.0,0.16666666666666669,1.125,0.3333333333333333
0.6,0.25,0.15,0.85,2.0,1.5,1.2,0.8999999999999999,0.5,0.375,0.3,0.22499999999999998,ok,`gtol` termination condition is satisfied.,True,True,True,5,2.092721098805179e-14,4.965068306494546e-16,-4.440892098500626e-16,-6.661338147750939e-16,0.8974083598737665,0.9744832150286598,4.1250089643013e-09,-2.2608442417609815,0.0,0.0,1.0,-2.2608442417609815,0.8125678721251004,1.0006138961782354,0.83323737877743,0.4416031779050254,0.7730823048033114,0.25843830056766687,1.0583968220949747,0.3415616994323331,6.0,0.16666666666666669,1.25,0.3
0.6,0.275,0.125,0.875,2.0,1.5,1.2,0.8999999999999999,0.55,0.41250000000000003,0.25,0.1875,ok,`gtol` termination condition is satisfied.,True,True,True,5,2.90655708167386e-15,7.850462293418876e-16,-2.220446049250313e-16,-1.1102230246251565e-16,0.8930305085335797,0.9733719048467793,2.8479824707094968e-09,-2.369121872055016,0.0,0.0,1.0,-2.369121872055016,0.8144757704355725,1.0041084190492813,0.8338339980993811,0.486278765761408,0.7730823048033113,0.21642102297063961,1.163721234238592,0.2835789770293604,6.0,0.16666666666666669,1.375,0.2727272727272727
0.6000000000000001,0.30000000000000004,0.10000000000000002,0.9000000000000001,2.0,1.5,1.2,0.8999999999999999,0.6,0.44999999999999996,0.19999999999999998,0.15,ok,`gtol` termination condition is satisfied.,True,True,True,5,2.90655708167386e-14,1.1157603309187458e-15,-4.440892098500626e-16,3.3306690738754696e-16,0.8883245626094451,0.9721203836109262,1.4675764364774562e-09,-2.474735613304654,0.0,0.0,1.0,-2.474735613304654,0.8166486878704677,1.0080834040373132,0.8347779567987934,0.5313751614155132,0.7730823048033113,0.17405401974530327,1.2686248385844867,0.2259459802546967,6.0,0.16666666666666669,1.5,0.25
0.6,0.325,0.075,0.925,2.0,1.5,1.2,0.8999999999999999,0.65,0.48750000000000004,0.15,0.11249999999999999,ok,`gtol` termination condition is satisfied.,True,True,True,5,5.365951535397895e-15,7.850462293418876e-16,0.0,1.1102230246251565e-15,0.8832848369177917,0.9707301220911807,6.953444754939762e-10,-2.5777892572860255,0.0,0.0,1.0,-2.5777892572860255,0.8190920585958277,1.012547615394455,0.8360541049768108,0.5769585284963213,0.7730823048033113,0.13128533500602757,1.373041471503679,0.16871466499397242,6.0,0.16666666666666669,1.625,0.23076923076923075
0.6,0.35,0.05,0.95,2.0,1.5,1.2,0.8999999999999999,0.7,0.5249999999999999,0.1,0.07500000000000001,ok,`gtol` termination condition is satisfied.,True,True,True,5,2.9896015697216847e-14,3.3306690738754696e-16,0.0,5.551115123125783e-16,0.8779004348031166,0.9692001882264358,2.202425378833016e-09,-2.6783798763895024,0.0,0.0,1.0,-2.6783798763895024,0.8218160444039038,1.0175186357416202,0.8376552014909551,0.623098915466518,0.7730823048033114,0.08806036244607714,1.4769010845334818,0.11193963755392287,6.0,0.16666666666666669,1.75,0.2142857142857143
0.6,0.375,0.025,0.975,2.0,1.5,1.2,0.8999999999999999,0.75,0.5625,0.05,0.037500000000000006,ok,`gtol` termination condition is satisfied.,True,True,True,5,9.300982661356352e-15,1.0235750533041806e-15,-4.440892098500626e-16,-1.1102230246251565e-16,0.8721549966696683,0.967527272216665,8.392040865822111e-10,-2.7765992549563845,0.0,0.0,1.0,-2.7765992549563845,0.8248356684404786,1.0230231545420676,0.8395812966138636,0.6698726676771701,0.7730823048033114,0.04432023595320403,1.5801273323228298,0.055679764046795976,6.0,0.16666666666666669,1.875,0.19999999999999998
0.6,0.4,0.0,1.0,2.0,1.5,1.2,0.8999999999999999,0.8,0.6000000000000001,0.0,0.0,ok,`gtol` termination condition is satisfied.,True,True,True,5,8.71967124502158e-15,1.5700924586837752e-16,-4.440892098500626e-16,-5.551115123125783e-16,0.8660261187116818,0.9657055680528289,8.012052050148419e-10,-2.872535233208387,0.0,0.0,1.0,-2.872535233208387,0.8281712554310575,1.0290978320867492,0.8418396040162396,0.7173651809116021,nan,nan,1.6826348190883982,nan,6.0,0.16666666666666669,2.0,0.18749999999999997
0.625,0.0,0.375,0.625,2.0,1.5,1.25,0.9375,0.0,0.0,0.75,0.5625,ok,`gtol` termination condition is satisfied.,True,True,True,5,1.3951473992034527e-14,6.597425008528065e-16,0.0,6.106226635438361e-16,0.9117466690655339,0.9722979555320382,0.0,-0.9999999974752426,0.0,0.0,1.0,-0.9999999974752426,0.8163388350841861,1.0494967494782608,nan,nan,0.7730823048033115,0.6359351213169152,nan,0.8640648786830848,6.25,0.16,0.0,nan
0.625,0.025,0.35,0.65,2.0,1.5,1.25,0.9375,0.05,0.037500000000000006,0.7,0.5249999999999999,ok,`gtol` termination condition is satisfied.,True,True,True,5,6.975736996017264e-14,8.08254562088053e-16,-4.440892098500626e-16,-6.106226635438361e-16,0.9122919964101494,0.9737674411792692,1.2804554197833442e-09,-1.1379546967956686,0.0,0.0,1.0,-1.1379546967956686,0.8137943654207038,1.0446467131248096,0.8635661618659771,0.04654051642663924,0.7730823048033112,0.5931846552329322,0.10345948357336078,0.8068153447670677,6.25,0.16,0.125,2.9999999999999996
0.625,0.05,0.325,0.675,2.0,1.5,1.25,0.9375,0.1,0.07500000000000001,0.65,0.48750000000000004,ok,`gtol` termination condition is satisfied.,True,True,True,5,2.6159013735064738e-14,5.661048867003676e-16,0.0,-2.7755575615628914e-17,0.911937388843233,0.9747322013304079,2.51914191721537e-09,-1.2717126333130788,0.0,0.0,1.0,-1.2717126333130788,0.8121432357939785,1.0414953392909962,0.8568887264951008,0.09203193650809431,0.7730823048033113,0.5510285072964975,0.20796806349190572,0.7489714927035025,6.25,0.16,0.25,1.4999999999999998
0.625,0.075,0.3,0.7,2.0,1.5,1.25,0.9375,0.15,0.11249999999999999,0.6,0.44999999999999996,ok,`gtol` termination condition is satisfied.,True,True,True,5,8.370884395220716e-15,5.453105385130469e-16,-2.220446049250313e-16,-6.38378239159465e-16,0.9108590282261709,0.9752993987861768,6.156465937982442e-09,-1.4015558177090037,0.0,0.0,1.0,-1.4015558177090037,0.8111798025860297,1.03965485316047,0.8518249884829193,0.1368556794082602,0.7730823048033113,0.5092438769425148,0.31314432059173974,0.6907561230574851,6.25,0.16,0.375,1.0
0.625,0.1,0.275,0.725,2.0,1.5,1.25,0.9375,0.2,0.15000000000000002,0.55,0.41250000000000003,ok,`gtol` termination condition is satisfied.,True,True,True,5,5.684341886080802e-14,5.661048867003676e-16,0.0,3.608224830031759e-16,0.9091778944453942,0.9755433299069965,5.775139969219767e-09,-1.5277302099674093,0.0,0.0,1.0,-1.5277302099674093,0.8107671410533527,1.0388661325922952,0.8480069795328752,0.18127620336120895,0.7730823048033113,0.46767004591680467,0.4187237966387911,0.6323299540831955,6.25,0.16,0.5,0.7499999999999999
0.625,0.125,0.25,0.75,2.0,1.5,1.25,0.9375,0.25,0.1875,0.5,0.375,ok,`gtol` termination condition is satisfied.,True,True,True,5,5.684341886080802e-14,1.1710090180710446e-15,0.0,3.885780586188048e-16,0.9069788143047327,0.9755168557538711,2.145402540238585e-09,-1.6504517383652864,0.0,0.0,1.0,-1.6504517383652864,0.8108118787530746,1.0389516515920245,0.8451773048009208,0.2254855478465595,0.7730823048033113,0.426185426059779,0.5245144521534405,0.573814573940221,6.25,0.16,0.625,0.6
0.625,0.15,0.225,0.775,2.0,1.5,1.25,0.9375,0.3,0.22499999999999998,0.45,0.3375,ok,`gtol` termination condition is satisfied.,True,True,True,5,4.069179914343404e-14,4.002966042486721e-16,-4.440892098500626e-16,1.6653345369377348e-16,0.9043218637049081,0.9752582586089266,6.810922375679924e-09,-1.7699111100202267,0.0,0.0,1.0,-1.7699111100202267,0.811249499611697,1.0397880413348592,0.8431519720888013,0.2696295541129702,0.7730823048033113,0.3846938254221068,0.6303704458870297,0.5153061745778933,6.25,0.16,0.75,0.5
0.625,0.175,0.2,0.8,2.0,1.5,1.25,0.9375,0.35,0.26249999999999996,0.4,0.30000000000000004,ok,`gtol` termination condition is satisfied.,True,True,True,5,5.684341886080802e-14,6.661338147750939e-16,-2.220446049250313e-16,-1.6653345369377348e-16,0.9012494719416685,0.9747955311494355,2.3211965299274627e-09,-1.8862777446591108,0.0,0.0,1.0,-1.8862777446591108,0.8120353954445949,1.0412893903081897,0.8417973566095378,0.3138240703853533,0.7730823048033114,0.34311578708069307,0.7361759296146465,0.456884212919307,6.25,0.16,0.875,0.4285714285714286
0.625,0.2,0.175,0.825,2.0,1.5,1.25,0.9375,0.4,0.30000000000000004,0.35,0.26249999999999996,ok,`gtol` termination condition is satisfied.,True,True,True,5,4.35983562251079e-14,4.965068306494546e-16,4.440892098500626e-16,3.3306690738754696e-16,0.8977909774270068,0.9741491476178655,2.467865062516841e-09,-1.9997031375439112,0.0,0.0,1.0,-1.9997031375439112,0.8131392415767247,1.0433967472603318,0.8410154551141663,0.3581654312574701,0.7730823048033112,0.3013828535642171,0.8418345687425302,0.39861714643578283,6.25,0.16,1.0,0.37499999999999994
0.625,0.225,0.15,0.85,2.0,1.5,1.25,0.9375,0.45,0.3375,0.3,0.22499999999999998,ok,`gtol` termination condition is satisfied.,True,True,True,5,7.750818884463627e-15,1.0053497077208614e-15,-2.220446049250313e-16,-2.220446049250313e-16,0.8939655975552259,0.9733338956739284,1.1535087147276972e-09,-2.1103236164070722,0.0,0.0,1.0,-2.1103236164070722,0.8145413860438626,1.0460713811367386,0.8407342013939912,0.40273755418602925,0.7730823048033113,0.25943357560430724,0.9472624458139709,0.34056642439569274,6.25,0.16,1.125,0.3333333333333333
0.625,0.25,0.125,0.875,2.0,1.5,1.25,0.9375,0.5,0.375,0.25,0.1875,ok,`gtol` termination condition is satisfied.,True,True,True,5,6.9757369960172635e-15,4.577566798522237e-16,-2.220446049250313e-16,0.0,0.8897843636634105,0.9723601017289749,2.7074027499253606e-10,-2.2182627072959162,0.0,0.0,1.0,-2.2182627072959162,0.8162305138541448,1.0492904228623576,0.8409009868696209,0.44761699969262403,0.7730823048033115,0.21721057830809296,1.052383000307376,0.282789421691907,6.25,0.16,1.25,0.3
0.625,0.275,0.1,0.9,2.0,1.5,1.25,0.9375,0.55,0.41250000000000003,0.2,0.15000000000000002,ok,`gtol` termination condition is satisfied.,True,True,True,5,3.170789543644211e-14,8.881784197001252e-16,4.440892098500626e-16,6.661338147750939e-16,0.8852513438999202,0.9712344469961,2.0409578791202976e-09,-2.3236332034019203,0.0,0.0,1.0,-2.3236332034019203,0.818202157952266,1.0530440931163136,0.8414782838452471,0.4928768106401526,0.7730823048033114,0.17465826177626462,1.1571231893598475,0.2253417382237354,6.25,0.16,1.375,0.2727272727272727
0.625,0.3,0.075,0.925,2.0,1.5,1.25,0.9375,0.6,0.44999999999999996,0.15,0.11249999999999999,ok,`gtol` termination condition is satisfied.,True,True,True,5,5.684341886080802e-14,6.753223014464259e-16,0.0,8.326672684688674e-16,0.8803643427650129,0.9699604927465902,2.4121370174554665e-10,-2.426538981130228,0.0,0.0,1.0,-2.426538981130228,0.8204578057927157,1.0573340511393727,0.8424407018355681,0.5385896561691804,0.7730823048033113,0.13172085702186306,1.2614103438308195,0.16827914297813693,6.25,0.16,1.5,0.25
0.625,0.325,0.05,0.95,2.0,1.5,1.25,0.9375,0.65,0.48750000000000004,0.1,0.07500000000000001,ok,`gtol` termination condition is satisfied.,True,True,True,5,2.7902947984069054e-15,4.041272810440265e-16,-2.220446049250313e-16,-1.1102230246251565e-16,0.8751151812562974,0.9685389847178956,2.7448925887033565e-09,-2.5270765827214636,0.0,0.0,1.0,-2.5270765827214636,0.8230044581903533,1.062172601175765,0.8437730672764201,0.5848306498511942,0.7730823048033112,0.0883406346229179,1.365169350148806,0.11165936537708211,6.25,0.16,1.625,0.23076923076923075
0.625,0.35,0.025,0.975,2.0,1.5,1.25,0.9375,0.7,0.5249999999999999,0.05,0.037500000000000006,ok,`gtol` termination condition is satisfied.,True,True,True,5,9.965338565738948e-15,6.280369834735101e-16,4.440892098500626e-16,-1.6653345369377348e-16,0.8694896015748896,0.9669679740892068,9.831913716356545e-15,-2.6253367416317035,0.0,0.0,1.0,-2.6253367416317035,0.825854568715419,1.0675826279216958,0.8454692819072873,0.6316801368013123,0.7730823048033112,0.04445609834798728,1.4683198631986873,0.05554390165201273,6.25,0.16,1.75,0.2142857142857143
0.625,0.375,0.0,1.0,2.0,1.5,1.25,0.9375,0.75,0.5625,0.0,0.0,ok,`gtol` termination condition is satisfied.,True,True,True,5,2.7902947984069054e-14,4.440892098500626e-16,0.0,5.551115123125783e-16,0.8634667901631448,0.9652427676018764,4.1460656621863896e-10,-2.721405753269267,0.0,0.0,1.0,-2.721405753269267,0.8290263466893389,1.073598236779639,0.8475318290165639,0.6792267272721727,nan,nan,1.5707732727278274,nan,6.25,0.16,1.875,0.19999999999999998
0.65,0.0,0.35,0.65,2.0,1.5,1.3,0.9750000000000001,0.0,0.0,0.7,0.5249999999999999,ok,`gtol` termination condition is satisfied.,True,True,True,5,5.365951535397895e-15,7.021666937153402e-16,-2.220446049250313e-16,-5.551115123125783e-16,0.9039263197126142,0.9697504964431843,4.024466363324691e-09,-1.0000000014997068,0.0,0.0,1.0,-1.0000000014997068,0.820832058639183,1.1003672389390273,nan,nan,0.7730823048033112,0.5986744733070373,nan,0.8013255266929626,6.5,0.15384615384615385,0.0,nan
0.65,0.025,0.325,0.675,2.0,1.5,1.3,0.9750000000000001,0.05,0.037500000000000006,0.65,0.48750000000000004,ok,`gtol` termination condition is satisfied.,True,True,True,5,6.975736996017264e-14,7.021666937153402e-16,0.0,5.551115123125783e-17,0.9046018177412101,0.9713052406331074,7.353389383562653e-09,-1.1327570813405505,0.0,0.0,1.0,-1.1327570813405505,0.8180775623102325,1.0949192761588529,0.874697223796147,0.04741677798586992,0.7730823048033114,0.5554968918555827,0.1025832220141301,0.7445031081444173,6.5,0.15384615384615385,0.125,2.9999999999999996
0.65,0.05,0.3,0.7000000000000001,2.0,1.5,1.3,0.9750000000000001,0.1,0.07500000000000001,0.6,0.44999999999999996,ok,`gtol` termination condition is satisfied.,True,True,True,5,1.8780830373892634e-14,5.79553433516819e-16,-6.661338147750939e-16,-2.7755575615628914e-16,0.9043296993272163,0.97233757038892,4.117529062514697e-09,-1.2616451937252202,0.0,0.0,1.0,-1.2616451937252202,0.8162697789112402,1.0913398236377603,0.8673491738692214,0.0936760539380858,0.7730823048033113,0.5129206562905889,0.20632394606191423,0.687079343709411,6.5,0.15384615384615385,0.25,1.4999999999999998
0.65,0.075,0.275,0.725,2.0,1.5,1.3,0.9750000000000001,0.15,0.11249999999999999,0.55,0.41250000000000003,ok,`gtol` termination condition is satisfied.,True,True,True,5,2.325245665339088e-14,2.7755575615628914e-16,-4.440892098500626e-16,-1.6653345369377348e-16,0.9032947478421537,0.9729580555579467,1.1526540692399082e-09,-1.386919014139192,0.0,0.0,1.0,-1.386919014139192,0.8151914787258804,1.0892030918392748,0.8617481776741254,0.13919290752505167,0.7730823048033113,0.4707159746666899,0.3108070924749483,0.6292840253333102,6.5,0.15384615384615385,0.375,1.0
0.65,0.1,0.25,0.75,2.0,1.5,1.3,0.9750000000000001,0.2,0.15000000000000002,0.5,0.375,ok,`gtol` termination condition is satisfied.,True,True,True,5,1.743934249004316e-14,6.753223014464259e-16,-2.220446049250313e-16,-4.718447854656915e-16,0.9016236305696801,0.9732432768856178,1.4613868779241229e-09,-1.5088016768716983,0.0,0.0,1.0,-1.5088016768716983,0.814697917934399,1.0882246181076802,0.8574998313894203,0.18425578939537496,0.7730823048033113,0.4287167497566854,0.41574421060462513,0.5712832502433146,6.5,0.15384615384615385,0.5,0.7499999999999999
0.65,0.125,0.225,0.775,2.0,1.5,1.3,0.9750000000000001,0.25,0.1875,0.45,0.3375,ok,`gtol` termination condition is satisfied.,True,True,True,5,2.092721098805179e-14,8.881784197001252e-16,0.0,-2.220446049250313e-16,0.899404941791314,0.9732476499440812,4.3876951408771455e-09,-1.6274898377734108,0.0,0.0,1.0,-1.6274898377734108,0.8146903609609284,1.08820963432078,0.8543275278974688,0.2290746526057421,0.7730823048033113,0.3867968931420539,0.5209253473942579,0.5132031068579461,6.5,0.15384615384615385,0.625,0.6
0.65,0.15,0.2,0.8,2.0,1.5,1.3,0.9750000000000001,0.3,0.22499999999999998,0.4,0.30000000000000004,ok,`gtol` termination condition is satisfied.,True,True,True,5,1.743934249004316e-14,5.855045090355223e-16,-2.220446049250313e-16,6.661338147750939e-16,0.8967011693637722,0.9730105022234166,1.931875594507591e-09,-1.7431578087905335,0.0,0.0,1.0,-1.7431578087905335,0.8151006225575326,1.0890229929722657,0.8520331492780708,0.27380935133436607,0.7730823048033115,0.34485615998552976,0.6261906486656339,0.4551438400144703,6.5,0.15384615384615385,0.75,0.5
0.65,0.175,0.175,0.825,2.0,1.5,1.3,0.9750000000000001,0.35,0.26249999999999996,0.35,0.26249999999999996,ok,`gtol` termination condition is satisfied.,True,True,True,5,1.9930677131477896e-14,4.965068306494546e-16,-2.220446049250313e-16,2.220446049250313e-16,0.8935561291706262,0.9725604911907755,4.230403894923162e-09,-1.8559610623416822,0.0,0.0,1.0,-1.8559610623416822,0.8158816595955356,1.090570886933286,0.8504726481204538,0.3185872482333763,0.7730823048033112,0.3028112032898287,0.7314127517666236,0.39718879671017127,6.5,0.15384615384615385,0.875,0.4285714285714286
0.65,0.2,0.15,0.8500000000000001,2.0,1.5,1.3,0.9750000000000001,0.4,0.30000000000000004,0.3,0.22499999999999998,ok,`gtol` termination condition is satisfied.,True,True,True,5,1.743934249004316e-14,4.47545209131181e-16,0.0,-1.6653345369377348e-16,0.8899997118225391,0.9719184509644522,1.5155907944244679e-09,-1.9660390288722405,0.0,0.0,1.0,-1.9660390288722405,0.8170016660865574,1.0927893846017447,0.8495403861466653,0.3635146522917663,0.7730823048033113,0.260589625322528,0.8364853477082339,0.339410374677472,6.5,0.15384615384615385,1.0,0.37499999999999994
0.65,0.225,0.125,0.875,2.0,1.5,1.3,0.9750000000000001,0.45,0.3375,0.25,0.1875,ok,`gtol` termination condition is satisfied.,True,True,True,5,5.684341886080802e-14,4.965068306494546e-16,0.0,-7.771561172376096e-16,0.8860509526174416,0.9710992654933224,3.687896793103045e-09,-2.073517639881428,0.0,0.0,1.0,-2.073517639881428,0.8184402961542764,1.0956371020011606,0.8491588395901144,0.4086846176938642,0.7730823048033113,0.21812580374739882,0.9413153823061359,0.2818741962526012,6.5,0.15384615384615385,1.125,0.3333333333333333
0.65,0.25,0.1,0.9,2.0,1.5,1.3,0.9750000000000001,0.5,0.375,0.2,0.15000000000000002,ok,`gtol` termination condition is satisfied.,True,True,True,5,2.7902947984069054e-14,5.551115123125783e-16,-4.440892098500626e-16,7.216449660063518e-16,0.8817199999067178,0.9701131106794157,4.265456712653779e-09,-2.178511393790492,0.0,0.0,1.0,-2.178511393790492,0.8201862418448743,1.0990905108493971,0.8492717194406983,0.4541825649970143,0.7730823048033114,0.17535777908748815,1.0458174350029856,0.22464222091251188,6.5,0.15384615384615385,1.25,0.3
0.65,0.275,0.075,0.925,2.0,1.5,1.3,0.9750000000000001,0.55,0.41250000000000003,0.15,0.11249999999999999,ok,`gtol` termination condition is satisfied.,True,True,True,5,2.5366316349153687e-14,7.021666937153402e-16,-2.220446049250313e-16,-4.996003610813204e-16,0.8770093147960119,0.9689662668898835,2.0115320290399603e-09,-2.2811252429691904,0.0,0.0,1.0,-2.2811252429691904,0.8222357200854284,1.1031410201120353,0.8498393479024182,0.5000906179374044,0.7730823048033113,0.1322247594912592,1.1499093820625959,0.1677752405087408,6.5,0.15384615384615385,1.375,0.2727272727272727
0.65,0.3,0.05,0.95,2.0,1.5,1.3,0.9750000000000001,0.6,0.44999999999999996,0.1,0.07500000000000001,ok,`gtol` termination condition is satisfied.,True,True,True,5,5.684341886080802e-14,9.155133597044475e-16,-6.661338147750939e-16,-4.440892098500626e-16,0.8719142911309596,0.9676616208710278,3.568813056439507e-09,-2.381456256432855,0.0,0.0,1.0,-2.381456256432855,0.8245916117595083,1.1077933361896093,0.8508355905225128,0.5464912429685731,0.7730823048033112,0.08866494249114172,1.2535087570314267,0.11133505750885829,6.5,0.15384615384615385,1.5,0.25
0.65,0.325,0.025,0.9750000000000001,2.0,1.5,1.3,0.9750000000000001,0.65,0.48750000000000004,0.05,0.037500000000000006,ok,`gtol` termination condition is satisfied.,True,True,True,5,1.6097854606193685e-14,6.280369834735101e-16,2.220446049250313e-16,3.3306690738754696e-16,0.8664233908241972,0.9661989242831084,4.5154816401068175e-10,-2.479595164439577,0.0,0.0,1.0,-2.479595164439577,0.8272631129537146,1.113064835626655,0.8522459218679792,0.5934706200326331,0.7730823048033112,0.044613425317840634,1.356529379967367,0.05538657468215937,6.5,0.15384615384615385,1.625,0.23076923076923075
0.65,0.35,0.0,1.0,2.0,1.5,1.3,0.9750000000000001,0.7,0.5249999999999999,0.0,0.0,ok,`gtol` termination condition is satisfied.,True,True,True,5,9.965338565738948e-15,4.440892098500626e-16,0.0,0.0,0.860517818823762,0.9645748397812988,1.2888972640978573e-09,-2.5756277771872784,0.0,0.0,1.0,-2.5756277771872784,0.830265839953565,1.118985844773183,0.8540663841059236,0.6411221082247651,nan,nan,1.4588778917752345,nan,6.5,0.15384615384615385,1.75,0.2142857142857143
0.675,0.0,0.325,0.675,2.0,1.5,1.35,1.0125000000000002,0.0,0.0,0.65,0.48750000000000004,ok,`gtol` termination condition is satisfied.,True,True,True,5,5.167212589642417e-15,3.554447978966673e-16,0.0,-3.885780586188048e-16,0.8956609832781488,0.9670673051924611,0.0,-0.9999999974752426,0.0,0.0,1.0,-0.9999999974752426,0.825673274020797,1.1526177277870457,nan,nan,0.7730823048033113,0.5610420767498132,nan,0.7389579232501868,6.75,0.14814814814814814,0.0,nan
0.675,0.025,0.3,0.7000000000000001,2.0,1.5,1.35,1.0125000000000002,0.05,0.037500000000000006,0.6,0.44999999999999996,ok,`gtol` termination condition is satisfied.,True,True,True,5,1.743934249004316e-14,7.771561172376096e-16,4.440892098500626e-16,4.440892098500626e-16,0.8964830262244005,0.9687155236528271,7.186158181636424e-09,-1.1279398378159349,0.0,0.0,1.0,-1.1279398378159349,0.8226865040456011,1.146494252795306,0.886796944475522,0.048372884971755195,0.7730823048033113,0.517410111862932,0.10162711502824483,0.682589888137068,6.75,0.14814814814814814,0.125,2.9999999999999996
0.675,0.05,0.275,0.7250000000000001,2.0,1.5,1.35,1.0125000000000002,0.1,0.07500000000000001,0.55,0.41250000000000003,ok,`gtol` termination condition is satisfied.,True,True,True,5,5.684341886080802e-14,4.440892098500626e-16,0.0,-6.661338147750939e-16,0.8963026528176341,0.9698204604431306,3.3745668112594527e-09,-1.252303664290998,0.0,0.0,1.0,-1.252303664290998,0.8207072936788256,1.1424329467746717,0.8787228741314265,0.09546882889327057,0.7730823048033113,0.47438804995742156,0.20453117110672947,0.6256119500425785,6.75,0.14814814814814814,0.25,1.4999999999999998
0.675,0.075,0.25,0.75,2.0,1.5,1.35,1.0125000000000002,0.15,0.11249999999999999,0.5,0.375,ok,`gtol` termination condition is satisfied.,True,True,True,5,2.325245665339088e-14,5.900916318210353e-16,0.0,-2.220446049250313e-16,0.8953149917699111,0.9704969842581584,7.636091556722394e-09,-1.3733224175101395,0.0,0.0,1.0,-1.3733224175101395,0.8195047947250039,1.1399638441168656,0.8725419802273671,0.1417406839054638,0.7730823048033113,0.43173760738387557,0.30825931609453616,0.5682623926161244,6.75,0.14814814814814814,0.375,1.0
0.675,0.1,0.225,0.775,2.0,1.5,1.35,1.0125000000000002,0.2,0.15000000000000002,0.45,0.3375,ok,`gtol` termination condition is satisfied.,True,True,True,5,2.6159013735064738e-14,4.965068306494546e-16,2.220446049250313e-16,3.885780586188048e-16,0.8936534077118363,0.9708244834514801,1.6311079284288937e-09,-1.491199374765882,0.0,0.0,1.0,-1.491199374765882,0.8189252488094971,1.1387733877109976,0.8678307894859288,0.1875036932427829,0.7730823048033114,0.3892863096132996,0.41249630675721716,0.5107136903867004,6.75,0.14814814814814814,0.5,0.7499999999999999
0.675,0.125,0.2,0.8,2.0,1.5,1.35,1.0125000000000002,0.25,0.1875,0.4,0.30000000000000004,ok,`gtol` termination condition is satisfied.,True,True,True,5,5.684341886080802e-14,1.1957467920563633e-15,-2.220446049250313e-16,9.992007221626409e-16,0.891410832670931,0.9708592366118339,1.8668250754930893e-09,-1.606114392135029,0.0,0.0,1.0,-1.606114392135029,0.818863848359125,1.1386472452409728,0.8642917640118427,0.23298779827653365,0.7730823048033115,0.34690280910629184,0.5170122017234664,0.4530971908937082,6.75,0.14814814814814814,0.625,0.6
0.675,0.15,0.175,0.8250000000000001,2.0,1.5,1.35,1.0125000000000002,0.3,0.22499999999999998,0.35,0.26249999999999996,ok,`gtol` termination condition is satisfied.,True,True,True,5,3.487868498008632e-14,3.1401849173675503e-16,-2.220446049250313e-16,3.3306690738754696e-16,0.8886524472596551,0.970641789160173,4.820386827909087e-09,-1.718227566488609,0.0,0.0,1.0,-1.718227566488609,0.8192483385070909,1.13943709135118,0.8617115331788748,0.27836853849012944,0.7730823048033112,0.3044821488035565,0.6216314615098705,0.39551785119644345,6.75,0.14814814814814814,0.75,0.5
0.675,0.175,0.15,0.8500000000000001,2.0,1.5,1.35,1.0125000000000002,0.35,0.26249999999999996,0.3,0.22499999999999998,ok,`gtol` termination condition is satisfied.,True,True,True,5,5.167212589642417e-15,5.978733960281817e-16,-8.881784197001252e-16,-6.661338147750939e-16,0.8854235227892566,0.9702015420188871,5.750146036072013e-09,-1.8276821685385332,0.0,0.0,1.0,-1.8276821685385332,0.8200290556684993,1.1410404717032732,0.8599349146392369,0.3237862592520563,0.7730823048033114,0.2619364467643523,0.7262137407479435,0.3380635532356477,6.75,0.14814814814814814,0.875,0.4285714285714286
0.675,0.2,0.125,0.875,2.0,1.5,1.35,1.0125000000000002,0.4,0.30000000000000004,0.25,0.1875,ok,`gtol` termination condition is satisfied.,True,True,True,5,8.71967124502158e-15,4.577566798522237e-16,2.220446049250313e-16,-2.7755575615628914e-16,0.8817543956366958,0.9695596952498792,1.7876478392642804e-09,-1.934607268921871,0.0,0.0,1.0,-1.934607268921871,0.8211726943405229,1.143388223325431,0.8588482400178099,0.3693586462025543,0.7730823048033114,0.21918867335078193,0.8306413537974459,0.28081132664921804,6.75,0.14814814814814814,1.0,0.37499999999999994
0.675,0.225,0.1,0.9,2.0,1.5,1.35,1.0125000000000002,0.45,0.3375,0.2,0.15000000000000002,ok,`gtol` termination condition is satisfied.,True,True,True,5,5.684341886080802e-14,5.23691153334427e-16,0.0,2.220446049250313e-16,0.877663647689682,0.9687311716676559,1.3957226283204027e-09,-2.039119817689933,0.0,0.0,1.0,-2.039119817689933,0.8226583441583962,1.1464364904269297,0.8583684004460579,0.4151893384272221,0.7730823048033115,0.1761682409516071,0.934810661572778,0.22383175904839292,6.75,0.14814814814814814,1.125,0.3333333333333333
0.675,0.25,0.075,0.925,2.0,1.5,1.35,1.0125000000000002,0.5,0.375,0.15,0.11249999999999999,ok,`gtol` termination condition is satisfied.,True,True,True,5,4.185442197610358e-14,2.482534153247273e-16,-2.220446049250313e-16,-4.996003610813204e-16,0.8731600980519,0.9677258760318808,2.6257826054402114e-09,-2.141326656401096,0.0,0.0,1.0,-2.141326656401096,0.8244749816305669,1.150161686039898,0.8584355497239433,0.46137421794225114,0.7730823048033113,0.13280765575433334,1.038625782057749,0.16719234424566665,6.75,0.14814814814814814,1.25,0.3
0.675,0.275,0.05,0.9500000000000001,2.0,1.5,1.35,1.0125000000000002,0.55,0.41250000000000003,0.1,0.07500000000000001,ok,`gtol` termination condition is satisfied.,True,True,True,5,5.684341886080802e-14,5.578801654593729e-16,-2.220446049250313e-16,9.992007221626409e-16,0.868243949604919,0.9665494965217597,4.957276996701588e-10,-2.2413262100543023,0.0,0.0,1.0,-2.2413262100543023,0.8266199513414572,1.1545574627339785,0.8590082447441562,0.5080063641368859,0.7730823048033115,0.08903975721974113,1.1419936358631142,0.11096024278025889,6.75,0.14814814814814814,1.375,0.2727272727272727
0.675,0.3,0.025,0.9750000000000001,2.0,1.5,1.35,1.0125000000000002,0.6,0.44999999999999996,0.05,0.037500000000000006,ok,`gtol` termination condition is satisfied.,True,True,True,5,3.487868498008632e-14,6.061909215660398e-16,-4.440892098500626e-16,-7.216449660063518e-16,0.8629072757392243,0.9652039672393092,1.1735842866485366e-09,-2.339210032877213,0.0,0.0,1.0,-2.339210032877213,0.8290981756699913,1.1596331709616536,0.8600602925523609,0.5551803404936999,0.7730823048033114,0.044795213028018414,1.2448196595063,0.05520478697198159,6.75,0.14814814814814814,1.5,0.25
0.675,0.325,0.0,1.0,2.0,1.5,1.35,1.0125000000000002,0.65,0.48750000000000004,0.0,0.0,ok,`gtol` termination condition is satisfied.,True,True,True,5,1.6097854606193685e-14,1.1102230246251565e-15,-6.661338147750939e-16,-4.440892098500626e-16,0.85713392449375,0.9636876535375007,2.674719580433647e-09,-2.435064338628774,0.0,0.0,1.0,-2.435064338628774,0.831921962903057,1.1654135505383678,0.8615788764312857,0.6029963261913515,nan,nan,1.3470036738086488,nan,6.75,0.14814814814814814,1.625,0.23076923076923075
0.7,0.0,0.3,0.7,2.0,1.5,1.4,1.0499999999999998,0.0,0.0,0.6,0.44999999999999996,ok,`gtol` termination condition is satisfied.,True,True,True,5,0.0,5.551115123125783e-16,-2.220446049250313e-16,-7.216449660063518e-16,0.8868944534776934,0.9642285568509511,7.474002648140905e-09,-1.0000000049492452,0.0,0.0,1.0,-1.0000000049492452,0.8309109361253497,1.2064310917886525,nan,nan,0.7730823048033113,0.5230040407436749,nan,0.676995959256325,7.0,0.14285714285714288,0.0,nan
0.7,0.025,0.275,0.725,2.0,1.5,1.4,1.0499999999999998,0.05,0.037500000000000006,0.55,0.41250000000000003,ok,`xtol` termination condition is satisfied.,True,True,True,5,4.35983562251079e-14,6.131407058289218e-16,0.0,3.3306690738754696e-16,0.8878829821411107,0.9659802035242837,4.640806170858089e-09,-1.1234630928325655,0.0,0.0,1.0,-1.1234630928325655,0.8276652863781826,1.1995394902524277,0.8999697934226254,0.04941920006415542,0.7730823048033113,0.4788866057737383,0.1005807999358446,0.6211133942262618,7.0,0.14285714285714288,0.125,2.9999999999999996
0.7,0.05,0.25,0.75,2.0,1.5,1.4,1.0499999999999998,0.1,0.07500000000000001,0.5,0.375,ok,`gtol` termination condition is satisfied.,True,True,True,5,1.743934249004316e-14,1.1866928732135989e-15,0.0,2.220446049250313e-16,0.8878056043840991,0.9671638776592729,1.1785555378441423e-08,-1.2436130896185889,0.0,0.0,1.0,-1.2436130896185889,0.8254971541151356,1.1949329813249454,0.8911081530229704,0.09742929589732069,0.7730823048033113,0.43538940337036103,0.20257070410267936,0.564610596629639,7.0,0.14285714285714288,0.25,1.4999999999999998
0.7000000000000001,0.07500000000000001,0.22500000000000003,0.7750000000000001,2.0,1.5,1.4,1.0499999999999998,0.15,0.11249999999999999,0.44999999999999996,0.33749999999999997,ok,`gtol` termination condition is satisfied.,True,True,True,5,2.325245665339088e-14,4.965068306494546e-16,0.0,2.220446049250313e-16,0.8868699517030915,0.9678998244292519,5.474046640813708e-10,-1.3606603230162637,0.0,0.0,1.0,-1.3606603230162637,0.8241595563348545,1.1920896664581782,0.8843007491831611,0.14452584539606542,0.7730823048033114,0.3922638674288477,0.30547415460393457,0.5077361325711522,7.0,0.14285714285714288,0.375,1.0
0.7,0.1,0.2,0.7999999999999999,2.0,1.5,1.4,1.0499999999999998,0.2,0.15000000000000002,0.4,0.30000000000000004,ok,`gtol` termination condition is satisfied.,True,True,True,5,8.71967124502158e-15,6.661338147750939e-16,-2.220446049250313e-16,-6.661338147750939e-16,0.8852173170940304,0.9682708648024114,7.570818984080992e-09,-1.4747906666126118,0.0,0.0,1.0,-1.4747906666126118,0.8234882572202016,1.1906622434039087,0.8790918968789021,0.19105421418509433,0.7730823048033114,0.34932995090569036,0.40894578581490576,0.4506700490943097,7.0,0.14285714285714288,0.5,0.7499999999999999
0.7,0.125,0.175,0.825,2.0,1.5,1.4,1.0499999999999998,0.25,0.1875,0.35,0.26249999999999996,ok,`gtol` termination condition is satisfied.,True,True,True,5,2.7902947984069054e-14,1.1102230246251565e-15,2.220446049250313e-16,2.220446049250313e-16,0.8829456491424138,0.968335503014652,4.3864942901525066e-09,-1.5861693401677057,0.0,0.0,1.0,-1.5861693401677057,0.8233715237246363,1.1904139935237392,0.8751611219310432,0.2372667960225069,0.7730823048033112,0.30645012741607175,0.5127332039774931,0.3935498725839282,7.0,0.14285714285714288,0.625,0.6
0.7,0.15,0.15,0.85,2.0,1.5,1.4,1.0499999999999998,0.3,0.22499999999999998,0.3,0.22499999999999998,ok,`gtol` termination condition is satisfied.,True,True,True,5,5.684341886080802e-14,8.455206652451151e-16,-4.440892098500626e-16,-2.220446049250313e-16,0.8801231354324929,0.9681356987265102,2.0258899708744118e-09,-1.6949440124218615,0.0,0.0,1.0,-1.6949440124218615,0.8237325644139617,1.1911817648047727,0.872278525803525,0.2833568165790469,0.7730823048033113,0.2635139131151523,0.616643183420953,0.33648608688484766,7.0,0.14285714285714288,0.75,0.5
0.7,0.175,0.125,0.875,2.0,1.5,1.4,1.0499999999999998,0.35,0.26249999999999996,0.25,0.1875,ok,`gtol` termination condition is satisfied.,True,True,True,5,9.965338565738948e-15,6.753223014464259e-16,-4.440892098500626e-16,0.0,0.8767965463914341,0.9677016759910855,6.274236502204685e-10,-1.8012473987532593,0.0,0.0,1.0,-1.8012473987532593,0.8245189001010025,1.192853633284435,0.8702770287581965,0.32947938888213224,0.7730823048033115,0.22042807649762888,0.7205206111178676,0.27957192350237114,7.0,0.14285714285714288,0.875,0.4285714285714286
0.7000000000000001,0.20000000000000004,0.10000000000000002,0.9000000000000001,2.0,1.5,1.4,1.0499999999999998,0.39999999999999997,0.3,0.19999999999999998,0.15,ok,`gtol` termination condition is satisfied.,True,True,True,5,8.719671245021581e-15,6.753223014464259e-16,-4.440892098500626e-16,-1.1102230246251565e-16,0.8729964785458271,0.967054988232666,3.2223033405370916e-09,-1.9051995389401974,0.0,0.0,1.0,-1.9051995389401974,0.8256957464685047,1.1953550306053415,0.869034567155897,0.3757653194775026,0.7730823048033113,0.1771100625952248,0.8242346805224974,0.22288993740477517,7.0,0.14285714285714288,0.9999999999999999,0.375
0.7000000000000001,0.22500000000000003,0.07500000000000001,0.925,2.0,1.5,1.4000000000000001,1.05,0.45000000000000007,0.3375,0.15000000000000002,0.11250000000000002,ok,`gtol` termination condition is satisfied.,True,True,True,5,7.750818884463625e-15,8.08254562088053e-16,0.0,0.0,0.8687406516183832,0.9662105008855943,2.7474774935573836e-09,-2.0069097807145226,0.0,0.0,1.0,-2.0069097807145226,0.8272418458284223,1.198640030405675,0.8684624258873508,0.4223306836357539,0.7730823048033114,0.13348327317763897,0.9276693163642462,0.16651672682236107,7.000000000000001,0.14285714285714285,1.1250000000000002,0.33333333333333326
0.7,0.25,0.05,0.95,2.0,1.5,1.4,1.0499999999999998,0.5,0.375,0.1,0.07500000000000001,ok,`gtol` termination condition is satisfied.,True,True,True,5,4.185442197610358e-14,7.771561172376096e-16,0.0,3.885780586188048e-16,0.8640359008129036,0.9651776643520149,1.8107716889907247e-09,-2.1064785098559633,0.0,0.0,1.0,-2.1064785098559633,0.8291468810103545,1.2026859678666715,0.8684975159442477,0.4692839326239593,0.7730823048033114,0.08947340082466237,1.0307160673760407,0.11052659917533764,7.0,0.14285714285714288,1.25,0.3
0.7,0.275,0.025,0.975,2.0,1.5,1.4,1.0499999999999998,0.55,0.41250000000000003,0.05,0.037500000000000006,ok,`gtol` termination condition is satisfied.,True,True,True,5,5.684341886080802e-14,3.608224830031759e-16,0.0,-2.7755575615628914e-16,0.8588792170826905,0.9639612897502654,4.887832776017115e-10,-2.2039988355949824,0.0,0.0,1.0,-2.2039988355949824,0.8314099855601964,1.2074903755583664,0.8690973103374335,0.5167316429035677,0.7730823048033114,0.045005298150606034,1.1332683570964326,0.05499470184939397,7.0,0.14285714285714288,1.375,0.2727272727272727
0.7,0.3,0.0,1.0,2.0,1.5,1.4,1.0499999999999998,0.6,0.44999999999999996,0.0,0.0,ok,`gtol` termination condition is satisfied.,True,True,True,5,1.162622832669544e-14,4.577566798522237e-16,2.220446049250313e-16,5.551115123125783e-16,0.8532580084625928,0.9625619436492522,1.158010622918456e-09,-2.299558063781686,0.0,0.0,1.0,-2.299558063781686,0.8340390908229642,1.2130696988968341,0.8702366826329709,0.564783685551893,nan,nan,1.235216314448107,nan,7.0,0.14285714285714288,1.5,0.25
0.725,0.0,0.275,0.725,2.0,1.5,1.45,1.0875,0.0,0.0,0.55,0.41250000000000003,ok,`gtol` termination condition is satisfied.,True,True,True,5,4.8108531007015615e-15,3.554447978966673e-16,-4.440892098500626e-16,-7.771561172376096e-16,0.8775569871884107,0.9612094371062082,7.2162824399233046e-09,-0.9999999902589597,0.0,0.0,1.0,-0.9999999902589597,0.8366055815622071,1.2620330662974568,nan,nan,0.7730823048033112,0.4845215454372905,nan,0.6154784545627097,7.25,0.13793103448275862,0.0,nan
0.725,0.025,0.25,0.75,2.0,1.5,1.45,1.0875,0.05,0.037500000000000006,0.5,0.375,ok,`gtol` termination condition is satisfied.,True,True,True,5,8.71967124502158e-14,4.2276033262255756e-16,0.0,3.3306690738754696e-16,0.8787367325352454,0.9630767712580804,7.742492702819988e-09,-1.119292365216811,0.0,0.0,1.0,-1.119292365216811,0.8330686859241478,1.2542609588766773,0.9143416139825267,0.05056844093592543,0.7730823048033114,0.4398827749995666,0.0994315590640746,0.5601172250004334,7.25,0.13793103448275862,0.125,2.9999999999999996
0.725,0.05,0.225,0.775,2.0,1.5,1.45,1.0875,0.1,0.07500000000000001,0.45,0.3375,ok,`xtol` termination condition is satisfied.,True,True,True,5,9.621706201403123e-15,7.108895957933346e-16,-4.440892098500626e-16,2.220446049250313e-16,0.8787762423740152,0.964346727808406,6.028526298657833e-09,-1.23550868931197,0.0,0.0,1.0,-1.23550868931197,0.8306906035030025,1.2490335066690461,0.9046231499679256,0.0995807351282513,0.7730823048033114,0.39587669805646186,0.20041926487174874,0.5041233019435382,7.25,0.13793103448275862,0.25,1.4999999999999998
0.725,0.075,0.2,0.7999999999999999,2.0,1.5,1.45,1.0875,0.15,0.11249999999999999,0.4,0.30000000000000004,ok,`gtol` termination condition is satisfied.,True,True,True,5,5.684341886080802e-14,5.835275607609835e-16,-2.220446049250313e-16,1.0547118733938987e-15,0.8778983972376775,0.9651462736480801,1.6018945981623762e-09,-1.3488411520055894,0.0,0.0,1.0,-1.3488411520055894,0.8292050204633223,1.245766898241403,0.8971378010529735,0.14758117317922947,0.7730823048033114,0.35224226732197184,0.3024188268207705,0.4477577326780282,7.25,0.13793103448275862,0.375,1.0
0.725,0.1,0.175,0.825,2.0,1.5,1.45,1.0875,0.2,0.15000000000000002,0.35,0.26249999999999996,ok,`gtol` termination condition is satisfied.,True,True,True,5,1.743934249004316e-14,4.440892098500626e-16,-4.440892098500626e-16,3.3306690738754696e-16,0.8762539563515603,0.965562430326379,3.311292339901446e-09,-1.4594604792025578,0.0,0.0,1.0,-1.4594604792025578,0.8284353942002178,1.244074214014599,0.891393838245094,0.19494926957447542,0.7730823048033112,0.30879039657379925,0.40505073042552464,0.3912096034262007,7.25,0.13793103448275862,0.5,0.7499999999999999
0.725,0.125,0.15,0.85,2.0,1.5,1.45,1.0875,0.25,0.1875,0.3,0.22499999999999998,ok,`gtol` termination condition is satisfied.,True,True,True,5,1.3951473992034527e-14,3.1401849173675503e-16,-2.220446049250313e-16,-1.1102230246251565e-16,0.8739467083395155,0.9656563639278641,3.938449995605744e-09,-1.5675190600646363,0.0,0.0,1.0,-1.5675190600646363,0.8282620207956166,1.2436928653051977,0.8870454676811496,0.24196284711167224,0.7730823048033112,0.26537624002457366,0.5080371528883277,0.3346237599754263,7.25,0.13793103448275862,0.625,0.6
0.725,0.15,0.125,0.875,2.0,1.5,1.45,1.0875,0.3,0.22499999999999998,0.25,0.1875,ok,`gtol` termination condition is satisfied.,True,True,True,5,2.325245665339088e-14,3.3306690738754696e-16,0.0,9.992007221626409e-16,0.8710481988106957,0.965471674163574,3.3123424737016136e-09,-1.6731537027686239,0.0,0.0,1.0,-1.6731537027686239,0.8286030236644465,1.2444429147590808,0.8838448044213325,0.2888352574842111,0.7730823048033114,0.22188275742342842,0.6111647425157888,0.27811724257657156,7.25,0.13793103448275862,0.75,0.5
0.7250000000000001,0.17500000000000002,0.10000000000000002,0.9000000000000001,2.0,1.5,1.45,1.0875,0.35,0.26249999999999996,0.19999999999999998,0.15,ok,`gtol` termination condition is satisfied.,True,True,True,5,5.979203139443369e-14,8.08254562088053e-16,4.440892098500626e-16,4.440892098500626e-16,0.8676066927680511,0.9650394846355859,1.2326616318774142e-09,-1.7764879731186154,0.0,0.0,1.0,-1.7764879731186154,0.8294029122692859,1.2462020901088813,0.8816120644429694,0.3357386003817766,0.7730823048033115,0.17821031378557836,0.7142613996182232,0.2217896862144216,7.25,0.13793103448275862,0.875,0.4285714285714286
0.725,0.2,0.075,0.925,2.0,1.5,1.45,1.0875,0.4,0.30000000000000004,0.15,0.11249999999999999,ok,`gtol` termination condition is satisfied.,True,True,True,5,1.4382707231456577e-16,6.661338147750939e-16,-2.220446049250313e-16,7.771561172376096e-16,0.8636527323755568,0.9643816571105681,7.20244017051051e-09,-1.8776341604002902,0.0,0.0,1.0,-1.8776341604002902,0.8306255146195444,1.2488904027964645,0.8802164957136952,0.3828190309328056,0.7730823048033113,0.13426964493185992,0.8171809690671945,0.16573035506814007,7.25,0.13793103448275862,1.0,0.37499999999999994
0.725,0.225,0.05,0.95,2.0,1.5,1.45,1.0875,0.45,0.3375,0.1,0.07500000000000001,ok,`gtol` termination condition is satisfied.,True,True,True,5,9.621706201403123e-15,6.280369834735101e-16,-6.661338147750939e-16,-1.1102230246251565e-16,0.8592025473233783,0.9635128399330196,3.516309442056591e-09,-1.9766951979076492,0.0,0.0,1.0,-1.9766951979076492,0.832249587701404,1.2524606337897128,0.8795639439360482,0.4302074999872796,0.7730823048033114,0.08997672402294989,0.9197925000127205,0.11002327597705013,7.25,0.13793103448275862,1.125,0.3333333333333333
0.725,0.25,0.025,0.975,2.0,1.5,1.45,1.0875,0.5,0.375,0.05,0.037500000000000006,ok,`gtol` termination condition is satisfied.,True,True,True,5,2.371047805161888e-16,4.965068306494546e-16,-2.220446049250313e-16,1.1102230246251565e-16,0.8542600009443767,0.9624417444282746,2.0392016598100153e-09,-2.073766198116517,0.0,0.0,1.0,-2.073766198116517,0.834266177576515,1.2568926529725124,0.8795887149107775,0.47802789787095173,0.7730823048033114,0.04524865403674969,1.0219721021290482,0.05475134596325031,7.25,0.13793103448275862,1.25,0.3
0.725,0.275,0.0,1.0,2.0,1.5,1.45,1.0875,0.55,0.41250000000000003,0.0,0.0,ok,`gtol` termination condition is satisfied.,True,True,True,5,6.341579087288422e-15,9.42055475210265e-16,-4.440892098500626e-16,4.996003610813204e-16,0.848817427872144,0.9611718667041462,2.651161301927778e-09,-2.1689361721058824,0.0,0.0,1.0,-2.1689361721058824,0.8366772246358232,1.2621904757594902,0.880248378738722,0.5264038740680417,nan,nan,1.1235961259319585,nan,7.25,0.13793103448275862,1.375,0.2727272727272727
0.75,0.0,0.25,0.75,2.0,1.5,1.5,1.125,0.0,0.0,0.5,0.375,ok,`gtol` termination condition is satisfied.,True,True,True,5,1.8601965322712704e-14,1.1322097734007351e-15,-8.881784197001252e-16,-7.771561172376096e-16,0.867560295828258,0.9579782561856316,9.300984573267879e-09,-1.0000000067762274,0.0,0.0,1.0,-1.0000000067762274,0.8428343777696375,1.3197079980586497,nan,nan,0.7730823048033113,0.44554961108798286,nan,0.5544503889120171,7.5,0.13333333333333333,0.0,nan
0.75,0.025,0.225,0.775,2.0,1.5,1.5,1.125,0.05,0.037500000000000006,0.45,0.3375,ok,`xtol` termination condition is satisfied.,True,True,True,5,3.487868498008632e-14,8.441528768080325e-16,4.440892098500626e-16,3.885780586188048e-16,0.8689626034440068,0.9599766795531586,1.3844767903560748e-14,-1.115397803575805,0.0,0.0,1.0,-1.115397803575805,0.838966051810098,1.3109163009052662,0.9300671345373376,0.05183653060701959,0.7730823048033112,0.40034753599601464,0.09816346939298043,0.4996524640039854,7.5,0.13333333333333333,0.125,2.9999999999999996
0.75,0.05,0.2,0.8,2.0,1.5,1.5,1.125,0.1,0.07500000000000001,0.4,0.30000000000000004,ok,`gtol` termination condition is satisfied.,True,True,True,5,1.743934249004316e-14,5.978733960281817e-16,-4.440892098500626e-16,4.440892098500626e-16,0.8691364895667648,0.9613423481723442,2.877154602771027e-09,-1.2279341668111339,0.0,0.0,1.0,-1.2279341668111339,0.8363522839817943,1.3049757231206323,0.9194126502648129,0.10195217502955593,0.7730823048033114,0.35579327946001527,0.1980478249704441,0.4442067205399848,7.5,0.13333333333333333,0.25,1.4999999999999998
0.75,0.075,0.175,0.825,2.0,1.5,1.5,1.125,0.15,0.11249999999999999,0.35,0.26249999999999996,ok,`gtol` termination condition is satisfied.,True,True,True,5,5.684341886080802e-14,5.978733960281817e-16,-6.661338147750939e-16,-4.440892098500626e-16,0.8683236916474165,0.9622106892808866,5.212231077191985e-10,-1.3377853361678615,0.0,0.0,1.0,-1.3377853361678615,0.8347032510799238,1.301227361707669,0.9111919080757307,0.15094747924941876,0.7730823048033112,0.3116105310541586,0.2990525207505812,0.38838946894584137,7.5,0.13333333333333333,0.375,1.0
0.75,0.1,0.15,0.85,2.0,1.5,1.5,1.125,0.2,0.15000000000000002,0.3,0.22499999999999998,ok,`gtol` termination condition is satisfied.,True,True,True,5,1.3877787807814457e-15,3.1401849173675503e-16,-2.220446049250313e-16,-1.1102230246251565e-16,0.8666864098753567,0.9626738976967547,1.7147314991815703e-09,-1.4451086852553643,0.0,0.0,1.0,-1.4451086852553643,0.8338277585138809,1.2992370944753808,0.9048723398422861,0.19924107327410692,0.7730823048033112,0.26759931712134244,0.4007589267258932,0.33240068287865754,7.5,0.13333333333333333,0.5,0.7499999999999999
0.75,0.125,0.125,0.875,2.0,1.5,1.5,1.125,0.25,0.1875,0.25,0.1875,ok,`gtol` termination condition is satisfied.,True,True,True,5,3.487868498008632e-14,7.021666937153402e-16,-2.220446049250313e-16,7.216449660063518e-16,0.8643352929169656,0.9627963391240709,3.33294422843896e-09,-1.5500453944571042,0.0,0.0,1.0,-1.5500453944571042,0.833596825614074,1.2987120823067222,0.9000799391677948,0.24713987894671272,0.7730823048033114,0.22360602162683504,0.5028601210532873,0.27639397837316493,7.5,0.13333333333333333,0.625,0.6
0.75,0.15,0.1,0.9,2.0,1.5,1.5,1.125,0.3,0.22499999999999998,0.2,0.15000000000000002,ok,`gtol` termination condition is satisfied.,True,True,True,5,6.975736996017264e-14,7.850462293418876e-16,-4.440892098500626e-16,-5.551115123125783e-17,0.8613456325031715,0.9626235155847033,5.526016078014745e-09,-1.6527228366031164,0.0,0.0,1.0,-1.6527228366031164,0.833922842144493,1.2994532576496893,0.8965471484225789,0.29488041864336234,0.7730823048033114,0.17950571190722675,0.6051195813566376,0.22049428809277327,7.5,0.13333333333333333,0.75,0.5
0.75,0.175,0.075,0.925,2.0,1.5,1.5,1.125,0.35,0.26249999999999996,0.15,0.11249999999999999,ok,`gtol` termination condition is satisfied.,True,True,True,5,5.684341886080802e-14,4.855242786854203e-16,2.220446049250313e-16,1.1102230246251565e-16,0.8577670927502251,0.9621875141120967,6.359069374214204e-09,-1.7532566393067346,0.0,0.0,1.0,-1.7532566393067346,0.8347471301607211,1.3013271081536892,0.8940806483973741,0.34265461405845016,0.7730823048033113,0.13519094717039232,0.7073453859415497,0.16480905282960767,7.5,0.13333333333333333,0.875,0.4285714285714286
0.75,0.2,0.05,0.95,2.0,1.5,1.5,1.125,0.4,0.30000000000000004,0.1,0.07500000000000001,ok,`gtol` termination condition is satisfied.,True,True,True,5,5.2318027470129476e-14,5.775561153410717e-16,-4.440892098500626e-16,0.0,0.8536296304257516,0.9615104022309164,5.101488745067785e-09,-1.851752608605721,0.0,0.0,1.0,-1.851752608605721,0.8360323493331577,1.3042485251226268,0.8925408585756694,0.390626907383853,0.7730823048033114,0.09056413662887185,0.8093730926161472,0.10943586337112816,7.5,0.13333333333333333,1.0,0.37499999999999994
0.75,0.225,0.025,0.975,2.0,1.5,1.5,1.125,0.45,0.3375,0.05,0.037500000000000006,ok,`gtol` termination condition is satisfied.,True,True,True,5,5.684341886080802e-14,3.1401849173675503e-16,0.0,5.551115123125783e-16,0.8489469941444877,0.96060634389616,7.990680738150006e-10,-1.9483083556273846,0.0,0.0,1.0,-1.9483083556273846,0.8377578806016309,1.3081704372319727,0.891828691241117,0.43894646026346074,0.7730823048033114,0.04553183591764598,0.9110535397365394,0.054468164082354026,7.5,0.13333333333333333,1.125,0.3333333333333333
0.75,0.25,0.0,1.0,2.0,1.5,1.5,1.125,0.5,0.375,0.0,0.0,ok,`gtol` termination condition is satisfied.,True,True,True,5,4.883015897212084e-14,6.753223014464259e-16,-4.440892098500626e-16,9.43689570931383e-16,0.8437185301995558,0.95948285475779,3.768446749230802e-09,-2.0430149639800548,0.0,0.0,1.0,-2.0430149639800548,0.8399171892314249,1.3130779540246997,0.891877051367893,0.4877566736254567,nan,nan,1.0122433263745432,nan,7.5,0.13333333333333333,1.25,0.3
0.775,0.0,0.225,0.775,2.0,1.5,1.55,1.1625,0.0,0.0,0.45,0.3375,ok,`gtol` termination condition is satisfied.,True,True,True,5,9.000950962602921e-15,9.992007221626409e-16,-2.220446049250313e-16,-9.992007221626409e-16,0.856789860303087,0.9544935384823484,2.250235655435028e-09,-0.9999999952250056,0.0,0.0,1.0,-0.9999999952250056,0.8496981276028163,1.379822958129665,nan,nan,0.7730823048033114,0.4060354274482498,nan,0.49396457255175025,7.75,0.12903225806451613,0.0,nan
0.775,0.025,0.2,0.8,2.0,1.5,1.55,1.1625,0.05,0.037500000000000006,0.4,0.30000000000000004,ok,`xtol` termination condition is satisfied.,True,True,True,5,1.2207539743030213e-13,1.0235750533041806e-15,-2.220446049250313e-16,6.106226635438361e-16,0.8584555219058829,0.956642880825948,2.0587760752201994e-09,-1.111753471206795,0.0,0.0,1.0,-1.111753471206795,0.8454472222136369,1.3698353070894382,0.9473413005404858,0.05324388789880238,0.7730823048033114,0.36022008599209343,0.09675611210119764,0.4397799140079066,7.75,0.12903225806451613,0.125,2.9999999999999996
0.775,0.05,0.175,0.8250000000000001,2.0,1.5,1.55,1.1625,0.1,0.07500000000000001,0.35,0.26249999999999996,ok,`gtol` termination condition is satisfied.,True,True,True,5,1.743934249004316e-14,4.996003610813204e-16,2.220446049250313e-16,-2.220446049250313e-16,0.8587863352099366,0.9581162860203803,1.793999303824687e-09,-1.2208405815064203,0.0,0.0,1.0,-1.2208405815064203,0.8425655662049063,1.3630669331820802,0.935658325583453,0.10458065654674485,0.7730823048033112,0.31507115983047623,0.19541934345325518,0.3849288401695237,7.75,0.12903225806451613,0.25,1.4999999999999998
0.775,0.075,0.15,0.85,2.0,1.5,1.55,1.1625,0.15,0.11249999999999999,0.3,0.22499999999999998,ok,`gtol` termination condition is satisfied.,True,True,True,5,4.069179914343404e-14,8.64442489944963e-16,-4.440892098500626e-16,2.220446049250313e-16,0.8580478104047538,0.9590599773596612,3.868624274042741e-09,-1.3274235317703966,0.0,0.0,1.0,-1.3274235317703966,0.8407341747268346,1.3587658765765578,0.9266370077493484,0.15467674224355324,0.7730823048033113,0.27029343659951893,0.29532325775644674,0.32970656340048105,7.75,0.12903225806451613,0.375,1.0
0.775,0.1,0.125,0.875,2.0,1.5,1.55,1.1625,0.2,0.15000000000000002,0.25,0.1875,ok,`gtol` termination condition is satisfied.,True,True,True,5,9.000950962602921e-15,8.238311188599651e-16,0.0,8.881784197001252e-16,0.8564162063748657,0.9595725973928081,2.4238903906757076e-09,-1.4316479601144156,0.0,0.0,1.0,-1.4316479601144156,0.8397441049483182,1.3564407385187893,0.9196977539044288,0.20399616531005982,0.7730823048033114,0.22567365582550705,0.39600383468994027,0.274326344174493,7.75,0.12903225806451613,0.5,0.7499999999999999
0.775,0.125,0.1,0.9,2.0,1.5,1.55,1.1625,0.25,0.1875,0.2,0.15000000000000002,ok,`gtol` termination condition is satisfied.,True,True,True,5,5.684341886080802e-14,8.881784197001252e-16,-4.440892098500626e-16,-6.661338147750939e-16,0.8540103253213008,0.9597223926462864,3.4392781127664144e-10,-1.5336452676827963,0.0,0.0,1.0,-1.5336452676827963,0.839455430264016,1.3557627985750007,0.9144347461282478,0.25287958530969257,0.7730823048033115,0.18104753113200542,0.49712041469030743,0.2189524688679946,7.75,0.12903225806451613,0.625,0.6
0.775,0.15,0.075,0.925,2.0,1.5,1.55,1.1625,0.3,0.22499999999999998,0.15,0.11249999999999999,ok,`gtol` termination condition is satisfied.,True,True,True,5,1.162622832669544e-14,7.021666937153402e-16,0.0,-1.6653345369377348e-16,0.8509096215727296,0.9595570735811001,1.4360011906171126e-09,-1.6335346600163128,0.0,0.0,1.0,-1.6335346600163128,0.8397740378933326,1.3565110346973566,0.9105587855207681,0.30159060476169797,0.7730823048033113,0.13628044951021281,0.5984093952383019,0.16371955048978717,7.75,0.12903225806451613,0.75,0.5
0.775,0.175,0.05,0.95,2.0,1.5,1.55,1.1625,0.35,0.26249999999999996,0.1,0.07500000000000001,ok,`gtol` termination condition is satisfied.,True,True,True,5,2.9896015697216847e-14,5.551115123125783e-16,-2.220446049250313e-16,-2.220446049250313e-16,0.8471648900487773,0.9591097221270072,5.357602478326819e-09,-1.7314250654483783,0.0,0.0,1.0,-1.7314250654483783,0.8406379505248485,1.3585398972120635,0.9078622171941991,0.35034471600561196,0.7730823048033114,0.09125523423885046,0.6996552839943879,0.10874476576114955,7.75,0.12903225806451613,0.875,0.4285714285714286
0.775,0.2,0.025,0.9750000000000001,2.0,1.5,1.55,1.1625,0.4,0.30000000000000004,0.05,0.037500000000000006,ok,`gtol` termination condition is satisfied.,True,True,True,5,3.487868498008632e-14,4.388541835720876e-16,-4.440892098500626e-16,-2.220446049250313e-16,0.8428045921622364,0.9584024034968264,2.2310544700175333e-09,-1.8274169129850524,0.0,0.0,1.0,-1.8274169129850524,0.8420091176231986,1.3617600785996773,0.9061968064721412,0.3993286830571537,0.7730823048033115,0.0458636742130195,0.8006713169428465,0.05413632578698051,7.75,0.12903225806451613,1.0,0.37499999999999994
0.775,0.225,0.0,1.0,2.0,1.5,1.55,1.1625,0.45,0.3375,0.0,0.0,ok,`gtol` termination condition is satisfied.,True,True,True,5,1.5501637768927254e-14,7.021666937153402e-16,-2.220446049250313e-16,8.326672684688674e-16,0.8378383723760742,0.9574483388508636,1.836422775924979e-09,-1.9216037496292222,0.0,0.0,1.0,-1.9216037496292222,0.8438685948691903,1.366127308359124,0.9054596686063612,0.4487146516017367,nan,nan,0.9012853483982635,nan,7.75,0.12903225806451613,1.125,0.3333333333333333
0.8,0.0,0.2,0.8,2.0,1.5,1.6,1.2000000000000002,0.0,0.0,0.4,0.30000000000000004,ok,`gtol` termination condition is satisfied.,True,True,True,5,5.684341886080802e-14,7.991485278462367e-16,-2.220446049250313e-16,-5.551115123125783e-16,0.845092584027226,0.9506993204523587,1.3079507226898078e-08,-0.999999984395734,0.0,0.0,1.0,-0.999999984395734,0.8573325631344237,1.4428663947738858,nan,nan,0.7730823048033112,0.3659160283334851,nan,0.43408397166651497,8.0,0.125,0.0,nan
0.8,0.025,0.175,0.8250000000000001,2.0,1.5,1.6,1.2000000000000002,0.05,0.037500000000000006,0.35,0.26249999999999996,ok,`xtol` termination condition is satisfied.,True,True,True,5,1.4823441116536686e-13,8.95090418262362e-16,-2.220446049250313e-16,3.3306690738754696e-16,0.8470764528444314,0.9530259117117031,2.426026837167495e-10,-1.1083367530886918,0.0,0.0,1.0,-1.1083367530886918,0.8526319159430453,1.4314522288891929,0.9664171172518491,0.05481747198465422,0.7730823048033112,0.31942666541204356,0.0951825280153458,0.3805733345879564,8.0,0.125,0.125,2.9999999999999996
0.8,0.05,0.15,0.8500000000000001,2.0,1.5,1.6,1.2000000000000002,0.1,0.07500000000000001,0.3,0.22499999999999998,ok,`gtol` termination condition is satisfied.,True,True,True,5,5.684341886080802e-14,3.1401849173675503e-16,-4.440892098500626e-16,5.551115123125783e-16,0.8475941596897169,0.9546227950510168,2.4049472892950405e-09,-1.2141852512290063,0.0,0.0,1.0,-1.2141852512290063,0.8494409388350483,1.423709457999528,0.9535947291374758,0.10751478979251997,0.7730823048033113,0.27362705227451695,0.19248521020748008,0.32637294772548303,8.0,0.125,0.25,1.4999999999999998
0.8,0.075,0.125,0.875,2.0,1.5,1.6,1.2000000000000002,0.15,0.11249999999999999,0.25,0.1875,ok,`gtol` termination condition is satisfied.,True,True,True,5,5.684341886080802e-14,4.440892098500626e-16,-4.440892098500626e-16,-4.440892098500626e-16,0.8469419855936754,0.9556502727507449,1.9895224736398078e-10,-1.3176952746715127,0.0,0.0,1.0,-1.3176952746715127,0.8474035153204582,1.418767579702631,0.943697327767281,0.1588370177079599,0.7730823048033113,0.22819812866562783,0.2911629822920401,0.27180187133437217,8.0,0.125,0.375,1.0
0.8,0.1,0.1,0.9,2.0,1.5,1.6,1.2000000000000002,0.2,0.15000000000000002,0.2,0.15000000000000002,ok,`xtol` termination condition is satisfied.,True,True,True,5,5.684341886080802e-14,8.08254562088053e-16,-2.220446049250313e-16,1.6653345369377348e-16,0.8453138535742012,0.9562151723149996,1.0587787791649251e-08,-1.4190021892958782,0.0,0.0,1.0,-1.4190021892958782,0.8462887170426331,1.416064068498333,0.9360900133404643,0.2093017299021973,0.7730823048033115,0.18291012303525458,0.3906982700978028,0.21708987696474544,8.0,0.125,0.5,0.7499999999999999
0.8,0.125,0.075,0.925,2.0,1.5,1.6,1.2000000000000002,0.25,0.1875,0.15,0.11249999999999999,ok,`gtol` termination condition is satisfied.,True,True,True,5,5.684341886080802e-14,7.850462293418876e-16,0.0,4.440892098500626e-16,0.8428384050325433,0.9563905110525457,1.146704322467508e-08,-1.5182289272010199,0.0,0.0,1.0,-1.5182289272010199,0.8459434783737881,1.4152268866704567,0.9303305454023424,0.25928937011503317,0.7730823048033113,0.13758550278213674,0.49071062988496683,0.16241449721786325,8.0,0.125,0.625,0.6
0.8,0.15,0.05,0.9500000000000001,2.0,1.5,1.6,1.2000000000000002,0.3,0.22499999999999998,0.1,0.07500000000000001,ok,`gtol` termination condition is satisfied.,True,True,True,5,5.684341886080802e-14,7.021666937153402e-16,-2.220446049250313e-16,-1.6653345369377348e-16,0.8395996699294447,0.9562265634021949,4.857355276293984e-09,-1.6154877033171133,0.0,0.0,1.0,-1.6154877033171133,0.8462662769020798,1.4160096517563652,0.9261057728844129,0.30909582479432535,0.7730823048033114,0.09207749031967545,0.5909041752056745,0.10792250968032456,8.0,0.125,0.75,0.5
0.8,0.175,0.025,0.9750000000000001,2.0,1.5,1.6,1.2000000000000002,0.35,0.26249999999999996,0.05,0.037500000000000006,ok,`gtol` termination condition is satisfied.,True,True,True,5,9.965338565738948e-15,7.021666937153402e-16,-2.220446049250313e-16,-3.3306690738754696e-16,0.8356489674684587,0.9557573617247748,2.9265536056820226e-10,-1.7108819765300254,0.0,0.0,1.0,-1.7108819765300254,0.8471918866841284,1.4182543320916055,0.9231930700206461,0.3589653323216764,0.7730823048033114,0.04625640280184342,0.6910346676783234,0.053743597198156585,8.0,0.125,0.875,0.4285714285714286
0.8,0.2,0.0,1.0,2.0,1.5,1.6,1.2000000000000002,0.4,0.30000000000000004,0.0,0.0,ok,`gtol` termination condition is satisfied.,True,True,True,5,8.71967124502158e-15,1.4602703977091186e-15,-4.440892098500626e-16,-5.551115123125783e-16,0.8310116542449119,0.955004558361461,2.74507653413644e-10,-1.804508046476225,0.0,0.0,1.0,-1.804508046476225,0.8486824685693353,1.4218696003302072,0.9214363753261319,0.4091128073597327,nan,nan,0.7908871926402674,nan,8.0,0.125,1.0,0.37499999999999994
0.825,0.0,0.175,0.825,2.0,1.5,1.65,1.2374999999999998,0.0,0.0,0.35,0.26249999999999996,ok,`gtol` termination condition is satisfied.,True,True,True,5,8.455438783051229e-15,4.2276033262255756e-16,-4.440892098500626e-16,-1.1102230246251565e-16,0.8322557798253966,0.9465171030640406,2.1138597307369495e-09,-0.9999999953613846,0.0,0.0,1.0,-0.9999999953613846,0.865927635529955,1.5095137678962318,nan,nan,0.7730823048033111,0.32511496253943123,nan,0.3748850374605687,8.25,0.12121212121212123,0.0,nan
0.825,0.025,0.15,0.85,2.0,1.5,1.65,1.2374999999999998,0.05,0.037500000000000006,0.3,0.22499999999999998,ok,`xtol` termination condition is satisfied.,True,True,True,5,5.684341886080802e-14,6.329245045284193e-16,0.0,1.1102230246251565e-16,0.8346347719705307,0.9490573235364281,4.425740811293733e-09,-1.1051279440838504,0.0,0.0,1.0,-1.1051279440838504,0.8606854602526429,1.4963595709109463,0.9876352781152977,0.05659419974175586,0.7730823048033113,0.2778756639786656,0.09340580025824416,0.3221243360213344,8.25,0.12121212121212123,0.125,2.9999999999999996
0.825,0.05,0.125,0.875,2.0,1.5,1.65,1.2374999999999998,0.1,0.07500000000000001,0.25,0.1875,ok,`xtol` termination condition is satisfied.,True,True,True,5,1.0463605494025895e-13,4.965068306494546e-16,0.0,4.996003610813204e-16,0.8353807571639534,0.9507990189070387,8.957884702948139e-09,-1.2079310338354743,0.0,0.0,1.0,-1.2079310338354743,0.8571299114295962,1.4874482679678793,0.9735355887252857,0.11082063539338678,0.7730823048033112,0.23135627023175032,0.18917936460661328,0.2686437297682497,8.25,0.12121212121212123,0.25,1.4999999999999998
0.8250000000000001,0.07500000000000001,0.10000000000000002,0.9000000000000001,2.0,1.5,1.6499999999999997,1.2374999999999998,0.15,0.11249999999999999,0.19999999999999998,0.15,ok,`gtol` termination condition is satisfied.,True,True,True,5,2.325245665339088e-14,6.473657049138938e-16,-8.881784197001252e-16,-5.551115123125783e-16,0.8348313129846191,0.9519214480942163,3.598767587717772e-09,-1.3085480253479842,0.0,0.0,1.0,-1.3085480253479842,0.8548558953850325,1.4817527540840723,0.9626721640814566,0.1635205262546961,0.7730823048033113,0.1852068298778713,0.28647947374530386,0.21479317012212867,8.249999999999998,0.12121212121212124,0.375,1.0
0.8250000000000001,0.10000000000000002,0.07500000000000001,0.925,2.0,1.5,1.6500000000000001,1.2375,0.20000000000000004,0.15000000000000002,0.15000000000000002,0.11250000000000002,ok,`gtol` termination condition is satisfied.,True,True,True,5,3.487868498008631e-14,4.002966042486721e-16,2.220446049250313e-16,-5.551115123125783e-17,0.8332032356681712,0.9525421087796581,1.0013071965772823e-08,-1.407105369130341,0.0,0.0,1.0,-1.407105369130341,0.8536044302458228,1.4786194719622725,0.954343181236187,0.2152760197617962,0.7730823048033114,0.13917654271649937,0.38472398023820387,0.16082345728350067,8.25,0.12121212121212122,0.5000000000000001,0.7499999999999998
0.825,0.125,0.05,0.95,2.0,1.5,1.65,1.2374999999999998,0.25,0.1875,0.1,0.07500000000000001,ok,`gtol` termination condition is satisfied.,True,True,True,5,4.185442197610358e-14,6.280369834735101e-16,-2.220446049250313e-16,4.996003610813204e-16,0.8306372750450012,0.9527399949744487,1.1580271970228933e-09,-1.5037186902319046,0.0,0.0,1.0,-1.5037186902319046,0.8532063309151591,1.4776229122697504,0.9480638549136534,0.2665155401919231,0.7730823048033114,0.09307098634135201,0.4834844598080769,0.106929013658648,8.25,0.12121212121212123,0.625,0.6
0.825,0.15,0.025,0.975,2.0,1.5,1.65,1.2374999999999998,0.3,0.22499999999999998,0.05,0.037500000000000006,ok,`gtol` termination condition is satisfied.,True,True,True,5,1.162622832669544e-14,5.978733960281817e-16,-4.440892098500626e-16,0.0,0.8272223532033158,0.9525683456751248,2.0010008401069756e-09,-1.5984946096903274,0.0,0.0,1.0,-1.5984946096903274,0.8535516226007135,1.478487274624913,0.9434943861436123,0.3175745146141348,0.7730823048033114,0.046727600010423205,0.5824254853858651,0.0532723999895768,8.25,0.12121212121212123,0.75,0.5
0.825,0.175,0.0,1.0,2.0,1.5,1.65,1.2374999999999998,0.35,0.26249999999999996,0.0,0.0,ok,`gtol` termination condition is satisfied.,True,True,True,5,2.9896015697216847e-14,7.771561172376096e-16,2.220446049250313e-16,6.661338147750939e-16,0.8230090114661478,0.9520619231701474,3.4538421568121847e-09,-1.6915323533440154,0.0,0.0,1.0,-1.6915323533440154,0.8545722733295539,1.4810425841825925,0.9403970446769393,0.3687334869065745,nan,nan,0.6812665130934253,nan,8.25,0.12121212121212123,0.875,0.4285714285714286
0.85,0.0,0.15,0.85,2.0,1.5,1.7,1.275,0.0,0.0,0.3,0.22499999999999998,ok,`gtol` termination condition is satisfied.,True,True,True,5,4.103374703539567e-15,6.661338147750939e-16,-4.440892098500626e-16,-3.3306690738754696e-16,0.8179686492628532,0.9418310145388261,4.103374530880488e-09,-1.0000000015786155,0.0,0.0,1.0,-1.0000000015786155,0.8757630054656832,1.580747593049546,nan,nan,0.7730823048033113,0.28353738453179356,nan,0.3164626154682064,8.5,0.11764705882352942,0.0,nan
0.85,0.025,0.125,0.875,2.0,1.5,1.7,1.275,0.05,0.037500000000000006,0.25,0.1875,ok,`xtol` termination condition is satisfied.,True,False,True,5,3.487868498008632e-14,1.0934428697813141e-15,0.0,-6.106226635438361e-16,0.8208567710484007,0.944637879591893,4.596363448980857e-09,-1.1021099936457548,0.0,0.0,1.0,-1.1021099936457548,0.869846993114675,1.5654039714496732,1.0114768256443252,0.05862706151695866,0.7730823048033113,0.2354498166031841,0.09137293848304137,0.2645501833968159,8.5,0.11764705882352942,0.125,2.9999999999999996
0.85,0.05,0.1,0.9,2.0,1.5,1.7,1.275,0.1,0.07500000000000001,0.2,0.15000000000000002,ok,`gtol` termination condition is satisfied.,True,True,True,5,3.487868498008632e-14,4.002966042486721e-16,0.0,5.551115123125783e-16,0.821891172850305,0.9465546835529074,3.122890992916416e-10,-1.2020458245230448,0.0,0.0,1.0,-1.2020458245230448,0.8658496080269145,1.5550547255450569,0.995919927996963,0.11459208551587477,0.7730823048033114,0.18812279054470796,0.18540791448412527,0.21187720945529206,8.5,0.11764705882352942,0.25,1.4999999999999998
0.8500000000000001,0.07500000000000001,0.07500000000000001,0.925,2.0,1.5,1.7000000000000002,1.2750000000000001,0.15000000000000002,0.11250000000000002,0.15000000000000002,0.11250000000000002,ok,`gtol` termination condition is satisfied.,True,True,True,5,2.3252456653390877e-14,7.021666937153402e-16,0.0,3.3306690738754696e-16,0.8214677475245267,0.9477874296635648,2.7591224521844655e-09,-1.2999365507657725,0.0,0.0,1.0,-1.2999365507657725,0.8632979020331844,1.5484552627769799,0.98397915230333,0.16885785922464905,0.7730823048033114,0.14116481878922996,0.28114214077535105,0.1588351812107701,8.5,0.11764705882352941,0.37500000000000006,0.9999999999999998
0.85,0.1,0.05,0.95,2.0,1.5,1.7,1.275,0.2,0.15000000000000002,0.1,0.07500000000000001,ok,`gtol` termination condition is satisfied.,True,True,True,5,3.487868498008632e-14,7.021666937153402e-16,-6.661338147750939e-16,1.1102230246251565e-16,0.819834175753875,0.9484680687734297,5.782004183418872e-09,-1.3959009387662769,0.0,0.0,1.0,-1.3959009387662769,0.8618956153832108,1.5448306531249931,0.9748684350214627,0.2220867049011921,0.7730823048033114,0.09429739911640388,0.377913295098808,0.10570260088359613,8.5,0.11764705882352942,0.5,0.7499999999999999
0.85,0.125,0.025,0.975,2.0,1.5,1.7,1.275,0.25,0.1875,0.05,0.037500000000000006,ok,`gtol` termination condition is satisfied.,True,True,True,5,6.975736996017264e-14,7.776515945702112e-16,0.0,0.0,0.8171464939121257,0.9486832805132414,4.870549151895534e-10,-1.4900487318848743,0.0,0.0,1.0,-1.4900487318848743,0.8614532165005959,1.543687443567814,0.9680519468681904,0.27476672539592645,0.7730823048033114,0.04730377665222212,0.47523327460407355,0.05269622334777788,8.5,0.11764705882352942,0.625,0.6
0.85,0.15,0.0,1.0,2.0,1.5,1.7,1.275,0.3,0.22499999999999998,0.0,0.0,ok,`gtol` termination condition is satisfied.,True,True,True,5,8.206749407079134e-15,4.965068306494546e-16,0.0,0.0,0.8134984708359311,0.9484896725257993,9.075178707129858e-09,-1.5824822332043333,0.0,0.0,1.0,-1.5824822332043333,0.8618511841338838,1.544715831355296,0.9631602262260429,0.3272836595059284,nan,nan,0.5727163404940715,nan,8.5,0.11764705882352942,0.75,0.5
0.875,0.0,0.125,0.875,2.0,1.5,1.75,1.3125,0.0,0.0,0.25,0.1875,ok,`gtol` termination condition is satisfied.,True,True,True,5,3.986135426295579e-15,2.2887833992611187e-16,-2.220446049250313e-16,-6.661338147750939e-16,0.8017442428139802,0.9364575736643173,1.9930675122379507e-09,-0.9999999994683098,0.0,0.0,1.0,-0.9999999994683098,0.8872802094507265,1.6581000679646027,nan,nan,0.7730823048033113,0.24106263054971544,nan,0.25893736945028456,8.75,0.1142857142857143,0.0,nan
0.875,0.025,0.1,0.9,2.0,1.5,1.75,1.3125,0.05,0.037500000000000006,0.2,0.15000000000000002,ok,`gtol` termination condition is satisfied.,True,False,True,5,1.2207539743030213e-13,6.661338147750939e-16,6.661338147750939e-16,6.661338147750939e-16,0.8053240524548011,0.9396143377302827,2.2392050900668059e-10,-1.0992683814791702,0.0,0.0,1.0,-1.0992683814791702,0.8804848294880357,1.6398732860187204,1.0386655911190756,0.06099710363402144,0.7730823048033116,0.1919928511874916,0.08900289636597858,0.20800714881250842,8.75,0.1142857142857143,0.125,2.9999999999999996
0.875,0.05,0.075,0.925,2.0,1.5,1.75,1.3125,0.1,0.07500000000000001,0.15,0.11249999999999999,ok,`gtol` termination condition is satisfied.,True,False,True,5,5.2318027470129476e-14,1.0532500405730103e-15,-4.440892098500626e-16,-5.551115123125783e-16,0.806740614152259,0.9417521920308866,4.371710666399619e-09,-1.196502560829533,0.0,0.0,1.0,-1.196502560829533,0.8759301721712441,1.6276870011781226,1.0214001943109452,0.11897082914911684,0.7730823048033113,0.14374179716035806,0.18102917085088321,0.15625820283964192,8.75,0.1142857142857143,0.25,1.4999999999999998
0.875,0.075,0.05,0.95,2.0,1.5,1.75,1.3125,0.15,0.11249999999999999,0.1,0.07500000000000001,ok,`gtol` termination condition is satisfied.,True,False,True,5,1.743934249004316e-14,4.965068306494546e-16,-2.220446049250313e-16,1.1102230246251565e-16,0.8064785673730527,0.9431176167494499,2.7932838383421434e-09,-1.2918231014741042,0.0,0.0,1.0,-1.2918231014741042,0.8730422656316208,1.6199718229430768,1.008236452866493,0.1750451205213631,0.7730823048033114,0.09585900184818016,0.27495487947863684,0.10414099815181985,8.75,0.1142857142857143,0.375,1.0
0.875,0.1,0.025,0.975,2.0,1.5,1.75,1.3125,0.2,0.15000000000000002,0.05,0.037500000000000006,ok,`gtol` termination condition is satisfied.,True,True,True,5,5.2318027470129476e-14,3.510833468576701e-16,-2.220446049250313e-16,-6.661338147750939e-16,0.8048299064762751,0.943863283059828,3.263449430750281e-09,-1.3853424750196537,0.0,0.0,1.0,-1.3853424750196537,0.8714723401639247,1.6157812499527004,0.998275987072992,0.22998603541445078,0.7730823048033114,0.04802768253158226,0.3700139645855493,0.051972317468417746,8.75,0.1142857142857143,0.5,0.7499999999999999
0.875,0.125,0.0,1.0,2.0,1.5,1.75,1.3125,0.25,0.1875,0.0,0.0,ok,`gtol` termination condition is satisfied.,True,True,True,5,8.370884395220716e-14,9.155133597044475e-16,-4.440892098500626e-16,-1.1102230246251565e-16,0.8019706290457181,0.9440861203621387,1.1156837834135309e-09,-1.4771660859285554,0.0,0.0,1.0,-1.4771660859285554,0.8710041802304017,1.6145320670729897,0.9909194270581673,0.28435927830462177,nan,nan,0.46564072169537823,nan,8.75,0.1142857142857143,0.625,0.6
0.9,0.0,0.1,0.9,2.0,1.5,1.8,1.35,0.0,0.0,0.2,0.15000000000000002,ok,`gtol` termination condition is satisfied.,True,True,True,5,3.8754094422318134e-15,8.473409486550036e-16,0.0,6.661338147750939e-16,0.7827370475932229,0.930074578760404,3.875406860665847e-09,-1.0000000013506507,0.0,0.0,1.0,-1.0000000013506507,0.901251979724114,1.7442187976640884,nan,nan,0.7730823048033114,0.19753308143019468,nan,0.20246691856980534,9.0,0.11111111111111112,0.0,nan
0.9,0.025,0.075,0.925,2.0,1.5,1.8,1.35,0.05,0.037500000000000006,0.15,0.11249999999999999,ok,`gtol` termination condition is satisfied.,True,False,True,5,2.6159013735064738e-14,5.389157964038493e-16,0.0,-2.220446049250313e-16,0.787336752254949,0.9337276005644388,6.385583650793539e-09,-1.096591404185651,0.0,0.0,1.0,-1.096591404185651,0.8932198426902587,1.7219108826498783,1.0703943125883246,0.06384007752321669,0.7730823048033112,0.14728430419179353,0.08615992247678333,0.15271569580820646,9.0,0.11111111111111112,0.125,2.9999999999999996
0.9,0.05,0.05,0.9500000000000001,2.0,1.5,1.8,1.35,0.1,0.07500000000000001,0.1,0.07500000000000001,ok,`xtol` termination condition is satisfied.,True,False,True,5,1.3951473992034528e-13,8.881784197001252e-16,0.0,2.220446049250313e-16,0.7892974773912024,0.9361633333643924,2.4837630747019377e-09,-1.1912799606085633,0.0,0.0,1.0,-1.1912799606085633,0.8879176636027728,1.707236053286961,1.051031823700737,0.12418959098709904,0.7730823048033115,0.09794561961081069,0.17581040901290101,0.10205438038918932,9.0,0.11111111111111112,0.25,1.4999999999999998
0.9,0.075,0.025,0.975,2.0,1.5,1.8,1.35,0.15,0.11249999999999999,0.05,0.037500000000000006,ok,`gtol` termination condition is satisfied.,True,False,True,5,1.3370162575699757e-13,9.155133597044475e-16,0.0,2.220446049250313e-16,0.7892559252283545,0.9376968408478673,4.011182196134982e-09,-1.2841789234358187,0.0,0.0,1.0,-1.2841789234358187,0.8846028894124905,1.698081012518647,1.0364380023334079,0.18240216482551627,0.7730823048033114,0.04897538808971478,0.26759783517448366,0.05102461191028523,9.0,0.11111111111111112,0.375,1.0
0.9,0.1,0.0,1.0,2.0,1.5,1.8,1.35,0.2,0.15000000000000002,0.0,0.0,ok,`gtol` termination condition is satisfied.,True,False,True,5,6.103769871515106e-14,6.280369834735101e-16,-6.661338147750939e-16,-5.551115123125783e-16,0.787573982621968,0.9385132757694872,6.7377121148853316e-09,-1.375396264181734,0.0,0.0,1.0,-1.375396264181734,0.8828457935203489,1.6932338298930365,1.0255506114538429,0.23938661690165697,nan,nan,0.3606133830983431,nan,9.0,0.11111111111111112,0.5,0.7499999999999999
0.925,0.0,0.075,0.925,2.0,1.5,1.85,1.3875000000000002,0.0,0.0,0.15,0.11249999999999999,ok,`gtol` termination condition is satisfied.,True,True,True,5,3.770668646495818e-15,6.661338147750939e-16,0.0,-7.771561172376096e-16,0.7592082561972766,0.9220112822461051,5.656004388693433e-09,-0.9999999918192395,0.0,0.0,1.0,-0.9999999918192395,0.9192805432941419,1.8445208186077453,nan,nan,0.7730823048033113,0.152741154714688,nan,0.147258845285312,9.25,0.10810810810810811,0.0,nan
0.925,0.025,0.05,0.9500000000000001,2.0,1.5,1.85,1.3875000000000002,0.05,0.037500000000000006,0.1,0.07500000000000001,ok,`xtol` termination condition is satisfied.,True,False,True,5,2.2671145237056108e-13,4.965068306494546e-16,0.0,3.3306690738754696e-16,0.7655452408004518,0.9264722353766608,4.153072240839546e-09,-1.0940717122625925,0.0,0.0,1.0,-1.0940717122625925,0.9092589682519047,1.8156281721514813,1.1089297543482686,0.06741832827560318,0.7730823048033114,0.10098453541360651,0.08258167172439684,0.0990154645863935,9.25,0.10810810810810811,0.125,2.9999999999999996
0.925,0.05,0.025,0.9750000000000001,2.0,1.5,1.85,1.3875000000000002,0.1,0.07500000000000001,0.05,0.037500000000000006,ok,`xtol` termination condition is satisfied.,True,False,True,5,3.487868498008632e-14,4.965068306494546e-16,2.220446049250313e-16,-1.1102230246251565e-16,0.7683812688610013,0.9293568204531284,2.9141406707012245e-09,-1.1863659369357367,0.0,0.0,1.0,-1.1863659369357367,0.9028407942031376,1.797216561515559,1.086760012642632,0.13068396282751868,0.7730823048033115,0.0503059051627637,0.16931603717248137,0.0496940948372363,9.25,0.10810810810810811,0.25,1.4999999999999998
0.925,0.075,0.0,1.0,2.0,1.5,1.85,1.3875000000000002,0.15,0.11249999999999999,0.0,0.0,ok,`gtol` termination condition is satisfied.,True,False,True,5,9.300982661356352e-14,5.551115123125783e-16,-4.440892098500626e-16,-3.3306690738754696e-16,0.7686756286468585,0.9311228259276199,3.571809494958048e-10,-1.2769903146797414,0.0,0.0,1.0,-1.2769903146797414,0.8989377273313235,1.786053084786285,1.0703973735022565,0.19152106825591625,nan,nan,0.2584789317440837,nan,9.25,0.10810810810810811,0.375,1.0
0.95,0.0,0.05,0.95,2.0,1.5,1.9,1.4249999999999998,0.0,0.0,0.1,0.07500000000000001,ok,`gtol` termination condition is satisfied.,True,True,True,5,3.6714405242196125e-15,3.1401849173675503e-16,-2.220446049250313e-16,-3.3306690738754696e-16,0.7260809677049707,0.9102819001955021,3.6714398439172085e-09,-0.9999999938038019,0.0,0.0,1.0,-0.9999999938038019,0.9460857148218128,1.974732066819498,nan,nan,0.7730823048033114,0.1064732914356514,nan,0.09352670856434861,9.5,0.10526315789473685,0.0,nan
0.95,0.025,0.025,0.975,2.0,1.5,1.9,1.4249999999999998,0.05,0.037500000000000006,0.05,0.037500000000000006,ok,`xtol` termination condition is satisfied.,True,False,True,5,1.8311309614545316e-13,9.155133597044475e-16,-2.220446049250313e-16,2.220446049250313e-16,0.7365489985912915,0.9165583980684547,1.611229451715566e-09,-1.0917137575614957,0.0,0.0,1.0,-1.0917137575614957,0.9316691780391912,1.9313242254993284,1.1598991557885998,0.07239483720254702,0.7730823048033115,0.052480032304835986,0.077605162797453,0.04751996769516402,9.5,0.10526315789473685,0.125,2.9999999999999996
0.95,0.05,0.0,1.0,2.0,1.5,1.9,1.4249999999999998,0.1,0.07500000000000001,0.0,0.0,ok,`gtol` termination condition is satisfied.,True,False,True,5,5.2318027470129476e-14,1.1957467920563633e-15,-6.661338147750939e-16,-8.881784197001252e-16,0.741203809440863,0.9203015573446455,1.1402513516550096e-09,-1.1817736989788772,0.0,0.0,1.0,-1.1817736989788772,0.9231496170844679,1.905879935182633,1.1331153614973033,0.139485029862935,nan,nan,0.16051497013706503,nan,9.5,0.10526315789473685,0.25,1.4999999999999998
0.975,0.0,0.025,0.975,2.0,1.5,,,,,,,solve_exception,"Algebraic network solve failed: The iteration is not making good progress, as measured by the 
 improvement from the last five Jacobian evaluations.; residual_inf=5.504e-03",False,False,False,,,,,,,,,,,,,,,,,,,,,,,,,
0.975,0.025,0.0,1.0,2.0,1.5,1.95,1.4625,0.05,0.037500000000000006,0.0,0.0,ok,`xtol` termination condition is satisfied.,True,False,True,5,1.4823441116536686e-13,8.763908156876301e-16,-4.440892098500626e-16,-3.3306690738754696e-16,0.6778874274685519,0.8953137607042492,2.741286620560393e-09,-1.089749111745483,0.0,0.0,1.0,-1.089749111745483,0.9809334922460716,2.1364804092536507,1.2597708097869649,0.08317029859888721,nan,nan,0.06682970140111281,nan,9.75,0.10256410256410257,0.125,2.9999999999999996
1.0,0.0,0.0,1.0,2.0,1.5,,,,,,,solve_exception,"Algebraic network solve failed: The iteration is not making good progress, as measured by the 
 improvement from the last five Jacobian evaluations.; residual_inf=2.733e-02",False,False,False,,,,,,,,,,,,,,,,,,,,,,,,,
